time_s,laser,input_power_W,deposited_power_W,absorptivity
1.20000048e-08,laser0,1062.5,272.7981867,0.2567512346
2.640001747e-08,laser0,1062.5,272.7981867,0.2567512346
4.368002273e-08,laser0,1062.5,272.7981867,0.2567512346
6.441602186e-08,laser0,1062.5,272.7981867,0.2567512346
8.929922083e-08,laser0,1062.5,272.7981867,0.2567512346
1.191590596e-07,laser0,1062.5,272.7981867,0.2567512346
1.549909089e-07,laser0,1062.5,272.7981867,0.2567512346
1.979891589e-07,laser0,1062.5,272.7981867,0.2567512346
2.495869257e-07,laser0,1062.5,272.7981867,0.2567512346
3.115041182e-07,laser0,1062.5,272.7981867,0.2567512346
3.858048411e-07,laser0,1062.5,272.7981867,0.2567512346
4.749653111e-07,laser0,1062.5,272.7981867,0.2567512346
5.819578752e-07,laser0,1062.5,272.7981867,0.2567512346
7.103481278e-07,laser0,1062.5,272.7981867,0.2567512346
8.644156396e-07,laser0,1062.5,272.7981867,0.2567512346
1.049297223e-06,laser0,1062.5,272.7981867,0.2567512346
1.271155945e-06,laser0,1062.5,272.7981867,0.2567512346
1.537384047e-06,laser0,1062.5,272.7981867,0.2567512346
1.856854367e-06,laser0,1062.5,272.7981867,0.2567512346
2.240218752e-06,laser0,1062.5,272.851023,0.2568009628
2.700266597e-06,laser0,1062.5,272.851023,0.2568009628
3.252329093e-06,laser0,1062.5,272.851023,0.2568009628
3.914804088e-06,laser0,1062.5,272.851023,0.2568009628
4.709784619e-06,laser0,1062.5,272.851023,0.2568009628
5.663715733e-06,laser0,1062.5,272.851023,0.2568009628
6.808411219e-06,laser0,1062.5,272.851023,0.2568009628
8.182045801e-06,laser0,1062.5,272.8510223,0.2568009622
9.830316661e-06,laser0,1062.5,272.8510105,0.256800951
1.180817643e-05,laser0,1062.5,272.8508559,0.2568008056
1.418179616e-05,laser0,1062.5,272.950073,0.2568941864
1.703000443e-05,laser0,1062.5,272.9420195,0.2568866066
2.044765934e-05,laser0,1062.5,272.8964351,0.2568437036
2.454940712e-05,laser0,1062.5,272.7182993,0.2566760464
2.947069503e-05,laser0,1062.5,272.1932319,0.2561818653
3.53774067e-05,laser0,1062.5,270.9752027,0.2550354849
4.24646205e-05,laser0,1062.5,268.671617,0.2528674042
5.096806659e-05,laser0,1062.5,265.0027661,0.2494143681
6.117220191e-05,laser0,1062.5,259.964672,0.2446726324
7.341213762e-05,laser0,1062.5,253.8564856,0.2389237512
8.809643919e-05,laser0,1062.5,247.2320994,0.2326890347
0.0001057019517,laser0,1062.5,240.5465689,0.2263967707
0.0001268436142,laser0,1062.5,234.3462046,0.2205611338
0.000152224479,laser0,1062.5,228.9006608,0.2154359161
0.0001827129481,laser0,1062.5,224.4036663,0.2112034507
0.0002193446162,laser0,1062.5,220.8407347,0.2078501032
0.0002632040574,laser0,1062.5,218.2785663,0.2054386506
0.0003158353868,laser0,1062.5,216.5473528,0.2038092732
0.0003791305803,laser0,1062.5,215.5548531,0.2028751558
0.0004548854577,laser0,1062.5,215.1846241,0.2025267051
0.0005457913104,laser0,1062.5,215.2776662,0.2026142741
0.0006453092966,laser0,1062.5,216.7421684,0.2039926291
0.0007448272829,laser0,1062.5,211.539171,0.1990956904
0.0008443452691,laser0,1062.5,209.3078821,0.1969956538
0.0009438632553,laser0,1062.5,207.9797414,0.195745639
0.001043381241,laser0,1062.5,205.9282234,0.1938147985
0.001142899228,laser0,1062.5,204.4552881,0.1924285064
0.001242417214,laser0,1062.5,203.1498832,0.19119989
0.0013419352,laser0,1062.5,202.1020537,0.1902136976
0.001441453186,laser0,1062.5,200.2770198,0.1884960186
0.001540971173,laser0,1062.5,199.5963995,0.1878554348
0.001640489159,laser0,1062.5,199.6568435,0.1879123233
0.001733372612,laser0,1062.5,198.6363421,0.1869518514
0.001820389743,laser0,1062.5,198.8303557,0.1871344524
0.001903012069,laser0,1062.5,199.1065453,0.1873943956
0.001982394303,laser0,1062.5,199.3680345,0.1876405031
0.002059486666,laser0,1062.5,199.6038255,0.187862424
0.002135110602,laser0,1062.5,199.86136,0.1881048094
0.002209307672,laser0,1062.5,200.1669047,0.1883923809
0.002280132148,laser0,1062.5,200.4426834,0.1886519373
0.002347850287,laser0,1062.5,200.707392,0.1889010748
0.002412699013,laser0,1062.5,200.9328319,0.1891132535
0.00247540398,laser0,1062.5,201.0752274,0.1892472728
0.002535600748,laser0,1062.5,201.2822715,0.1894421379
0.002593916367,laser0,1062.5,201.5258538,0.1896713918
0.002650451357,laser0,1062.5,201.6983697,0.1898337598
0.002704892458,laser0,1062.5,201.9340829,0.1900556074
0.002757375246,laser0,1062.5,202.129346,0.1902393844
0.002808379646,laser0,1062.5,202.3475038,0.1904447095
0.002856323781,laser0,1062.5,202.5786361,0.1906622457
0.002899618789,laser0,1062.5,202.7712631,0.1908435417
0.002940425577,laser0,1062.5,203.0152812,0.1910732058
0.00297879283,laser0,1062.5,203.2118699,0.1912582305
0.003015746552,laser0,1062.5,203.4106698,0.1914453363
0.003051563236,laser0,1062.5,203.5972225,0.1916209153
0.003086834489,laser0,1062.5,203.7515461,0.191766161
0.003121749466,laser0,1062.5,203.9702326,0.1919719836
0.003156313539,laser0,1062.5,204.146838,0.1921382005
0.003190703923,laser0,1062.5,204.3360604,0.1923162922
0.003225094307,laser0,1062.5,204.55513,0.1925224753
0.003259311003,laser0,1062.5,204.7160202,0.1926739013
0.003293527698,laser0,1062.5,204.9212911,0.1928670975
0.003327570705,laser0,1062.5,205.110049,0.193044752
0.003361613711,laser0,1062.5,205.2794311,0.1932041705
0.003395483029,laser0,1062.5,205.5117268,0.1934228017
0.003429352347,laser0,1062.5,205.6966482,0.1935968454
0.003463047976,laser0,1062.5,205.9120829,0.1937996074
0.003496743605,laser0,1062.5,206.0736034,0.1939516267
0.003530439234,laser0,1062.5,206.2341921,0.194102769
0.003564134863,laser0,1062.5,206.413993,0.1942719934
0.003596804229,laser0,1062.5,206.6144894,0.1944606959
0.003626725705,laser0,1062.5,206.8088037,0.1946435799
0.003655177822,laser0,1062.5,206.9927421,0.1948166984
0.003682764006,laser0,1062.5,207.1466653,0.1949615673
0.003709876606,laser0,1062.5,207.2903694,0.1950968182
0.003736757476,laser0,1062.5,207.4448481,0.19524221
0.003763523469,laser0,1062.5,207.6186035,0.1954057444
0.003790289463,laser0,1062.5,207.7572187,0.1955362059
0.003817171327,laser0,1062.5,207.9257729,0.1956948451
0.003844288996,laser0,1062.5,208.0649361,0.1958258222
0.003871647712,laser0,1062.5,208.2416297,0.1959921221
0.003899129112,laser0,1062.5,208.3401565,0.1960848532
0.003926860344,laser0,1062.5,208.5112381,0.1962458712
0.003954718782,laser0,1062.5,208.6332067,0.1963606651
0.003982577221,laser0,1062.5,208.7948472,0.1965127973
0.00401043566,laser0,1062.5,208.9696864,0.1966773519
0.004038294099,laser0,1062.5,209.1059449,0.1968055952
0.004066283328,laser0,1062.5,209.2426934,0.1969342997
0.004094272558,laser0,1062.5,209.3793855,0.197062951
0.00412239507,laser0,1062.5,209.5149835,0.1971905727
0.004150652786,laser0,1062.5,209.6688639,0.1973354013
0.004178910502,laser0,1062.5,209.8078382,0.1974662006
0.00420730606,laser0,1062.5,210.0319976,0.1976771742
0.004235841498,laser0,1062.5,210.1543921,0.197792369
0.00426525047,laser0,1062.5,210.2809414,0.1979114743
0.004295754457,laser0,1062.5,210.4670354,0.1980866215
0.00432780078,laser0,1062.5,210.6740743,0.1982814817
0.004361970655,laser0,1062.5,210.82628,0.1984247341
0.004397208339,laser0,1062.5,210.9917703,0.1985804897
0.004433355382,laser0,1062.5,211.164842,0.1987433807
0.004470715413,laser0,1062.5,211.412132,0.1989761242
0.004509113222,laser0,1062.5,211.5985407,0.1991515677
0.004548333842,laser0,1062.5,211.8183101,0.1993584095
0.004588419623,laser0,1062.5,212.0131927,0.1995418285
0.004627633973,laser0,1062.5,212.2120019,0.199728943
0.004666008016,laser0,1062.5,212.4276488,0.1999319047
0.004703308659,laser0,1062.5,212.5604829,0.2000569251
0.004740091238,laser0,1062.5,212.8308873,0.2003114234
0.004776366471,laser0,1062.5,213.0070617,0.2004772346
0.00481239153,laser0,1062.5,213.1829207,0.2006427489
0.004848416589,laser0,1062.5,213.3529493,0.2008027758
0.004884191474,laser0,1062.5,213.5581772,0.2009959314
0.004919717922,laser0,1062.5,213.7523662,0.2011786976
0.004954997658,laser0,1062.5,213.9892067,0.2014016063
0.004990032397,laser0,1062.5,214.1473769,0.2015504724
0.005025067135,laser0,1062.5,214.2605618,0.2016569994
0.005059856876,laser0,1062.5,214.4066553,0.2017944991
0.005094893352,laser0,1062.5,214.5889173,0.2019660399
0.005129929828,laser0,1062.5,214.777933,0.202143937
0.005165220191,laser0,1062.5,214.9857544,0.2023395335
0.005200510555,laser0,1062.5,215.1411702,0.2024858072
0.005236062328,laser0,1062.5,215.3145695,0.2026490066
0.005271881409,laser0,1062.5,215.5205621,0.202842882
0.005307973917,laser0,1062.5,215.6641525,0.2029780259
0.005344066425,laser0,1062.5,215.7503509,0.2030591538
0.005380440906,laser0,1062.5,215.9611092,0.2032575145
0.005416815387,laser0,1062.5,216.0815345,0.203370856
0.005453189869,laser0,1062.5,216.2192003,0.2035004238
0.005489857692,laser0,1062.5,216.3764073,0.2036483834
0.005526525516,laser0,1062.5,216.4275949,0.2036965599
0.005563193339,laser0,1062.5,216.5158074,0.2037795834
0.005599861163,laser0,1062.5,216.6412642,0.2038976604
0.005636528987,laser0,1062.5,216.7310958,0.2039822078
0.005673507555,laser0,1062.5,216.8708566,0.2041137473
0.005710486123,laser0,1062.5,216.9700823,0.2042071363
0.00574746469,laser0,1062.5,217.0645858,0.2042960807
0.005784443258,laser0,1062.5,217.183943,0.2044084169
0.005821421826,laser0,1062.5,217.3334462,0.2045491259
0.005858400394,laser0,1062.5,217.4122515,0.2046232955
0.005895378962,laser0,1062.5,217.5598658,0.2047622266
0.00593235753,laser0,1062.5,217.6962388,0.2048905777
0.005969336098,laser0,1062.5,217.8445393,0.2050301547
0.00600665706,laser0,1062.5,217.9871157,0.2051643442
0.006043978022,laser0,1062.5,218.1214839,0.2052908084
0.006081298984,laser0,1062.5,218.2675352,0.2054282684
0.006118619946,laser0,1062.5,218.3916787,0.2055451094
0.006155940908,laser0,1062.5,218.5961323,0.2057375363
0.00619326187,laser0,1062.5,218.7889384,0.2059190008
0.006230582832,laser0,1062.5,218.8928791,0.2060168274
0.006267903794,laser0,1062.5,219.0230055,0.2061392993
0.006305224756,laser0,1062.5,219.105816,0.2062172386
0.006342545718,laser0,1062.5,219.216518,0.2063214287
0.006379866681,laser0,1062.5,219.3698587,0.2064657493
0.006417187643,laser0,1062.5,219.4891076,0.2065779836
0.006454901457,laser0,1062.5,219.6275247,0.2067082585
0.006493020796,laser0,1062.5,219.7581625,0.2068312118
0.006531140135,laser0,1062.5,219.9349855,0.2069976334
0.006569259474,laser0,1062.5,220.0751476,0.2071295507
0.006607378814,laser0,1062.5,220.2311738,0.2072763989
0.006645931327,laser0,1062.5,220.3986874,0.2074340588
0.006684483841,laser0,1062.5,220.5821143,0.2076066958
0.006723489913,laser0,1062.5,220.7369837,0.2077524552
0.006762965938,laser0,1062.5,220.9277232,0.2079319748
0.006802441963,laser0,1062.5,221.0894639,0.2080842013
0.006840966759,laser0,1062.5,221.3689862,0.2083472811
0.006879491555,laser0,1062.5,221.5272331,0.2084962194
0.00691801635,laser0,1062.5,221.6870206,0.2086466076
0.006956541146,laser0,1062.5,221.8463018,0.2087965193
0.006995559849,laser0,1062.5,221.9558079,0.2088995839
0.007034578552,laser0,1062.5,222.1538578,0.2090859838
0.007073090519,laser0,1062.5,222.3109789,0.2092338625
0.007111602486,laser0,1062.5,222.5116069,0.2094226889
0.007150114453,laser0,1062.5,222.6808496,0.2095819761
0.007189153981,laser0,1062.5,222.7621937,0.2096585353
0.007228193509,laser0,1062.5,222.9631419,0.209847663
0.007267233037,laser0,1062.5,223.089351,0.209966448
0.007306272565,laser0,1062.5,223.2550757,0.2101224242
0.007345312093,laser0,1062.5,223.4309629,0.2102879651
0.007384934301,laser0,1062.5,223.6107932,0.2104572171
0.007424556508,laser0,1062.5,223.7474052,0.2105857931
0.007464797813,laser0,1062.5,223.937416,0.2107646268
0.007505688171,laser0,1062.5,224.0855735,0.2109040692
0.007546578528,laser0,1062.5,224.2385584,0.211048055
0.007588161943,laser0,1062.5,224.4219406,0.21122065
0.007630474892,laser0,1062.5,224.6166373,0.211403894
0.007673557166,laser0,1062.5,224.8174704,0.2115929133
0.007716639441,laser0,1062.5,224.9893265,0.2117546603
0.007760550221,laser0,1062.5,225.1786102,0.2119328096
0.007804461001,laser0,1062.5,225.3766167,0.2121191686
0.007849267919,laser0,1062.5,225.6310768,0.2123586605
0.007894074838,laser0,1062.5,225.8127566,0.2125296533
0.007939855819,laser0,1062.5,226.0421276,0.2127455318
0.007985636801,laser0,1062.5,226.2734892,0.2129632839
0.008032482457,laser0,1062.5,226.5067794,0.2131828512
0.008079328113,laser0,1062.5,226.7403327,0.2134026661
0.00812734491,laser0,1062.5,226.9508473,0.2136007974
0.008175361707,laser0,1062.5,227.1768853,0.2138135391
0.008224676256,laser0,1062.5,227.4676588,0.2140872083
0.008273990804,laser0,1062.5,227.7009931,0.214306817
0.008323305353,laser0,1062.5,227.9490241,0.214540258
0.008374114281,laser0,1062.5,228.226475,0.2148013883
0.00842492321,laser0,1062.5,228.3285707,0.2148974783
0.00847742577,laser0,1062.5,228.5625085,0.2151176551
0.008529928329,laser0,1062.5,228.8055187,0.2153463705
0.008582430889,laser0,1062.5,229.0235301,0.2155515578
0.008636952778,laser0,1062.5,229.2554751,0.2157698589
0.008691474667,laser0,1062.5,229.5070263,0.216006613
0.008745996556,laser0,1062.5,229.729253,0.2162157675
0.008800518445,laser0,1062.5,230.0275375,0.2164965059
0.008852669816,laser0,1062.5,230.374878,0.2168234146
0.008904821188,laser0,1062.5,230.6079431,0.21704277
0.00895697256,laser0,1062.5,230.8579491,0.2172780698
0.009006640534,laser0,1062.5,231.1239377,0.2175284119
0.009056308507,laser0,1062.5,231.3499482,0.2177411277
0.009103493082,laser0,1062.5,231.6251733,0.2180001631
0.009150677656,laser0,1062.5,231.8798885,0.218239895
0.009197862231,laser0,1062.5,232.0784117,0.2184267404
0.009245046806,laser0,1062.5,232.3091544,0.21864391
0.00929223138,laser0,1062.5,232.5238158,0.2188459443
0.009339415955,laser0,1062.5,232.7525256,0.2190612005
0.00938660053,laser0,1062.5,232.9682432,0.2192642289
0.009433785104,laser0,1062.5,233.2434275,0.2195232259
0.009480969679,laser0,1062.5,233.4711978,0.2197375979
0.009528154254,laser0,1062.5,233.7059438,0.2199585353
1.19999904e-08,laser0,1062.5,272.7981867,0.2567512346
2.639996506e-08,laser0,1062.5,272.7981867,0.2567512346
4.367992469e-08,laser0,1062.5,272.7981867,0.2567512346
6.441587625e-08,laser0,1062.5,272.7981867,0.2567512346
8.929897684e-08,laser0,1062.5,272.7981867,0.2567512346
1.191586381e-07,laser0,1062.5,272.7981867,0.2567512346
1.549903172e-07,laser0,1062.5,272.7981867,0.2567512346
1.979882706e-07,laser0,1062.5,272.7981867,0.2567512346
2.495858145e-07,laser0,1062.5,272.7981867,0.2567512346
3.115029951e-07,laser0,1062.5,272.7981867,0.2567512346
3.858036118e-07,laser0,1062.5,272.7981867,0.2567512346
4.749646168e-07,laser0,1062.5,272.7981867,0.2567512346
5.81956678e-07,laser0,1062.5,272.7981867,0.2567512346
7.10347701e-07,laser0,1062.5,272.7981867,0.2567512346
8.644185113e-07,laser0,1062.5,272.7981867,0.2567512346
1.049304623e-06,laser0,1062.5,272.7981867,0.2567512346
1.271164675e-06,laser0,1062.5,272.7981867,0.2567512346
1.537394375e-06,laser0,1062.5,272.7981867,0.2567512346
1.856866611e-06,laser0,1062.5,272.7981867,0.2567512346
2.240218592e-06,laser0,1062.5,272.851023,0.2568009628
2.700248027e-06,laser0,1062.5,272.851023,0.2568009628
3.25225286e-06,laser0,1062.5,272.851023,0.2568009628
3.914687932e-06,laser0,1062.5,272.851023,0.2568009628
4.709610018e-06,laser0,1062.5,272.851023,0.2568009628
5.663455806e-06,laser0,1062.5,272.851023,0.2568009628
6.8081582e-06,laser0,1062.5,272.851023,0.2568009628
8.181801072e-06,laser0,1062.5,272.851023,0.2568009628
9.830353978e-06,laser0,1062.5,272.851023,0.2568009628
1.180822542e-05,laser0,1062.5,272.8510227,0.2568009626
1.418129477e-05,laser0,1062.5,272.9514561,0.2568954881
1.702870694e-05,laser0,1062.5,272.9513882,0.2568954242
2.044638272e-05,laser0,1062.5,272.9506638,0.2568947424
2.454815671e-05,laser0,1062.5,272.9450587,0.256889467
2.946947406e-05,laser0,1062.5,272.9132563,0.2568595353
3.537271696e-05,laser0,1062.5,272.7780178,0.256732252
4.245492421e-05,laser0,1062.5,272.3350323,0.2563153245
5.095843206e-05,laser0,1062.5,271.1844066,0.2552323827
6.116264148e-05,laser0,1062.5,268.7468926,0.2529382519
7.341782103e-05,laser0,1062.5,264.4368486,0.2488817399
8.812403649e-05,laser0,1062.5,257.9477916,0.2427743921
0.0001057926551,laser0,1062.5,249.307499,0.234642352
0.0001269796998,laser0,1062.5,239.1575924,0.2250894988
0.0001523600139,laser0,1062.5,228.3089873,0.2148790469
0.0001828483157,laser0,1062.5,217.6325458,0.2048306313
0.0002193418891,laser0,1062.5,207.3709256,0.1951726359
0.0002632011378,laser0,1062.5,198.5174041,0.1868399097
0.0003158322363,laser0,1062.5,191.1231707,0.1798806313
0.0003791318006,laser0,1062.5,185.2280275,0.1743322612
0.0004548837383,laser0,1062.5,180.7159771,0.1700856255
0.0005457860636,laser0,1062.5,177.4141001,0.1669779766
0.0006447685955,laser0,1062.5,176.1160435,0.1657562762
0.0007437511274,laser0,1062.5,176.048492,0.1656926983
0.0008427336593,laser0,1062.5,176.6704659,0.1662780856
0.0009417161913,laser0,1062.5,177.5295093,0.167086597
0.001040698723,laser0,1062.5,178.556409,0.1680530909
0.001139681255,laser0,1062.5,179.5695079,0.1690065956
0.001238663787,laser0,1062.5,180.6226239,0.1699977636
0.001337646319,laser0,1062.5,181.8540539,0.1711567566
0.001436628851,laser0,1062.5,183.0771471,0.1723079031
0.001535611383,laser0,1062.5,184.2085308,0.1733727349
0.001634593915,laser0,1062.5,185.3385076,0.1744362424
0.001733576447,laser0,1062.5,186.3527136,0.1753907892
0.001832558979,laser0,1062.5,187.327114,0.176307872
0.00193154151,laser0,1062.5,188.309206,0.1772321939
0.002030524042,laser0,1062.5,189.1780521,0.1780499314
0.002129506574,laser0,1062.5,189.9993302,0.178822899
0.002228489106,laser0,1062.5,190.7924852,0.1795693978
0.002327471638,laser0,1062.5,191.548742,0.1802811689
0.00242645417,laser0,1062.5,192.2204638,0.1809133777
0.002525436702,laser0,1062.5,192.8320244,0.1814889641
0.002624419234,laser0,1062.5,193.4447551,0.1820656518
0.002723401766,laser0,1062.5,194.0086652,0.1825963908
0.002822384298,laser0,1062.5,194.5405543,0.1830969923
0.00292136683,laser0,1062.5,195.1595503,0.1836795768
0.003020349362,laser0,1062.5,195.6954613,0.1841839636
0.003119331894,laser0,1062.5,196.2495758,0.1847054831
0.003218314425,laser0,1062.5,196.8313687,0.1852530529
0.003317296957,laser0,1062.5,197.3869573,0.1857759599
0.003416279489,laser0,1062.5,197.9503766,0.1863062368
0.003515262021,laser0,1062.5,198.5487248,0.1868693881
0.003614244553,laser0,1062.5,199.1226485,0.1874095515
0.003713227085,laser0,1062.5,199.7262275,0.1879776259
0.003812209617,laser0,1062.5,200.356681,0.1885709939
0.003911192149,laser0,1062.5,200.9950808,0.1891718407
0.004010174681,laser0,1062.5,201.635612,0.1897746936
0.004109157213,laser0,1062.5,202.2209314,0.1903255825
0.004208139745,laser0,1062.5,202.9347352,0.1909973978
0.004307122277,laser0,1062.5,203.5810586,0.1916057022
0.004406104808,laser0,1062.5,204.2405286,0.1922263799
0.00450508734,laser0,1062.5,204.9041571,0.1928509714
0.004604069872,laser0,1062.5,205.5372506,0.1934468241
0.004703052404,laser0,1062.5,206.165458,0.1940380781
0.004802034936,laser0,1062.5,206.866185,0.1946975859
0.004901017468,laser0,1062.5,207.4864132,0.1952813301
0.005,laser0,1062.5,208.0884946,0.195847995
0.0051,laser0,1062.5,208.6461056,0.1963728053
0.0052,laser0,1062.5,209.259976,0.1969505657
0.0053,laser0,1062.5,209.8664927,0.1975214049
0.0054,laser0,1062.5,210.5047354,0.1981221039
0.0055,laser0,1062.5,211.1183945,0.1986996654
0.0056,laser0,1062.5,211.8391782,0.1993780501
0.0057,laser0,1062.5,212.5101548,0.2000095575
0.0058,laser0,1062.5,213.1777477,0.2006378802
0.0059,laser0,1062.5,213.8926642,0.2013107427
0.006,laser0,1062.5,214.6100511,0.2019859305
0.0061,laser0,1062.5,215.2724177,0.2026093343
0.0062,laser0,1062.5,216.0666967,0.203356891
0.0063,laser0,1062.5,216.6605031,0.2039157676
0.0064,laser0,1062.5,217.2598396,0.2044798491
0.0065,laser0,1062.5,217.833001,0.2050192951
0.0066,laser0,1062.5,218.4489554,0.2055990169
0.0067,laser0,1062.5,219.0627908,0.2061767443
0.0068,laser0,1062.5,219.6502561,0.2067296528
0.0069,laser0,1062.5,220.2987205,0.2073399723
0.007,laser0,1062.5,220.8116286,0.2078227092
0.0071,laser0,1062.5,221.4044044,0.2083806159
0.0072,laser0,1062.5,221.9315804,0.2088767815
0.0073,laser0,1062.5,222.538268,0.2094477817
0.0074,laser0,1062.5,223.1729038,0.2100450859
0.0075,laser0,1062.5,223.7415468,0.2105802794
0.0076,laser0,1062.5,224.3396182,0.2111431701
0.0077,laser0,1062.5,224.9100032,0.211680003
0.0078,laser0,1062.5,225.4924021,0.2122281432
0.0079,laser0,1062.5,226.1321993,0.2128303052
0.008,laser0,1062.5,226.7824223,0.2134422798
0.0081,laser0,1062.5,227.4745301,0.2140936754
0.0082,laser0,1062.5,228.2207656,0.2147960147
0.0083,laser0,1062.5,229.0669206,0.2155923958
0.0084,laser0,1062.5,229.771152,0.2162552018
0.0085,laser0,1062.5,230.4037828,0.2168506191
0.0086,laser0,1062.5,231.0020674,0.2174137105
0.0087,laser0,1062.5,231.5567219,0.2179357383
0.0088,laser0,1062.5,232.1006577,0.2184476778
0.0089,laser0,1062.5,232.7826977,0.2190895978
0.009,laser0,1062.5,233.3817999,0.2196534587
0.0091,laser0,1062.5,233.945258,0.2201837722
0.0092,laser0,1062.5,234.5554028,0.2207580261
0.0093,laser0,1062.5,235.064056,0.2212367586
0.0094,laser0,1062.5,235.5557133,0.2216994949
0.0095,laser0,1062.5,236.040446,0.2221557139
0.0096,laser0,1062.5,236.500856,0.222589041
0.0097,laser0,1062.5,237.0258874,0.2230831881
0.0098,laser0,1062.5,237.5587974,0.2235847505
0.0099,laser0,1062.5,237.9923848,0.2239928328
0.01,laser0,1062.5,238.4280171,0.2244028396
0.0101,laser0,1062.5,238.8237571,0.2247753008
0.0102,laser0,1062.5,239.2251643,0.2251530958
0.0103,laser0,1062.5,239.7210429,0.2256198051
0.0104,laser0,1062.5,240.1731013,0.2260452718
0.0105,laser0,1062.5,240.5846985,0.2264326574
0.0106,laser0,1062.5,240.9703639,0.2267956366
0.0107,laser0,1062.5,241.4101481,0.2272095511
0.0108,laser0,1062.5,241.7145099,0.2274960094
0.0109,laser0,1062.5,242.1559321,0.2279114655
0.011,laser0,1062.5,242.5000911,0.2282353799
0.0111,laser0,1062.5,242.8947017,0.2286067781
0.0112,laser0,1062.5,243.2219004,0.2289147298
0.0113,laser0,1062.5,243.6128029,0.229282638
0.0114,laser0,1062.5,241.1337251,0.2269493883
0.0115,laser0,1062.5,241.4258594,0.2272243383
0.0116,laser0,1062.5,242.0257529,0.2277889439
0.0117,laser0,1062.5,242.6199851,0.2283482212
0.0118,laser0,1062.5,243.2814937,0.2289708176
0.0119,laser0,1062.5,243.8686252,0.2295234119
0.012,laser0,1062.5,244.4752865,0.2300943873
0.0121,laser0,1062.5,245.1168147,0.2306981786
0.0122,laser0,1062.5,245.7440112,0.2312884812
0.0123,laser0,1062.5,246.2326239,0.2317483519
0.0124,laser0,1062.5,246.8396979,0.2323197157
0.0125,laser0,1062.5,247.3097202,0.2327620896
0.0126,laser0,1062.5,247.6627502,0.2330943532
0.0127,laser0,1062.5,248.0622341,0.233470338
0.0128,laser0,1062.5,248.5130858,0.233894669
0.0129,laser0,1062.5,248.8239333,0.2341872313
0.013,laser0,1062.5,249.1250831,0.2344706664
0.0131,laser0,1062.5,249.2780417,0.2346146275
0.0132,laser0,1062.5,249.5853516,0.2349038604
0.0133,laser0,1062.5,249.7410367,0.2350503875
0.0134,laser0,1062.5,249.8892235,0.2351898575
0.0135,laser0,1062.5,249.9692942,0.2352652181
0.0136,laser0,1062.5,250.1302602,0.2354167155
0.0137,laser0,1062.5,250.169296,0.2354534551
0.0138,laser0,1062.5,250.1671189,0.235451406
0.0139,laser0,1062.5,250.1397559,0.2354256526
0.014,laser0,1062.5,250.1315721,0.2354179502
0.0141,laser0,1062.5,250.1676319,0.2354518889
0.0142,laser0,1062.5,250.1549927,0.2354399932
0.0143,laser0,1062.5,250.2350504,0.2355153416
0.0144,laser0,1062.5,250.3817296,0.2356533926
0.0145,laser0,1062.5,250.4542722,0.235721668
0.0146,laser0,1062.5,250.4886194,0.2357539947
0.0147,laser0,1062.5,250.577636,0.235837775
0.0148,laser0,1062.5,250.6230574,0.2358805246
0.0149,laser0,1062.5,250.7051846,0.2359578208
0.015,laser0,1062.5,250.8338603,0.2360789273
0.0151,laser0,1062.5,250.8439484,0.236088422
0.0152,laser0,1062.5,250.952344,0.2361904414
0.0153,laser0,1062.5,251.0634038,0.2362949683
0.0154,laser0,1062.5,251.1959165,0.2364196862
0.0155,laser0,1062.5,251.3354283,0.2365509914
0.0156,laser0,1062.5,251.5111371,0.2367163643
0.0157,laser0,1062.5,251.6543052,0.2368511108
0.0158,laser0,1062.5,251.8950477,0.2370776919
0.0159,laser0,1062.5,252.1075154,0.2372776615
0.016,laser0,1062.5,252.3184349,0.237476174
0.0161,laser0,1062.5,252.5576381,0.2377013064
0.0162,laser0,1062.5,252.7918022,0.2379216962
0.0163,laser0,1062.5,253.0385267,0.2381539075
0.0164,laser0,1062.5,253.3445259,0.2384419067
0.0165,laser0,1062.5,253.6237075,0.2387046659
0.0166,laser0,1062.5,253.95888,0.2390201223
0.0167,laser0,1062.5,254.2300519,0.239275343
0.0168,laser0,1062.5,254.5724893,0.2395976369
0.0169,laser0,1062.5,254.9275219,0.2399317853
0.017,laser0,1062.5,255.2793456,0.2402629135
0.0171,laser0,1062.5,255.5174833,0.2404870431
0.0172,laser0,1062.5,255.7187969,0.2406765147
0.0173,laser0,1062.5,255.940304,0.240884992
0.0174,laser0,1062.5,256.1798338,0.2411104319
0.0175,laser0,1062.5,256.171995,0.2411030541
0.0176,laser0,1062.5,256.3476188,0.2412683471
0.0177,laser0,1062.5,256.5417927,0.241451099
0.0178,laser0,1062.5,256.6649286,0.2415669916
0.0179,laser0,1062.5,256.757221,0.2416538551
0.018,laser0,1062.5,256.8691358,0.2417591866
0.0181,laser0,1062.5,256.9000821,0.2417883126
0.0182,laser0,1062.5,257.0384698,0.2419185598
0.0183,laser0,1062.5,257.1346719,0.242009103
0.0184,laser0,1062.5,257.2272256,0.2420962123
0.0185,laser0,1062.5,257.3598346,0.2422210208
0.0186,laser0,1062.5,257.443687,0.2422999407
0.0187,laser0,1062.5,257.6058658,0.2424525796
0.0188,laser0,1062.5,257.6854564,0.2425274883
0.0189,laser0,1062.5,256.6487871,0.2415517996
0.019,laser0,1062.5,256.775139,0.2416707191
0.0191,laser0,1062.5,257.1221612,0.2419973282
0.0192,laser0,1062.5,257.5331869,0.2423841759
0.0193,laser0,1062.5,257.9304943,0.2427581123
0.0194,laser0,1062.5,258.2889474,0.2430954799
0.0195,laser0,1062.5,258.732561,0.2435129986
0.0196,laser0,1062.5,259.0854635,0.2438451421
0.0197,laser0,1062.5,259.447119,0.2441855238
0.0198,laser0,1062.5,259.7577772,0.2444779079
0.0199,laser0,1062.5,260.0190184,0.2447237821
0.02,laser0,1062.5,259.9819883,0.2446889302
0.0201,laser0,1062.5,260.2562408,0.2449470502
0.0202,laser0,1062.5,260.6297232,0.245298563
0.0203,laser0,1062.5,260.9911545,0.2456387337
0.0204,laser0,1062.5,261.3265911,0.2459544387
0.0205,laser0,1062.5,261.5637829,0.246177678
0.0206,laser0,1062.5,261.8690289,0.2464649683
0.0207,laser0,1062.5,262.1764595,0.2467543148
0.0208,laser0,1062.5,262.4661412,0.2470269564
0.0209,laser0,1062.5,262.7564121,0.2473001526
0.021,laser0,1062.5,262.9641379,0.2474956592
0.0211,laser0,1062.5,263.1786125,0.2476975177
0.0212,laser0,1062.5,263.4857489,0.2479865872
0.0213,laser0,1062.5,263.7095638,0.2481972365
0.0214,laser0,1062.5,264.0506298,0.2485182398
0.0215,laser0,1062.5,264.2530714,0.2487087731
0.0216,laser0,1062.5,264.5107384,0.2489512832
0.0217,laser0,1062.5,264.6941748,0.2491239293
0.0218,laser0,1062.5,264.9751026,0.2493883318
0.0219,laser0,1062.5,265.1317931,0.2495358053
0.022,laser0,1062.5,265.4559762,0.2498409188
0.0221,laser0,1062.5,265.6459479,0.2500197157
0.0222,laser0,1062.5,265.9169288,0.2502747565
0.0223,laser0,1062.5,266.135046,0.2504800433
0.0224,laser0,1062.5,266.4059397,0.2507350021
0.0225,laser0,1062.5,266.5899208,0.2509081608
0.0226,laser0,1062.5,266.8205088,0.2511251848
0.0227,laser0,1062.5,267.0034331,0.2512973488
0.0228,laser0,1062.5,267.1756442,0.2514594298
0.0229,laser0,1062.5,267.3470147,0.2516207197
0.023,laser0,1062.5,267.5520426,0.2518136871
0.0231,laser0,1062.5,267.7366551,0.2519874401
0.0232,laser0,1062.5,267.9134793,0.2521538629
0.0233,laser0,1062.5,268.059158,0.2522909723
0.0234,laser0,1062.5,268.189467,0.252413616
0.0235,laser0,1062.5,268.3590439,0.2525732178
0.0236,laser0,1062.5,268.4877544,0.252694357
0.0237,laser0,1062.5,268.5912812,0.252791794
0.0238,laser0,1062.5,268.7524657,0.2529434971
0.0239,laser0,1062.5,268.8832088,0.2530665495
0.024,laser0,1062.5,269.0190016,0.2531943545
0.0241,laser0,1062.5,269.1372806,0.2533056759
0.0242,laser0,1062.5,269.2241874,0.2533874705
0.0243,laser0,1062.5,269.3092805,0.2534675581
0.0244,laser0,1062.5,269.3869067,0.2535406181
0.0245,laser0,1062.5,269.5373675,0.2536822282
0.0246,laser0,1062.5,269.6201364,0.2537601284
0.0247,laser0,1062.5,269.6797819,0.2538162653
0.0248,laser0,1062.5,269.7726344,0.2539036559
0.0249,laser0,1062.5,269.8360481,0.2539633394
0.025,laser0,1062.5,269.8168126,0.2539452354
0.0251,laser0,1062.5,269.8974365,0.2540211167
0.0252,laser0,1062.5,268.7891572,0.2529780303
0.0253,laser0,1062.5,268.5181923,0.2527230045
0.0254,laser0,1062.5,268.4271721,0.2526373384
0.0255,laser0,1062.5,268.362567,0.2525765337
0.0256,laser0,1062.5,268.3495254,0.2525642592
0.0257,laser0,1062.5,268.3061715,0.2525234555
0.0258,laser0,1062.5,268.2943354,0.2525123157
0.0259,laser0,1062.5,268.3325801,0.2525483107
0.026,laser0,1062.5,268.3368412,0.2525523211
0.0261,laser0,1062.5,268.3833967,0.2525961381
0.0262,laser0,1062.5,268.5234048,0.2527279104
0.0263,laser0,1062.5,268.6064664,0.252806086
0.0264,laser0,1062.5,268.7044848,0.2528983386
0.0265,laser0,1062.5,268.8184653,0.2530056144
0.0266,laser0,1062.5,268.9285789,0.2531092508
0.0267,laser0,1062.5,269.0541545,0.2532274395
0.0268,laser0,1062.5,269.1628708,0.2533297607
0.0269,laser0,1062.5,269.2855746,0.2534452467
0.027,laser0,1062.5,269.4595797,0.2536090162
0.0271,laser0,1062.5,269.599156,0.2537403821
0.0272,laser0,1062.5,269.7615016,0.2538931779
0.0273,laser0,1062.5,269.9188289,0.2540412507
0.0274,laser0,1062.5,270.0801709,0.254193102
0.0275,laser0,1062.5,270.2315197,0.254335548
0.0276,laser0,1062.5,270.4347075,0.2545267835
0.0277,laser0,1062.5,270.6218589,0.254702926
0.0278,laser0,1062.5,270.8486491,0.2549163756
0.0279,laser0,1062.5,271.0088685,0.2550671703
0.028,laser0,1062.5,271.1478473,0.2551979739
0.0281,laser0,1062.5,271.2941115,0.2553356344
0.0282,laser0,1062.5,271.4515805,0.2554838405
0.0283,laser0,1062.5,271.6017163,0.2556251448
0.0284,laser0,1062.5,271.7581856,0.2557724099
0.0285,laser0,1062.5,271.949553,0.2559525205
0.0286,laser0,1062.5,272.1491444,0.2561403712
0.0287,laser0,1062.5,272.294152,0.2562768489
0.0288,laser0,1062.5,272.45386,0.2564271624
0.0289,laser0,1062.5,272.6047347,0.2565691621
0.029,laser0,1062.5,272.7250411,0.2566823916
0.0291,laser0,1062.5,272.9035477,0.2568503978
0.0292,laser0,1062.5,273.0623796,0.2569998867
0.0293,laser0,1062.5,273.206249,0.2571352931
0.0294,laser0,1062.5,273.381005,0.2572997694
0.0295,laser0,1062.5,273.5610316,0.2574692062
0.0296,laser0,1062.5,273.7394229,0.2576371039
0.0297,laser0,1062.5,273.8561749,0.2577469882
0.0298,laser0,1062.5,273.9924172,0.2578752162
0.0299,laser0,1062.5,274.1122216,0.2579879733
0.03,laser0,1062.5,274.4453303,0.2583014873
0.0301,laser0,1062.5,274.652171,0.258496161
0.0302,laser0,1062.5,274.8044448,0.2586394774
0.0303,laser0,1062.5,274.8417759,0.2586746126
0.0304,laser0,1062.5,274.9733839,0.258798479
0.0305,laser0,1062.5,275.1350196,0.2589506067
0.0306,laser0,1062.5,275.2126967,0.2590237145
0.0307,laser0,1062.5,275.3502749,0.2591531999
0.0308,laser0,1062.5,275.4663666,0.2592624627
0.0309,laser0,1062.5,275.5211174,0.2593139928
0.031,laser0,1062.5,275.5712363,0.2593611636
0.0311,laser0,1062.5,275.6344008,0.2594206125
0.0311975,laser0,1062.5,275.7260136,0.2595068363
0.031295,laser0,1062.5,275.7828667,0.2595603451
0.0313925,laser0,1062.5,275.8647895,0.259637449
0.03149,laser0,1062.5,275.9645722,0.2597313621
0.0315875,laser0,1062.5,276.0253643,0.2597885781
0.031685,laser0,1062.5,276.1126633,0.259870742
0.0317825,laser0,1062.5,276.2356549,0.2599864987
0.03188,laser0,1062.5,276.332511,0.2600776575
0.0319775,laser0,1062.5,276.3834521,0.260125602
0.032075,laser0,1062.5,276.4835266,0.2602197897
0.03216935484,laser0,1062.5,276.5625092,0.2602941263
0.03226370968,laser0,1062.5,276.647616,0.2603742268
0.03235806452,laser0,1062.5,276.7133215,0.2604360673
0.03245241935,laser0,1062.5,276.792391,0.2605104857
0.03254677419,laser0,1062.5,277.0510426,0.2607539224
0.03264112903,laser0,1062.5,277.0464311,0.2607495822
0.03273548387,laser0,1062.5,277.0536323,0.2607563598
0.03282983871,laser0,1062.5,277.1107986,0.2608101634
0.03292419355,laser0,1062.5,277.1743144,0.260869943
0.03301854839,laser0,1062.5,277.2662933,0.2609565113
0.03311290323,laser0,1062.5,277.3651178,0.2610495227
0.03320725806,laser0,1062.5,277.4908513,0.2611678601
0.0333016129,laser0,1062.5,277.554484,0.2612277497
0.03339596774,laser0,1062.5,277.6127733,0.2612826102
0.03349032258,laser0,1062.5,277.8632828,0.2615183838
0.03358467742,laser0,1062.5,277.7758551,0.2614360989
0.03367903226,laser0,1062.5,277.7944392,0.2614535898
0.0337733871,laser0,1062.5,277.8947687,0.2615480176
0.03386774194,laser0,1062.5,277.9602998,0.2616096939
0.03396209677,laser0,1062.5,278.0342908,0.2616793325
0.03405645161,laser0,1062.5,278.1152352,0.2617555155
0.03415080645,laser0,1062.5,278.2055293,0.2618404982
0.03424516129,laser0,1062.5,278.2875082,0.2619176548
0.03433951613,laser0,1062.5,278.3526103,0.2619789273
0.03443387097,laser0,1062.5,278.6658173,0.2622737104
0.03452822581,laser0,1062.5,278.660735,0.262268927
0.03462258065,laser0,1062.5,278.6960217,0.2623021381
0.03471693548,laser0,1062.5,278.7886499,0.2623893175
0.03481129032,laser0,1062.5,278.8911353,0.2624857744
0.03490564516,laser0,1062.5,278.9774507,0.2625670124
0.035,laser0,1062.5,278.9792826,0.2625687366
0.03509433962,laser0,1062.5,279.0618587,0.2626464553
0.03518867925,laser0,1062.5,279.2133187,0.2627890059
0.03528490566,laser0,1062.5,279.5713258,0.2631259537
0.03538113208,laser0,1062.5,279.7735715,0.2633163026
0.03547735849,laser0,1062.5,279.927613,0.2634612828
0.03557358491,laser0,1062.5,280.1083892,0.2636314251
0.03566981132,laser0,1062.5,280.2923779,0.2638045909
0.03576603774,laser0,1062.5,280.4617372,0.263963988
0.03586226415,laser0,1062.5,280.6408486,0.2641325633
0.03595849057,laser0,1062.5,280.739527,0.2642254371
0.03605471698,laser0,1062.5,280.8710788,0.2643492507
0.03615334906,laser0,1062.5,280.9620789,0.2644348978
0.03625198113,laser0,1062.5,281.0609775,0.2645279788
0.03635327894,laser0,1062.5,281.2850983,0.2647389161
0.03645457675,laser0,1062.5,281.2944435,0.2647477115
0.03655587455,laser0,1062.5,281.347741,0.2647978739
0.03665717236,laser0,1062.5,281.418262,0.2648642466
0.03675847017,laser0,1062.5,281.4976257,0.2649389418
0.03685976798,laser0,1062.5,281.6001639,0.2650354484
0.03696106578,laser0,1062.5,281.6495269,0.2650819077
0.03706236359,laser0,1062.5,281.7754295,0.2652004043
0.0371636614,laser0,1062.5,281.838687,0.2652599407
0.0372649592,laser0,1062.5,281.931237,0.2653470466
0.03736625701,laser0,1062.5,282.0324932,0.2654423465
0.03746755482,laser0,1062.5,282.1306298,0.2655347104
0.03756885263,laser0,1062.5,282.1592664,0.2655616625
0.03767015043,laser0,1062.5,282.2452275,0.265642567
0.03777144824,laser0,1062.5,282.3214891,0.2657143426
0.03787274605,laser0,1062.5,282.440042,0.2658259219
0.03797404386,laser0,1062.5,282.4987042,0.2658811333
0.03807534166,laser0,1062.5,282.6019551,0.2659783106
0.03817663947,laser0,1062.5,282.6352773,0.2660096727
0.03827793728,laser0,1062.5,282.7498001,0.2661174589
0.03837923508,laser0,1062.5,282.8626477,0.2662236684
0.03848053289,laser0,1062.5,282.9763995,0.2663307289
0.0385818307,laser0,1062.5,283.0944484,0.2664418338
0.03868312851,laser0,1062.5,283.2023223,0.2665433622
0.03878442631,laser0,1062.5,283.2646949,0.2666020658
0.03888572412,laser0,1062.5,283.3765801,0.2667073695
0.03898702193,laser0,1062.5,283.4572268,0.2667832723
0.03908831973,laser0,1062.5,283.5256424,0.2668476635
0.03918961754,laser0,1062.5,283.5691961,0.2668886551
0.03929091535,laser0,1062.5,283.6505033,0.2669651796
0.03939221316,laser0,1062.5,283.725607,0.2670358654
0.03949351096,laser0,1062.5,283.8437568,0.2671470652
0.03959480877,laser0,1062.5,283.912425,0.2672116941
0.03969610658,laser0,1062.5,284.0163241,0.2673094815
0.03979740439,laser0,1062.5,284.0841181,0.2673732876
0.03989870219,laser0,1062.5,284.1754671,0.2674592632
0.04,laser0,1062.5,284.2512798,0.2675306162
0.0401,laser0,1062.5,284.3483415,0.2676219685
0.0402,laser0,1062.5,284.3854093,0.2676568558
0.0403,laser0,1062.5,284.4837958,0.2677494548
0.0404,laser0,1062.5,284.5555364,0.2678169755
0.0405,laser0,1062.5,284.6238687,0.2678812882
0.0406,laser0,1062.5,284.6933859,0.2679467161
0.0407,laser0,1062.5,284.7759143,0.2680243899
0.0408,laser0,1062.5,284.8644683,0.2681077348
0.0409,laser0,1062.5,284.999966,0.2682352621
0.041,laser0,1062.5,285.0250987,0.2682589164
0.0411,laser0,1062.5,285.1160355,0.268344504
0.0412,laser0,1062.5,285.1792857,0.2684040336
0.0413,laser0,1062.5,285.2889315,0.2685072296
0.0414,laser0,1062.5,280.5679997,0.2640639997
0.0415,laser0,1062.5,280.1659404,0.2636855909
0.0416,laser0,1062.5,280.1465067,0.2636673005
0.0417,laser0,1062.5,280.1699259,0.263689342
0.0418,laser0,1062.5,280.1869485,0.2637053633
0.0419,laser0,1062.5,280.1967421,0.2637145808
0.042,laser0,1062.5,280.2229415,0.2637392391
0.0421,laser0,1062.5,280.2349698,0.2637505598
0.0422,laser0,1062.5,280.2267988,0.2637428694
0.0423,laser0,1062.5,280.2252923,0.2637414516
0.0424,laser0,1062.5,280.2367323,0.2637522186
0.0425,laser0,1062.5,280.1838919,0.2637024865
0.0426,laser0,1062.5,280.1530645,0.2636734724
0.0427,laser0,1062.5,279.9015643,0.2634367664
0.0428,laser0,1062.5,279.5870386,0.2631407422
0.0429,laser0,1062.5,279.0735218,0.2626574322
0.043,laser0,1062.5,278.6700031,0.26227765
0.0431,laser0,1062.5,278.2558748,0.2618878821
0.0432,laser0,1062.5,277.9111689,0.2615634531
0.0433,laser0,1062.5,277.5986424,0.2612693105
0.0434,laser0,1062.5,277.2608283,0.2609513678
0.0435,laser0,1062.5,277.0769417,0.2607782981
0.0436,laser0,1062.5,276.9003387,0.2606120834
0.0437,laser0,1062.5,276.8311555,0.2605469699
0.0438,laser0,1062.5,276.7672659,0.2604868385
0.0439,laser0,1062.5,276.8032524,0.2605207081
0.044,laser0,1062.5,276.833723,0.2605493864
0.0441,laser0,1062.5,276.898245,0.2606101129
0.0442,laser0,1062.5,276.9449453,0.2606540661
0.0443,laser0,1062.5,277.0026278,0.2607083556
0.0444,laser0,1062.5,277.0845937,0.2607855
0.0445,laser0,1062.5,277.1640391,0.2608602721
0.0446,laser0,1062.5,277.268124,0.2609582344
0.0447,laser0,1062.5,277.3956756,0.2610782829
0.0448,laser0,1062.5,277.4974926,0.2611741107
0.0449,laser0,1062.5,277.6140232,0.2612837865
0.045,laser0,1062.5,277.7258247,0.2613890115
0.0451,laser0,1062.5,277.8667521,0.2615216491
0.0452,laser0,1062.5,277.9990052,0.2616461225
0.0453,laser0,1062.5,278.1412055,0.2617799582
0.0454,laser0,1062.5,278.2952925,0.2619249812
0.0455,laser0,1062.5,278.4302506,0.2620520005
0.0456,laser0,1062.5,278.5767817,0.2621899122
0.0457,laser0,1062.5,278.7526213,0.2623554083
0.0458,laser0,1062.5,278.8955308,0.2624899114
0.0459,laser0,1062.5,279.0531845,0.2626382913
0.046,laser0,1062.5,279.2132581,0.2627889488
0.0461,laser0,1062.5,279.3797906,0.2629456853
0.0462,laser0,1062.5,279.5375823,0.2630941951
0.0463,laser0,1062.5,279.6978138,0.2632450012
0.0464,laser0,1062.5,279.8819017,0.2634182604
0.0465,laser0,1062.5,280.0487058,0.2635752525
0.0466,laser0,1062.5,280.2529944,0.2637675241
0.0467,laser0,1062.5,280.4270933,0.2639313819
0.0468,laser0,1062.5,280.5830821,0.264078195
0.0469,laser0,1062.5,280.7801317,0.2642636533
0.047,laser0,1062.5,280.9761876,0.2644481766
0.0471,laser0,1062.5,281.1316399,0.2645944846
0.0472,laser0,1062.5,281.2939516,0.2647472485
0.0473,laser0,1062.5,281.4351712,0.2648801612
0.0474,laser0,1062.5,281.7304084,0.2651580314
0.0475,laser0,1062.5,281.7650768,0.2651906605
0.0476,laser0,1062.5,281.8528277,0.2652732496
0.0477,laser0,1062.5,281.9835425,0.2653962753
0.0478,laser0,1062.5,282.0936557,0.2654999113
0.0479,laser0,1062.5,282.204118,0.2656038758
0.048,laser0,1062.5,282.2977825,0.2656920306
0.0481,laser0,1062.5,282.3883423,0.2657772633
0.0482,laser0,1062.5,282.4660908,0.2658504384
0.0483,laser0,1062.5,282.5461963,0.2659258318
0.0484,laser0,1062.5,282.593312,0.265970176
0.0485,laser0,1062.5,282.639515,0.2660136612
0.0486,laser0,1062.5,282.6976349,0.2660683622
0.0487,laser0,1062.5,282.7237789,0.2660929684
0.0488,laser0,1062.5,282.7780072,0.2661440068
0.0489,laser0,1062.5,281.8260175,0.2652480165
0.049,laser0,1062.5,281.6280636,0.2650617069
0.0491,laser0,1062.5,281.6341819,0.2650674653
0.0492,laser0,1062.5,281.6482772,0.2650807314
0.0493,laser0,1062.5,281.6835723,0.2651139504
0.0494,laser0,1062.5,281.6959235,0.2651255751
0.0495,laser0,1062.5,281.6732304,0.2651042168
0.0496,laser0,1062.5,281.6398534,0.2650728032
0.0497,laser0,1062.5,281.6304813,0.2650639824
0.0498,laser0,1062.5,281.6095439,0.2650442766
0.0499,laser0,1062.5,281.5773485,0.2650139751
0.05,laser0,1062.5,281.5502477,0.2649884684
0.0501,laser0,1062.5,281.5137614,0.2649541284
0.0502,laser0,1062.5,281.4871877,0.2649291178
0.0503,laser0,1062.5,281.4748597,0.264917515
0.0504,laser0,1062.5,281.5076648,0.2649483904
0.0505,laser0,1062.5,281.531625,0.2649709412
0.0506,laser0,1062.5,281.5571575,0.2649949718
0.0507,laser0,1062.5,281.6021391,0.2650373074
0.0508,laser0,1062.5,281.6275588,0.2650612318
0.0509,laser0,1062.5,281.6701074,0.2651012775
0.051,laser0,1062.5,281.7042494,0.2651334112
0.0511,laser0,1062.5,281.7440068,0.2651708299
0.0512,laser0,1062.5,281.7664289,0.2651919331
0.0513,laser0,1062.5,281.7994546,0.2652230161
0.0514,laser0,1062.5,281.8375703,0.2652588897
0.0515,laser0,1062.5,281.8781333,0.2652970666
0.0516,laser0,1062.5,281.9011603,0.2653187391
0.0517,laser0,1062.5,281.935336,0.2653509044
0.0518,laser0,1062.5,281.9784645,0.265391496
0.0518969697,laser0,1062.5,282.0187039,0.2654293684
0.05199393939,laser0,1062.5,282.0647883,0.265472742
0.05209090909,laser0,1062.5,282.1094126,0.2655147412
0.05218787879,laser0,1062.5,282.1514488,0.2655543047
0.05228484848,laser0,1062.5,282.2007928,0.2656007462
0.0523784744,laser0,1062.5,282.2378578,0.2656356309
0.05247210031,laser0,1062.5,282.2654776,0.265661626
0.05256572623,laser0,1062.5,282.2962445,0.265690583
0.05265935214,laser0,1062.5,282.334128,0.2657262381
0.05275297806,laser0,1062.5,282.3652069,0.2657554888
0.05284660397,laser0,1062.5,282.3952993,0.2657838111
0.05294022989,laser0,1062.5,282.4471328,0.2658325956
0.05302978511,laser0,1062.5,282.4867019,0.265869837
0.05311934033,laser0,1062.5,282.5197121,0.2659009055
0.05320889555,laser0,1062.5,282.5501559,0.2659295585
0.05329845077,laser0,1062.5,282.5815869,0.2659591406
0.053388006,laser0,1062.5,282.6238778,0.2659989438
0.05347756122,laser0,1062.5,282.6639989,0.2660367048
0.05356711644,laser0,1062.5,282.6927927,0.2660638049
0.05365667166,laser0,1062.5,282.7376159,0.2661059914
0.05374622689,laser0,1062.5,282.7654615,0.2661321991
0.05383578211,laser0,1062.5,282.7969239,0.2661618107
0.05392533733,laser0,1062.5,282.8385258,0.2662009654
0.05401489255,laser0,1062.5,282.8712728,0.2662317862
0.05410444778,laser0,1062.5,282.8951401,0.2662542495
0.054194003,laser0,1062.5,282.9274494,0.2662846582
0.05428355822,laser0,1062.5,282.9616273,0.2663168257
0.05437311344,laser0,1062.5,282.9925609,0.2663459396
0.05446266867,laser0,1062.5,283.0218726,0.2663735272
0.05455222389,laser0,1062.5,283.0560475,0.2664056917
0.05464177911,laser0,1062.5,283.0892171,0.2664369102
0.05473133433,laser0,1062.5,283.1304296,0.2664756984
0.05482088956,laser0,1062.5,283.1644665,0.2665077332
0.05491044478,laser0,1062.5,283.2008696,0.2665419949
0.055,laser0,1062.5,283.1358173,0.2664807692
0.05508196721,laser0,1062.5,283.122636,0.2664683633
0.0551625907,laser0,1062.5,283.1102356,0.2664566924
0.05524458069,laser0,1062.5,282.1230354,0.2655275628
0.05532518102,laser0,1062.5,281.8724623,0.2652917292
0.05540578134,laser0,1062.5,281.7849119,0.2652093289
0.05548638167,laser0,1062.5,281.7159724,0.2651444446
0.055566982,laser0,1062.5,281.6527534,0.2650849444
0.05564758233,laser0,1062.5,281.5956733,0.2650312219
0.05572671719,laser0,1062.5,281.5435056,0.2649821229
0.05580585206,laser0,1062.5,281.4924516,0.2649340721
0.05588498693,laser0,1062.5,281.4477878,0.2648920356
0.05596412179,laser0,1062.5,281.408882,0.2648554183
0.05604173484,laser0,1062.5,281.3875228,0.2648353156
0.05611934788,laser0,1062.5,281.3706311,0.2648194175
0.05619696092,laser0,1062.5,281.3621556,0.2648114406
0.05627457396,laser0,1062.5,281.3550694,0.2648047712
0.05635060307,laser0,1062.5,281.3574014,0.264806966
0.05642663217,laser0,1062.5,281.3571937,0.2648067705
0.05650266127,laser0,1062.5,281.3573623,0.2648069292
0.05657707273,laser0,1062.5,281.3560532,0.2648056971
0.0566514842,laser0,1062.5,281.3726035,0.2648212738
0.05672589566,laser0,1062.5,281.3788936,0.264827194
0.05680030712,laser0,1062.5,281.3822335,0.2648303374
0.05687471858,laser0,1062.5,281.4006324,0.264847654
0.05694913005,laser0,1062.5,281.4091,0.2648556236
0.05702354151,laser0,1062.5,281.4231406,0.2648688382
0.05709613806,laser0,1062.5,281.4377208,0.2648825608
0.0571687346,laser0,1062.5,281.4503184,0.2648944173
0.05724133115,laser0,1062.5,281.4755008,0.2649181184
0.0573139277,laser0,1062.5,281.4953897,0.2649368374
0.05738652425,laser0,1062.5,281.5172664,0.2649574272
0.0574591208,laser0,1062.5,281.5437776,0.2649823789
0.05753171735,laser0,1062.5,281.5726568,0.2650095594
0.0576043139,laser0,1062.5,281.5884501,0.2650244237
0.05767691044,laser0,1062.5,281.6050958,0.2650400902
0.05774950699,laser0,1062.5,281.6261678,0.2650599226
0.05782210354,laser0,1062.5,281.6440134,0.2650767185
0.05789470009,laser0,1062.5,281.6625073,0.2650941245
0.05796729664,laser0,1062.5,281.6891076,0.2651191601
0.05803989319,laser0,1062.5,281.7181543,0.2651464982
0.05811248974,laser0,1062.5,281.75023,0.2651766871
0.05818508629,laser0,1062.5,281.7721749,0.2651973411
0.05825768283,laser0,1062.5,281.7950484,0.2652188691
0.05833027938,laser0,1062.5,281.8259471,0.2652479502
0.05840287593,laser0,1062.5,281.8504591,0.2652710203
0.05847547248,laser0,1062.5,282.0427875,0.2654520353
0.05854806903,laser0,1062.5,282.4159832,0.2658032783
0.05862066558,laser0,1062.5,282.4388769,0.2658248253
0.05869326213,laser0,1062.5,282.4780915,0.2658617332
0.05876585867,laser0,1062.5,282.5075962,0.2658895023
0.05883845522,laser0,1062.5,282.5310147,0.2659115433
0.05891105177,laser0,1062.5,282.5544786,0.265933627
0.05898364832,laser0,1062.5,282.5833109,0.2659607632
0.05905624487,laser0,1062.5,282.6129639,0.2659886719
0.05912884142,laser0,1062.5,282.6383791,0.2660125921
0.05920143797,laser0,1062.5,282.6604892,0.2660334016
0.05927403451,laser0,1062.5,282.695471,0.2660663256
0.05934663106,laser0,1062.5,282.7157494,0.2660854112
0.05941922761,laser0,1062.5,282.7404451,0.2661086542
0.05949182416,laser0,1062.5,282.763118,0.2661299934
0.05956442071,laser0,1062.5,282.7937259,0.2661588008
0.05963701726,laser0,1062.5,282.8191563,0.2661827354
0.05970961381,laser0,1062.5,282.8642374,0.2662251646
0.05978221035,laser0,1062.5,282.9095544,0.2662678159
0.0598548069,laser0,1062.5,282.9434661,0.2662997328
0.05992740345,laser0,1062.5,283.1462976,0.266490633
0.06,laser0,1062.5,283.4452669,0.2667720159
0.06007462687,laser0,1062.5,283.5164472,0.2668390091
0.06015040184,laser0,1062.5,283.6069449,0.2669241835
0.06022617681,laser0,1062.5,283.6867802,0.2669993225
0.06030195178,laser0,1062.5,297.7100304,0.2801976757
0.06037772675,laser0,1062.5,298.4579428,0.2809015933
0.06045476464,laser0,1062.5,299.394738,0.2817832828
0.06053180253,laser0,1062.5,300.1457018,0.2824900723
0.06060884041,laser0,1062.5,300.7560594,0.2830645265
0.0606858783,laser0,1062.5,301.38548,0.2836569224
0.06076431688,laser0,1062.5,301.9736326,0.2842104778
0.06084275545,laser0,1062.5,302.20649,0.2844296377
0.06092119403,laser0,1062.5,302.5457048,0.2847488986
0.06099963261,laser0,1062.5,302.6952681,0.2848896641
0.06107963995,laser0,1062.5,302.9921674,0.2851690987
0.06116131412,laser0,1062.5,303.1253354,0.2852944333
0.06124298829,laser0,1062.5,303.4928221,0.2856403031
0.06132466246,laser0,1062.5,304.8547535,0.286922121
0.06140633662,laser0,1062.5,305.5688665,0.2875942273
0.06148801079,laser0,1062.5,305.8345431,0.2878442759
0.06157162958,laser0,1062.5,305.9096441,0.2879149592
0.06165524837,laser0,1062.5,305.7393583,0.2877546901
0.06173886716,laser0,1062.5,305.1710459,0.2872198079
0.06182248595,laser0,1062.5,304.3308768,0.2864290605
0.06190610475,laser0,1062.5,303.7253857,0.2858591866
0.06198972354,laser0,1062.5,302.4461746,0.2846552231
0.06207334233,laser0,1062.5,299.9823707,0.2823363489
0.06215942049,laser0,1062.5,296.609325,0.2791617177
0.06224549866,laser0,1062.5,293.8531753,0.2765676944
0.06233157683,laser0,1062.5,292.1381101,0.2749535154
0.06241765499,laser0,1062.5,289.4328135,0.2724073539
0.06250373316,laser0,1062.5,286.3388225,0.2694953623
0.06258981133,laser0,1062.5,286.1971749,0.2693620469
0.06267907758,laser0,1062.5,286.056418,0.2692295699
0.06276834382,laser0,1062.5,285.9114018,0.2690930841
0.06285761007,laser0,1062.5,285.781148,0.2689704922
0.06294687632,laser0,1062.5,285.6639932,0.2688602289
0.06303614256,laser0,1062.5,285.5278379,0.2687320827
0.06312540881,laser0,1062.5,285.3956019,0.2686076253
0.06321467506,laser0,1062.5,285.2806156,0.2684994029
0.06330863953,laser0,1062.5,285.2055998,0.2684287998
0.063402604,laser0,1062.5,285.1252538,0.2683531801
0.06349656847,laser0,1062.5,285.0409647,0.2682738491
0.06359053294,laser0,1062.5,284.9562552,0.2681941226
0.06368449741,laser0,1062.5,284.8965883,0.2681379655
0.06377846188,laser0,1062.5,284.842069,0.2680866532
0.06387242635,laser0,1062.5,284.8187308,0.2680646879
0.06396639082,laser0,1062.5,284.8098528,0.2680563321
0.06406975174,laser0,1062.5,284.7737923,0.2680223928
0.06417311266,laser0,1062.5,284.7629423,0.268012181
0.06427647358,laser0,1062.5,284.7211896,0.2679728844
0.06437983449,laser0,1062.5,284.6957003,0.2679488944
0.06448319541,laser0,1062.5,284.6709838,0.2679256318
0.06458655633,laser0,1062.5,284.6446207,0.2679008195
0.06468991725,laser0,1062.5,284.6782143,0.267932437
0.06479327816,laser0,1062.5,284.6187894,0.2678765077
0.06489663908,laser0,1062.5,284.557131,0.2678184762
0.065,laser0,1062.5,284.5083314,0.2677725472
0.0651,laser0,1062.5,284.3616317,0.2676344769
0.0652,laser0,1062.5,284.2588424,0.267537734
0.0653,laser0,1062.5,284.3242206,0.2675992664
0.0654,laser0,1062.5,284.6785988,0.2679327989
0.0655,laser0,1062.5,285.1773111,0.2684021752
0.0656,laser0,1062.5,285.1092543,0.2683381217
0.0657,laser0,1062.5,285.0549888,0.2682870482
0.0658,laser0,1062.5,284.9503291,0.268188545
0.0659,laser0,1062.5,284.8657449,0.2681089364
0.066,laser0,1062.5,284.8179528,0.2680639556
0.0661,laser0,1062.5,284.7790712,0.2680273611
0.0662,laser0,1062.5,289.8088506,0.2727612712
0.0663,laser0,1062.5,295.4455285,0.2780663798
0.0664,laser0,1062.5,297.2836312,0.2797963588
0.0665,laser0,1062.5,298.5142278,0.2809545674
0.0666,laser0,1062.5,303.2100795,0.2853741925
0.0667,laser0,1062.5,304.4158221,0.286509009
0.0668,laser0,1062.5,304.7474198,0.286821101
0.0669,laser0,1062.5,303.3207809,0.285478382
0.067,laser0,1062.5,304.0809443,0.2861938299
0.0671,laser0,1062.5,303.7625985,0.2858942104
0.0672,laser0,1062.5,303.8650778,0.2859906614
0.0673,laser0,1062.5,303.0143469,0.2851899736
0.0674,laser0,1062.5,302.220663,0.284442977
0.0675,laser0,1062.5,301.1831579,0.2834665016
0.0676,laser0,1062.5,300.9176674,0.2832166281
0.0677,laser0,1062.5,300.609941,0.2829270033
0.0678,laser0,1062.5,300.1547577,0.2824985955
0.0679,laser0,1062.5,299.7926103,0.2821577509
0.068,laser0,1062.5,299.3621892,0.2817526486
0.0681,laser0,1062.5,298.9443848,0.281359421
0.0682,laser0,1062.5,298.4525241,0.2808964933
0.0683,laser0,1062.5,297.7950745,0.2802777172
0.0684,laser0,1062.5,297.3935613,0.2798998224
0.0685,laser0,1062.5,296.9211861,0.279455234
0.0686,laser0,1062.5,296.1965112,0.278773187
0.0687,laser0,1062.5,295.6581876,0.2782665295
0.0688,laser0,1062.5,295.0272057,0.2776726642
0.0689,laser0,1062.5,294.0956204,0.276795878
0.069,laser0,1062.5,293.3427516,0.2760872957
0.0691,laser0,1062.5,292.3678493,0.2751697405
0.0692,laser0,1062.5,291.4555554,0.274311111
0.0693,laser0,1062.5,290.6876793,0.273588404
0.0694,laser0,1062.5,289.5087468,0.2724788205
0.0695,laser0,1062.5,288.9714534,0.2719731326
0.0696,laser0,1062.5,288.3681086,0.2714052787
0.0697,laser0,1062.5,288.1739325,0.2712225247
0.0698,laser0,1062.5,287.6382306,0.2707183347
0.0699,laser0,1062.5,287.020139,0.2701366014
0.07,laser0,1062.5,286.4321785,0.2695832268
0.0701,laser0,1062.5,285.7308836,0.2689231846
0.0702,laser0,1062.5,285.2223811,0.268444594
0.0703,laser0,1062.5,284.8601121,0.268103635
0.0704,laser0,1062.5,284.3171224,0.2675925857
0.0705,laser0,1062.5,283.9098097,0.2672092327
0.0706,laser0,1062.5,283.442427,0.266769343
0.0707,laser0,1062.5,283.3040865,0.2666391402
0.0708,laser0,1062.5,283.0098046,0.266362169
0.0709,laser0,1062.5,282.6670102,0.266039539
0.071,laser0,1062.5,282.3021552,0.2656961461
0.0711,laser0,1062.5,282.0565253,0.265464965
0.0712,laser0,1062.5,281.7255488,0.2651534577
0.0713,laser0,1062.5,281.2888753,0.2647424709
0.07138809524,laser0,1062.5,278.0125341,0.2616588556
0.07148571429,laser0,1062.5,277.4848958,0.2611622549
0.07158069498,laser0,1062.5,277.1734668,0.2608691453
0.07168126278,laser0,1062.5,276.8701094,0.2605836323
0.07177344992,laser0,1062.5,276.5157233,0.2602500925
0.07185411367,laser0,1062.5,276.2121997,0.2599644232
0.07192901573,laser0,1062.5,275.9352918,0.259703804
0.0720021344,laser0,1062.5,275.7926685,0.2595695703
0.07207525307,laser0,1062.5,275.7610174,0.2595397811
0.07214658837,laser0,1062.5,275.5444373,0.259335941
0.07221792366,laser0,1062.5,275.3850806,0.2591859582
0.07228925895,laser0,1062.5,275.3015157,0.2591073088
0.07236252222,laser0,1062.5,275.3017603,0.2591075392
0.07243578549,laser0,1062.5,275.2741659,0.2590815679
0.07250904876,laser0,1062.5,274.7435337,0.2585821494
0.07258231203,laser0,1062.5,274.4673269,0.25832219
0.07265557531,laser0,1062.5,274.2280266,0.2580969662
0.07273120191,laser0,1062.5,273.9002582,0.2577884783
0.07280682851,laser0,1062.5,273.6876208,0.257588349
0.07288245511,laser0,1062.5,273.4514534,0.2573660738
0.07295808172,laser0,1062.5,273.3569542,0.2572771334
0.07303370832,laser0,1062.5,273.2867832,0.25721109
0.07311235999,laser0,1062.5,273.8670987,0.2577572693
0.07319101165,laser0,1062.5,273.8298669,0.2577222277
0.07326966332,laser0,1062.5,273.7612287,0.2576576271
0.07334831499,laser0,1062.5,273.7394831,0.2576371605
0.07342696666,laser0,1062.5,273.5419023,0.2574512021
0.07350975789,laser0,1062.5,273.3849871,0.2573035173
0.07359254911,laser0,1062.5,273.315352,0.2572379784
0.07367534034,laser0,1062.5,273.2411192,0.2571681122
0.07375813157,laser0,1062.5,273.2328939,0.2571603707
0.0738409228,laser0,1062.5,273.1368295,0.2570699571
0.07392371403,laser0,1062.5,273.1305154,0.2570640145
0.07400650526,laser0,1062.5,273.1617673,0.2570934281
0.07408929649,laser0,1062.5,273.1201216,0.2570542321
0.07417208771,laser0,1062.5,272.8785337,0.2568268553
0.07425487894,laser0,1062.5,273.1366677,0.2570698049
0.07433767017,laser0,1062.5,273.2140968,0.2571426793
0.0744204614,laser0,1062.5,273.2051262,0.2571342364
0.07450325263,laser0,1062.5,272.8672195,0.2568162066
0.07458604386,laser0,1062.5,271.8382425,0.2558477576
0.07466883509,laser0,1062.5,271.9344188,0.2559382765
0.07475162631,laser0,1062.5,271.3318955,0.2553711958
0.07483441754,laser0,1062.5,272.0881771,0.2560829902
0.07491720877,laser0,1062.5,272.9684475,0.25691148
0.075,laser0,1062.5,272.5600688,0.2565271235
0.07508333333,laser0,1062.5,272.5096184,0.2564796408
0.07516666667,laser0,1062.5,271.9399021,0.2559434373
0.07525146199,laser0,1062.5,272.3236315,0.2563045944
0.07533939788,laser0,1062.5,270.821093,0.2548904405
0.07542902484,laser0,1062.5,270.6685629,0.2547468828
0.07552044434,laser0,1062.5,270.326802,0.2544252254
0.07561575404,laser0,1062.5,270.1942172,0.2543004397
0.07571318173,laser0,1062.5,269.3868501,0.2535405648
0.07581287518,laser0,1062.5,269.8912678,0.2540153109
0.07591256862,laser0,1062.5,269.4007575,0.2535536542
0.07601226207,laser0,1062.5,265.5797757,0.2499574359
0.07611195552,laser0,1062.5,265.1899178,0.2495905109
0.07621164897,laser0,1062.5,264.5267075,0.248966313
0.07631134242,laser0,1062.5,263.7880728,0.2482711273
0.07641103586,laser0,1062.5,259.7268185,0.2444487703
0.07651072931,laser0,1062.5,258.5275893,0.2433200841
0.07661042276,laser0,1062.5,258.5151116,0.2433083403
0.07671011621,laser0,1062.5,258.6351637,0.2434213305
0.0768068775,laser0,1062.5,258.9579673,0.2437251457
0.07690079287,laser0,1062.5,259.1655328,0.2439205015
0.07699194602,laser0,1062.5,259.3133379,0.2440596122
0.07708309917,laser0,1062.5,259.3434282,0.2440879324
0.0771714901,laser0,1062.5,259.3357539,0.2440807095
0.07725720252,laser0,1062.5,259.3480322,0.2440922656
0.07734291494,laser0,1062.5,259.3771478,0.2441196685
0.07742343267,laser0,1062.5,259.4040056,0.2441449465
0.07750151047,laser0,1062.5,259.3951708,0.2441366313
0.07757958827,laser0,1062.5,259.7496727,0.2444702802
0.07765522613,laser0,1062.5,259.7195486,0.2444419281
0.077730864,laser0,1062.5,259.7179371,0.2444404114
0.07780650187,laser0,1062.5,259.9006815,0.2446124061
0.07788213973,laser0,1062.5,260.012659,0.2447177967
0.0779577776,laser0,1062.5,260.1086143,0.2448081075
0.07803071412,laser0,1062.5,260.2262926,0.2449188637
0.07810365063,laser0,1062.5,260.3117435,0.244999288
0.07817658714,laser0,1062.5,260.3928705,0.2450756429
0.07824952366,laser0,1062.5,260.4234612,0.245104434
0.07832246017,laser0,1062.5,260.5835881,0.2452551418
0.07839539669,laser0,1062.5,260.4594008,0.2451382595
0.07846516205,laser0,1062.5,260.1527902,0.2448496849
0.07853189413,laser0,1062.5,259.8673465,0.244581032
0.07859572482,laser0,1062.5,259.7457602,0.2444665979
0.07865955551,laser0,1062.5,259.6789157,0.2444036854
0.07872048481,laser0,1062.5,259.6271624,0.2443549764
0.0787814141,laser0,1062.5,259.6361854,0.2443634687
0.0788455502,laser0,1062.5,259.0724688,0.2438329118
0.0789096863,laser0,1062.5,258.9219931,0.2436912877
0.07898237388,laser0,1062.5,259.4211354,0.2441610686
0.07905506146,laser0,1062.5,258.9162082,0.243685843
0.07911805736,laser0,1062.5,258.611305,0.2433988753
0.07918105327,laser0,1062.5,258.5395977,0.243331386
0.07924404917,laser0,1062.5,258.4596744,0.2432561641
0.07930704507,laser0,1062.5,258.365362,0.2431673996
0.07937004097,laser0,1062.5,258.2866907,0.2430933559
0.07943303688,laser0,1062.5,258.2028889,0.2430144837
0.07949603278,laser0,1062.5,258.1453462,0.2429603258
0.07955902868,laser0,1062.5,258.1009833,0.2429185726
0.07962202458,laser0,1062.5,258.0611595,0.2428810913
0.07968502049,laser0,1062.5,258.0381334,0.2428594196
0.07974801639,laser0,1062.5,258.0290856,0.2428509041
0.07981101229,laser0,1062.5,258.0353493,0.2428567994
0.07987400819,laser0,1062.5,258.055294,0.2428755709
0.0799370041,laser0,1062.5,258.0941777,0.2429121673
0.08,laser0,1062.5,258.1286543,0.2429446158
0.08006097561,laser0,1062.5,257.9942171,0.2428180867
0.08012195122,laser0,1062.5,258.0720465,0.2428913378
0.08018292683,laser0,1062.5,258.1600992,0.242974211
0.08025174216,laser0,1062.5,258.6511236,0.2434363516
0.08031861903,laser0,1062.5,258.5138124,0.2433071176
0.08038274754,laser0,1062.5,258.5947025,0.2433832494
0.08044599757,laser0,1062.5,258.7350142,0.2435153075
0.08050924761,laser0,1062.5,258.892246,0.2436632904
0.08057340121,laser0,1062.5,259.0582148,0.2438194963
0.08063849825,laser0,1062.5,259.2269497,0.2439783056
0.08070359529,laser0,1062.5,259.3050101,0.2440517742
0.08076869233,laser0,1062.5,259.4204296,0.2441604043
0.08083378937,laser0,1062.5,259.5437087,0.2442764317
0.08089888642,laser0,1062.5,259.6393195,0.2443664183
0.08096503341,laser0,1062.5,259.7825666,0.2445012391
0.0810311804,laser0,1062.5,259.9703725,0.2446779977
0.08109844853,laser0,1062.5,260.1631847,0.244859468
0.08116571666,laser0,1062.5,260.3739053,0.2450577932
0.08123418601,laser0,1062.5,260.5666014,0.2452391542
0.08130265535,laser0,1062.5,260.7587501,0.2454200001
0.0813711247,laser0,1062.5,260.9482816,0.2455983827
0.08144091076,laser0,1062.5,261.129487,0.245768929
0.08151069682,laser0,1062.5,261.3184284,0.2459467562
0.08158048289,laser0,1062.5,261.517062,0.2461337054
0.08165026895,laser0,1062.5,261.8011987,0.2464011282
0.08172005501,laser0,1062.5,262.056454,0.2466413684
0.0817883872,laser0,1062.5,262.2300565,0.246804759
0.08185671939,laser0,1062.5,262.3795342,0.246945444
0.08192657007,laser0,1062.5,262.712018,0.2472583699
0.08199642075,laser0,1062.5,262.8889729,0.2474249157
0.08206627143,laser0,1062.5,263.0458584,0.2475725727
0.08213782578,laser0,1062.5,263.1972599,0.2477150681
0.08220938014,laser0,1062.5,263.3411685,0.2478505115
0.0822809345,laser0,1062.5,263.4949253,0.2479952238
0.08235442275,laser0,1062.5,263.6713201,0.2481612424
0.08243001067,laser0,1062.5,263.9472397,0.2484209315
0.08251291355,laser0,1062.5,264.2697026,0.248724426
0.08259581644,laser0,1062.5,264.4649264,0.248908166
0.08267595589,laser0,1062.5,264.5949318,0.2490305241
0.08275092505,laser0,1062.5,264.7134323,0.2491420539
0.08282589422,laser0,1062.5,264.8318526,0.2492535083
0.08289836441,laser0,1062.5,264.9517166,0.2493663215
0.0829708346,laser0,1062.5,265.0547934,0.2494633349
0.0830433048,laser0,1062.5,265.1519247,0.2495547527
0.08311577499,laser0,1062.5,265.2422896,0.249639802
0.08318824518,laser0,1062.5,265.3243249,0.2497170117
0.08326373497,laser0,1062.5,265.7796464,0.2501455495
0.08333922475,laser0,1062.5,265.849064,0.2502108838
0.08341471453,laser0,1062.5,265.9014196,0.2502601596
0.08349397881,laser0,1062.5,265.9391013,0.2502956248
0.08357324308,laser0,1062.5,265.9680447,0.2503228656
0.08365716996,laser0,1062.5,266.0025046,0.2503552985
0.08374109684,laser0,1062.5,266.0094664,0.2503618508
0.08383101849,laser0,1062.5,266.0321822,0.2503832303
0.08392094015,laser0,1062.5,266.0176348,0.2503695386
0.0840190365,laser0,1062.5,265.9909357,0.25034441
0.08411713285,laser0,1062.5,265.9421882,0.2502985301
0.0842152292,laser0,1062.5,265.9088598,0.2502671622
0.08431332555,laser0,1062.5,265.8296967,0.2501926557
0.0844114219,laser0,1062.5,265.7657187,0.2501324411
0.08450951825,laser0,1062.5,269.4288632,0.2535801065
0.08459126521,laser0,1062.5,269.6392707,0.2537781371
0.08467301217,laser0,1062.5,269.6427739,0.2537814342
0.08475475912,laser0,1062.5,269.7414407,0.2538742972
0.08483650608,laser0,1062.5,269.7532712,0.2538854317
0.08491825304,laser0,1062.5,269.7156856,0.253850057
0.085,laser0,1062.5,269.6433768,0.2537820017
0.0850877193,laser0,1062.5,269.6305199,0.2537699011
0.0851754386,laser0,1062.5,269.3901605,0.2535436804
0.08526315789,laser0,1062.5,267.6855362,0.2519393282
0.08535087719,laser0,1062.5,267.2938686,0.2515706998
0.08543859649,laser0,1062.5,267.12064,0.2514076612
0.08552803578,laser0,1062.5,266.9289708,0.2512272666
0.08561747506,laser0,1062.5,266.581585,0.2509003153
0.08570691434,laser0,1062.5,266.3045865,0.2506396108
0.08579635363,laser0,1062.5,265.9771318,0.2503314181
0.08588773725,laser0,1062.5,265.8098225,0.2501739506
0.08597912086,laser0,1062.5,265.6065376,0.2499826236
0.08607050448,laser0,1062.5,265.4755217,0.2498593145
0.0861640639,laser0,1062.5,265.4214074,0.2498083834
0.08625762331,laser0,1062.5,265.0904285,0.2494968739
0.08635118273,laser0,1062.5,264.5834959,0.2490197608
0.08644474215,laser0,1062.5,264.4090012,0.2488555306
0.0865408302,laser0,1062.5,264.3308944,0.2487820183
0.08663432127,laser0,1062.5,264.3408287,0.2487913682
0.08672781235,laser0,1062.5,264.0755445,0.248541689
0.08682130343,laser0,1062.5,264.0096175,0.24847964
0.0869147945,laser0,1062.5,263.964824,0.2484374814
0.08700828558,laser0,1062.5,263.8831995,0.2483606584
0.08710177665,laser0,1062.5,263.9308867,0.2484055405
0.08719526773,laser0,1062.5,263.9304639,0.2484051425
0.08728574296,laser0,1062.5,263.9016205,0.2483779958
0.08737329964,laser0,1062.5,263.8577555,0.2483367111
0.08746387552,laser0,1062.5,263.8403677,0.248320346
0.08755132808,laser0,1062.5,263.8942702,0.2483710779
0.08763878065,laser0,1062.5,263.9791228,0.2484509391
0.08772310992,laser0,1062.5,263.8635396,0.248342155
0.08780743918,laser0,1062.5,264.0298215,0.2484986555
0.08789176844,laser0,1062.5,264.1213526,0.2485848025
0.0879760977,laser0,1062.5,264.1841272,0.2486438844
0.08805705379,laser0,1062.5,264.3229215,0.2487745143
0.08813800989,laser0,1062.5,264.3278627,0.2487791649
0.08821896598,laser0,1062.5,264.256218,0.2487117346
0.08829992207,laser0,1062.5,264.2562448,0.2487117598
0.08838087816,laser0,1062.5,264.2050676,0.248663593
0.08846183425,laser0,1062.5,264.2664073,0.2487213245
0.08854279035,laser0,1062.5,264.2883665,0.248741992
0.08862374644,laser0,1062.5,264.3234424,0.2487750046
0.08870470253,laser0,1062.5,264.3927873,0.2488402704
0.08878565862,laser0,1062.5,264.3397736,0.2487903752
0.08886661471,laser0,1062.5,264.4676029,0.2489106851
0.08894757081,laser0,1062.5,264.5153965,0.2489556673
0.0890285269,laser0,1062.5,264.5914096,0.249027209
0.08910948299,laser0,1062.5,264.6558382,0.2490878477
0.08919043908,laser0,1062.5,264.7318961,0.2491594316
0.08927139517,laser0,1062.5,264.9579701,0.2493722071
0.08935235126,laser0,1062.5,264.8560142,0.2492762487
0.08943330736,laser0,1062.5,264.9576523,0.249371908
0.08951426345,laser0,1062.5,265.0942493,0.24950047
0.08959521954,laser0,1062.5,264.9516239,0.2493662342
0.08967617563,laser0,1062.5,265.0845479,0.2494913392
0.08975713172,laser0,1062.5,264.9724713,0.2493858553
0.08983808782,laser0,1062.5,265.0587986,0.2494671046
0.08991904391,laser0,1062.5,265.2304861,0.2496286928
0.09,laser0,1062.5,264.9769504,0.249390071
0.09007462687,laser0,1062.5,265.0665668,0.2494744158
0.09014925373,laser0,1062.5,265.0207645,0.2494313077
0.09022274989,laser0,1062.5,265.1662495,0.2495682349
0.09029624604,laser0,1062.5,265.3036405,0.249697544
0.0903697422,laser0,1062.5,265.4302037,0.2498166623
0.09044208998,laser0,1062.5,265.5755552,0.2499534638
0.09051443775,laser0,1062.5,265.5986428,0.2499751932
0.09058563716,laser0,1062.5,265.5647681,0.2499433111
0.09065683656,laser0,1062.5,265.5475081,0.2499270665
0.09072688758,laser0,1062.5,265.947563,0.2503035887
0.09079471476,laser0,1062.5,265.9341566,0.2502909709
0.09086146532,laser0,1062.5,265.862459,0.2502234908
0.09092715635,laser0,1062.5,265.8538268,0.2502153664
0.09099079453,laser0,1062.5,265.8647196,0.2502256184
0.09105343836,laser0,1062.5,265.822483,0.2501858663
0.0911141547,laser0,1062.5,265.9817865,0.250335799
0.09117303114,laser0,1062.5,265.8702422,0.2502308162
0.09123015008,laser0,1062.5,265.7026131,0.2500730476
0.0912864165,laser0,1062.5,265.572869,0.2499509355
0.09134184312,laser0,1062.5,265.5090257,0.2498908477
0.09139644247,laser0,1062.5,265.333356,0.2497255115
0.09145104183,laser0,1062.5,265.1575939,0.2495600884
0.09150564118,laser0,1062.5,265.0619125,0.2494700353
0.09156024054,laser0,1062.5,265.0522243,0.249460917
0.0916148399,laser0,1062.5,265.1268742,0.2495311757
0.09166943925,laser0,1062.5,265.0112834,0.2494223844
0.09172403861,laser0,1062.5,265.0180798,0.249428781
0.09177863797,laser0,1062.5,265.0734788,0.2494809212
0.09183515309,laser0,1062.5,265.0383437,0.2494478529
0.09189067672,laser0,1062.5,264.9126739,0.2493295754
0.09194522625,laser0,1062.5,264.924407,0.2493406184
0.09199977578,laser0,1062.5,264.8641958,0.249283949
0.09205432531,laser0,1062.5,264.7580052,0.2491840049
0.09210887485,laser0,1062.5,264.8244024,0.2492464963
0.09216342438,laser0,1062.5,264.7883975,0.2492126095
0.09221797391,laser0,1062.5,264.7865241,0.2492108463
0.09227252344,laser0,1062.5,264.549506,0.2489877704
0.09232707297,laser0,1062.5,264.5650737,0.2490024223
0.09238275895,laser0,1062.5,262.1746504,0.2467526121
0.09243844493,laser0,1062.5,262.049685,0.2466349976
0.0924929461,laser0,1062.5,262.0736423,0.2466575457
0.09254744727,laser0,1062.5,262.0369817,0.2466230416
0.09260194844,laser0,1062.5,261.9439849,0.2465355152
0.09265644962,laser0,1062.5,261.9183747,0.2465114115
0.09271095079,laser0,1062.5,261.8575195,0.246454136
0.09276545196,laser0,1062.5,261.863781,0.2464600291
0.09281995313,laser0,1062.5,261.8093426,0.246408793
0.0928744543,laser0,1062.5,261.7841131,0.2463850476
0.09293038972,laser0,1062.5,261.7650604,0.2463671157
0.09298485315,laser0,1062.5,261.6880694,0.2462946535
0.09303931657,laser0,1062.5,261.6665294,0.2462743806
0.09309378,laser0,1062.5,261.6549156,0.2462634499
0.09314824343,laser0,1062.5,261.6468067,0.246255818
0.09320270686,laser0,1062.5,261.6339332,0.2462437019
0.09325717029,laser0,1062.5,261.6205378,0.2462310944
0.09331163372,laser0,1062.5,261.6019638,0.246213613
0.09336609714,laser0,1062.5,261.572969,0.2461863238
0.09342056057,laser0,1062.5,261.5452214,0.2461602084
0.09347696912,laser0,1062.5,261.4987529,0.2461164733
0.09353136308,laser0,1062.5,261.4390197,0.2460602538
0.09358575704,laser0,1062.5,261.419971,0.2460423256
0.093640151,laser0,1062.5,261.406711,0.2460298457
0.09369454496,laser0,1062.5,261.3870046,0.2460112984
0.09374893892,laser0,1062.5,261.3680613,0.2459934695
0.09380333288,laser0,1062.5,261.3404145,0.2459674489
0.09385772684,laser0,1062.5,261.3153006,0.2459438124
0.0939121208,laser0,1062.5,261.3007273,0.2459300963
0.09396651476,laser0,1062.5,261.2812518,0.2459117664
0.09402090872,laser0,1062.5,261.2230556,0.2458569935
0.09407530268,laser0,1062.5,261.2157722,0.2458501386
0.09412969664,laser0,1062.5,261.22348,0.2458573929
0.0941840906,laser0,1062.5,261.2336802,0.2458669931
0.09423848456,laser0,1062.5,261.2334327,0.2458667601
0.09429287852,laser0,1062.5,261.220383,0.2458544781
0.09434727248,laser0,1062.5,261.1940691,0.2458297121
0.09440166644,laser0,1062.5,261.1703086,0.2458073493
0.0944560604,laser0,1062.5,261.1514164,0.2457895683
0.09451045436,laser0,1062.5,261.1656766,0.2458029897
0.09456484832,laser0,1062.5,261.0568595,0.2457005737
0.09461924228,laser0,1062.5,261.1119444,0.2457524182
0.09467363624,laser0,1062.5,261.1643212,0.2458017141
0.0947280302,laser0,1062.5,261.2140898,0.2458485551
0.09478242416,laser0,1062.5,261.1876887,0.2458237071
0.09483681812,laser0,1062.5,261.1539308,0.2457919349
0.09489121208,laser0,1062.5,261.1488139,0.2457871189
0.09494560604,laser0,1062.5,261.1796743,0.245816164
0.095,laser0,1062.5,261.1457961,0.2457842787
0.09505319149,laser0,1062.5,261.1232889,0.2457630955
0.09510755202,laser0,1062.5,261.0970002,0.2457383531
0.09516131519,laser0,1062.5,261.15599,0.2457938729
0.09521507835,laser0,1062.5,261.2186119,0.2458528112
0.09526884152,laser0,1062.5,261.2991465,0.2459286085
0.09532260468,laser0,1062.5,261.3425339,0.2459694436
0.0953757569,laser0,1062.5,261.3904083,0.246014502
0.09542890912,laser0,1062.5,261.4595139,0.2460795425
0.09548206134,laser0,1062.5,261.4600943,0.2460800887
0.09553521356,laser0,1062.5,261.5901943,0.2462025358
0.09558836578,laser0,1062.5,261.8790368,0.2464743876
0.0956428304,laser0,1062.5,261.8658679,0.2464619933
0.09569662262,laser0,1062.5,261.9599779,0.2465505674
0.09575041483,laser0,1062.5,261.9445918,0.2465360864
0.09580353465,laser0,1062.5,262.0482535,0.2466336503
0.09585665446,laser0,1062.5,262.0785486,0.2466621634
0.09590977428,laser0,1062.5,262.1627128,0.2467413767
0.09596289409,laser0,1062.5,262.2163922,0.2467918985
0.09601601391,laser0,1062.5,262.2077644,0.2467837783
0.09606913372,laser0,1062.5,262.3585159,0.246925662
0.09612225354,laser0,1062.5,262.4474276,0.2470093436
0.09617611112,laser0,1062.5,262.4775074,0.247037654
0.09622996871,laser0,1062.5,262.5271157,0.2470843442
0.09628306775,laser0,1062.5,262.6248461,0.2471763258
0.09633616678,laser0,1062.5,262.7209675,0.2472667929
0.09638926581,laser0,1062.5,262.8075144,0.2473482488
0.09644236484,laser0,1062.5,262.9237328,0.2474576308
0.09649546388,laser0,1062.5,263.0202303,0.2475484521
0.09654856291,laser0,1062.5,263.0689875,0.2475943412
0.09660166194,laser0,1062.5,263.0952306,0.2476190406
0.09665476097,laser0,1062.5,263.1187074,0.2476411363
0.09670871644,laser0,1062.5,262.9542893,0.24748639
0.09676180166,laser0,1062.5,262.987802,0.2475179313
0.09681488688,laser0,1062.5,263.0573062,0.247583347
0.0968679721,laser0,1062.5,263.0061512,0.2475352011
0.09692105732,laser0,1062.5,263.0285456,0.2475562782
0.09697414253,laser0,1062.5,263.1003181,0.2476238288
0.09702722775,laser0,1062.5,262.9283345,0.2474619619
0.09708031297,laser0,1062.5,262.962196,0.2474938315
0.09713339819,laser0,1062.5,262.9616892,0.2474933546
0.09718648341,laser0,1062.5,262.9783913,0.2475090742
0.0972405895,laser0,1062.5,262.8850071,0.2474211831
0.09729365508,laser0,1062.5,262.9181825,0.2474524071
0.09734672067,laser0,1062.5,262.9670695,0.2474984183
0.09739978626,laser0,1062.5,263.0311777,0.2475587555
0.09745285184,laser0,1062.5,263.0503783,0.2475768266
0.09750591743,laser0,1062.5,263.0519481,0.2475783041
0.09755898302,laser0,1062.5,263.0736153,0.2475986968
0.0976120486,laser0,1062.5,263.0856624,0.2476100352
0.09766511419,laser0,1062.5,263.1413959,0.2476624902
0.09771817978,laser0,1062.5,263.1498962,0.2476704906
0.09777124536,laser0,1062.5,263.0959147,0.2476196844
0.09782431095,laser0,1062.5,263.1485442,0.2476692181
0.09787737654,laser0,1062.5,263.2548598,0.2477692798
0.09793044212,laser0,1062.5,263.3071585,0.2478185021
0.09798218107,laser0,1062.5,263.3444629,0.2478536122
0.09803392002,laser0,1062.5,263.4188318,0.2479236064
0.09808565896,laser0,1062.5,263.4722095,0.2479738442
0.09813739791,laser0,1062.5,263.4702859,0.2479720338
0.09818913686,laser0,1062.5,263.4957018,0.2479959546
0.0982408758,laser0,1062.5,263.5873188,0.2480821824
0.0982941826,laser0,1062.5,263.4933578,0.2479937485
0.09834587403,laser0,1062.5,263.5634848,0.2480597504
0.09839756547,laser0,1062.5,263.6257762,0.2481183776
0.09844925691,laser0,1062.5,263.7009293,0.2481891099
0.09850094834,laser0,1062.5,263.7584599,0.2482432564
0.09855263978,laser0,1062.5,263.857856,0.2483368056
0.09860433122,laser0,1062.5,263.8708582,0.248349043
0.09865602265,laser0,1062.5,263.8900279,0.2483670851
0.09870771409,laser0,1062.5,264.0272827,0.248496266
0.09875940553,laser0,1062.5,264.2111369,0.2486693053
0.09881109696,laser0,1062.5,264.1270485,0.2485901633
0.0988627884,laser0,1062.5,264.2059174,0.2486643928
0.09891447984,laser0,1062.5,264.2375557,0.2486941701
0.09896617127,laser0,1062.5,264.3485672,0.2487986515
0.09901786271,laser0,1062.5,264.4806346,0.2489229503
0.09906955414,laser0,1062.5,264.4910729,0.2489327745
0.09912124558,laser0,1062.5,264.6687898,0.2491000375
0.09917293702,laser0,1062.5,264.8068579,0.2492299839
0.09922462845,laser0,1062.5,264.8367363,0.2492581048
0.09927631989,laser0,1062.5,264.8333082,0.2492548783
0.09932801133,laser0,1062.5,264.6981022,0.2491276256
0.09937970276,laser0,1062.5,264.7794247,0.2492041645
0.0994313942,laser0,1062.5,264.8042662,0.2492275447
0.09948308564,laser0,1062.5,264.8289417,0.2492507687
0.09953477707,laser0,1062.5,264.8329916,0.2492545803
0.09958646851,laser0,1062.5,264.8363547,0.2492577456
0.09963815995,laser0,1062.5,264.8706208,0.249289996
0.09968985138,laser0,1062.5,264.9383907,0.2493537795
0.09974154282,laser0,1062.5,265.0179089,0.2494286201
0.09979323425,laser0,1062.5,264.9740656,0.2493873559
0.09984492569,laser0,1062.5,264.9392046,0.2493545455
0.09989661713,laser0,1062.5,264.913966,0.2493307916
0.09994830856,laser0,1062.5,264.9500919,0.2493647924
0.1,laser0,1062.5,265.0347707,0.2494444901
0.1000510204,laser0,1062.5,265.0804019,0.249487437
0.1001020408,laser0,1062.5,265.1617415,0.249563992
0.1001530612,laser0,1062.5,265.1395953,0.2495431485
0.1002040816,laser0,1062.5,265.1041032,0.2495097442
0.100255102,laser0,1062.5,265.1450516,0.2495482838
0.1003061224,laser0,1062.5,265.0876118,0.2494942229
0.1003588626,laser0,1062.5,264.9915069,0.2494037712
0.1004110103,laser0,1062.5,264.9408805,0.2493561228
0.1004625719,laser0,1062.5,265.1008628,0.2495066944
0.1005141336,laser0,1062.5,265.193689,0.2495940603
0.1005656953,laser0,1062.5,265.1973322,0.2495974891
0.100617257,laser0,1062.5,265.2093573,0.2496088069
0.1006688187,laser0,1062.5,265.6265055,0.2500014169
0.1007210016,laser0,1062.5,265.6888885,0.2500601304
0.1007731845,laser0,1062.5,265.7020363,0.2500725047
0.1008253674,laser0,1062.5,265.8075526,0.2501718142
0.1008795834,laser0,1062.5,265.6694778,0.2500418615
0.1009330953,laser0,1062.5,265.7642898,0.2501310963
0.1009859122,laser0,1062.5,265.8863261,0.2502459539
0.1010387292,laser0,1062.5,266.0370079,0.2503877722
0.1010915461,laser0,1062.5,266.0991463,0.2504462554
0.1011443631,laser0,1062.5,266.1488176,0.2504930048
0.1011979136,laser0,1062.5,266.1097179,0.2504562051
0.1012514641,laser0,1062.5,266.1977771,0.2505390843
0.1013050146,laser0,1062.5,263.9385043,0.2484127099
0.1013585651,laser0,1062.5,263.7174015,0.2482046131
0.1014121156,laser0,1062.5,263.5452038,0.2480425448
0.1014656662,laser0,1062.5,263.5623866,0.2480587168
0.1015200405,laser0,1062.5,263.52814,0.2480264847
0.1015744149,laser0,1062.5,263.5171554,0.2480161463
0.1016287893,laser0,1062.5,263.5298098,0.2480280563
0.1016831636,laser0,1062.5,263.5723132,0.2480680595
0.101737538,laser0,1062.5,263.656287,0.2481470936
0.1017919124,laser0,1062.5,263.6637123,0.2481540822
0.1018462867,laser0,1062.5,263.6607457,0.24815129
0.1019006611,laser0,1062.5,263.6868339,0.2481758437
0.1019550355,laser0,1062.5,263.5910804,0.2480857227
0.1020094098,laser0,1062.5,263.4360663,0.2479398271
0.1020637842,laser0,1062.5,263.4360762,0.2479398365
0.1021181586,laser0,1062.5,263.41606,0.2479209977
0.1021725329,laser0,1062.5,263.4287104,0.2479329039
0.1022269073,laser0,1062.5,263.396782,0.2479028536
0.1022812817,laser0,1062.5,263.256304,0.247770639
0.102335656,laser0,1062.5,263.1975514,0.2477153425
0.1023900304,laser0,1062.5,263.2029418,0.2477204158
0.1024444048,laser0,1062.5,263.1219177,0.2476441578
0.1024987791,laser0,1062.5,263.078468,0.247603264
0.1025531535,laser0,1062.5,262.9288333,0.2474624313
0.1026075279,laser0,1062.5,262.8053372,0.2473461998
0.1026619022,laser0,1062.5,262.7263121,0.2472718232
0.1027162766,laser0,1062.5,262.5711927,0.2471258284
0.102770651,laser0,1062.5,262.4360865,0.2469986696
0.1028250253,laser0,1062.5,262.2782771,0.2468501432
0.1028807939,laser0,1062.5,262.2685839,0.2468410201
0.1029365625,laser0,1062.5,262.198066,0.2467746504
0.1029923311,laser0,1062.5,262.0353563,0.2466215119
0.1030480997,laser0,1062.5,261.9020648,0.246496061
0.1031038682,laser0,1062.5,261.8029302,0.2464027578
0.1031596368,laser0,1062.5,261.7402104,0.2463437274
0.1032154054,laser0,1062.5,261.736095,0.2463398542
0.103271174,laser0,1062.5,261.819028,0.2464179087
0.1033269426,laser0,1062.5,261.6801461,0.2462871963
0.1033827111,laser0,1062.5,261.5417418,0.2461569335
0.1034384797,laser0,1062.5,262.2182869,0.2467936818
0.1034942483,laser0,1062.5,262.1554295,0.2467345219
0.1035500169,laser0,1062.5,262.2030685,0.2467793586
0.1036080162,laser0,1062.5,262.1632949,0.2467419246
0.1036660155,laser0,1062.5,262.1092085,0.2466910197
0.1037240149,laser0,1062.5,262.0877975,0.2466708682
0.1037820142,laser0,1062.5,261.9677459,0.2465578785
0.1038400135,laser0,1062.5,261.8607098,0.2464571387
0.1038980128,laser0,1062.5,261.8331025,0.2464311553
0.1039560122,laser0,1062.5,261.7109016,0.2463161426
0.1040140115,laser0,1062.5,261.6828115,0.2462897049
0.1040720108,laser0,1062.5,261.618174,0.2462288697
0.1041300101,laser0,1062.5,261.7346469,0.2463384912
0.1041880095,laser0,1062.5,261.7962261,0.2463964481
0.1042460088,laser0,1062.5,261.7917736,0.2463922575
0.1043040081,laser0,1062.5,261.8102008,0.2464096007
0.1043620074,laser0,1062.5,261.9080909,0.2465017326
0.1044200068,laser0,1062.5,261.829601,0.2464278598
0.1044780061,laser0,1062.5,261.8033189,0.2464031237
0.1045360054,laser0,1062.5,261.8114106,0.2464107394
0.1045940047,laser0,1062.5,261.8300977,0.2464283272
0.1046520041,laser0,1062.5,261.7562176,0.2463587931
0.1047100034,laser0,1062.5,261.7860665,0.2463868861
0.1047680027,laser0,1062.5,261.7114057,0.2463166171
0.104826002,laser0,1062.5,261.4067682,0.2460298995
0.1048840014,laser0,1062.5,261.2054377,0.2458404119
0.1049420007,laser0,1062.5,260.9099807,0.2455623347
0.105,laser0,1062.5,260.8186016,0.2454763309
0.1050588235,laser0,1062.5,260.5851125,0.2452565765
0.1051176471,laser0,1062.5,260.4541716,0.245133338
0.1051764706,laser0,1062.5,260.3829239,0.2450662813
0.1052352941,laser0,1062.5,260.2875092,0.2449764793
0.1052941176,laser0,1062.5,260.3448406,0.2450304382
0.1053529412,laser0,1062.5,260.3589393,0.2450437076
0.1054117647,laser0,1062.5,260.239934,0.2449317026
0.1054705882,laser0,1062.5,260.2697052,0.2449597226
0.1055294118,laser0,1062.5,260.2306614,0.2449229755
0.1055882353,laser0,1062.5,260.3003932,0.2449886054
0.1056470588,laser0,1062.5,260.2881953,0.244977125
0.1057058824,laser0,1062.5,260.3234174,0.2450102752
0.1057647059,laser0,1062.5,260.3231732,0.2450100453
0.1058235294,laser0,1062.5,260.3634444,0.2450479476
0.1058831933,laser0,1062.5,260.27306,0.24496288
0.1059428571,laser0,1062.5,260.255782,0.2449466183
0.106002521,laser0,1062.5,260.2095529,0.2449031086
0.1060621849,laser0,1062.5,260.3683137,0.2450525306
0.1061218487,laser0,1062.5,260.3088994,0.2449966112
0.1061815126,laser0,1062.5,260.2894003,0.2449782591
0.1062411765,laser0,1062.5,260.3507013,0.2450359542
0.1063008403,laser0,1062.5,260.1510804,0.2448480757
0.1063605042,laser0,1062.5,260.1920272,0.2448866138
0.1064201681,laser0,1062.5,260.2842316,0.2449733945
0.1064798319,laser0,1062.5,260.2657504,0.2449560004
0.1065394958,laser0,1062.5,260.3197267,0.2450068016
0.1065991597,laser0,1062.5,260.3541404,0.245039191
0.1066588235,laser0,1062.5,260.3235512,0.2450104011
0.1067195722,laser0,1062.5,260.3382487,0.2450242341
0.1067803209,laser0,1062.5,260.2903522,0.244979155
0.1068410695,laser0,1062.5,260.2974647,0.2449858491
0.1069018182,laser0,1062.5,260.2347261,0.2449268011
0.1069625668,laser0,1062.5,260.5069112,0.2451829753
0.1070233155,laser0,1062.5,260.4284276,0.2451091083
0.1070840642,laser0,1062.5,260.4235916,0.2451045568
0.1071448128,laser0,1062.5,260.3264722,0.2450131503
0.1072055615,laser0,1062.5,260.3763289,0.2450600743
0.1072663102,laser0,1062.5,260.5116811,0.2451874645
0.1073284395,laser0,1062.5,260.5231048,0.2451982163
0.1073905688,laser0,1062.5,260.4992209,0.2451757373
0.1074526981,laser0,1062.5,260.3563616,0.2450412815
0.1075148274,laser0,1062.5,260.2661401,0.2449563671
0.1075769567,laser0,1062.5,260.1371111,0.2448349281
0.107639086,laser0,1062.5,260.0681506,0.2447700241
0.1077012154,laser0,1062.5,260.0092067,0.2447145475
0.1077633447,laser0,1062.5,260.309849,0.2449975049
0.107825474,laser0,1062.5,260.2210801,0.2449139578
0.1078876033,laser0,1062.5,260.0958541,0.244796098
0.1079497326,laser0,1062.5,260.098063,0.2447981769
0.1080118619,laser0,1062.5,259.9250816,0.2446353709
0.1080739912,laser0,1062.5,259.9445798,0.2446537222
0.1081361206,laser0,1062.5,259.8866667,0.2445992157
0.1081982499,laser0,1062.5,259.8592477,0.2445734096
0.1082625981,laser0,1062.5,259.7595134,0.2444795421
0.1083269463,laser0,1062.5,259.7175964,0.2444400907
0.1083912945,laser0,1062.5,259.6829158,0.2444074502
0.1084556428,laser0,1062.5,259.6373435,0.2443645586
0.108519991,laser0,1062.5,259.6353654,0.2443626969
0.1085843392,laser0,1062.5,259.5510815,0.2442833709
0.1086486874,laser0,1062.5,259.4199914,0.2441599919
0.108716253,laser0,1062.5,259.4303744,0.2441697641
0.1087838187,laser0,1062.5,259.2763218,0.2440247734
0.1088513843,laser0,1062.5,257.7263782,0.242566003
0.1089189499,laser0,1062.5,257.5942295,0.2424416278
0.1089865156,laser0,1062.5,257.5420912,0.2423925565
0.1090540812,laser0,1062.5,257.6788277,0.2425212496
0.1091268442,laser0,1062.5,257.7446854,0.2425832334
0.1091996072,laser0,1062.5,257.9008362,0.2427301988
0.1092723701,laser0,1062.5,258.0465166,0.2428673097
0.1093451331,laser0,1062.5,255.433383,0.2404078899
0.1094178961,laser0,1062.5,255.7455158,0.240701662
0.1094906591,laser0,1062.5,255.8981446,0.2408453126
0.1095634221,laser0,1062.5,256.075547,0.2410122795
0.1096361851,laser0,1062.5,256.1907072,0.2411206656
0.1097089481,laser0,1062.5,256.5362948,0.2414459245
0.109781711,laser0,1062.5,256.6394409,0.2415430032
0.109854474,laser0,1062.5,256.8259605,0.2417185511
0.109927237,laser0,1062.5,257.0312696,0.2419117832
0.11,laser0,1062.5,257.4697455,0.2423244664
0.1100724638,laser0,1062.5,257.6782192,0.2425206769
0.1101449275,laser0,1062.5,257.8938865,0.2427236579
0.1102163257,laser0,1062.5,258.0499719,0.2428705618
0.1102877238,laser0,1062.5,258.4091,0.2432085647
0.1103591219,laser0,1062.5,258.4940893,0.2432885546
0.11043052,laser0,1062.5,258.7101415,0.2434918979
0.1105008197,laser0,1062.5,258.7967325,0.2435733953
0.1105711194,laser0,1062.5,258.8999397,0.2436705315
0.1106403207,laser0,1062.5,258.9491617,0.243716858
0.1107095219,laser0,1062.5,258.9754951,0.2437416424
0.1107787232,laser0,1062.5,259.0600716,0.2438212439
0.1108479245,laser0,1062.5,259.3604566,0.2441039591
0.1109171257,laser0,1062.5,259.4552092,0.2441931381
0.110986327,laser0,1062.5,259.4090127,0.244149659
0.1110543553,laser0,1062.5,259.5988544,0.2443283335
0.1111223837,laser0,1062.5,259.7168354,0.2444393745
0.111190412,laser0,1062.5,259.8513839,0.2445660084
0.1112584404,laser0,1062.5,259.8937048,0.2446058398
0.1113264688,laser0,1062.5,259.9727119,0.2446801994
0.1113944971,laser0,1062.5,260.0555416,0.2447581568
0.1114625255,laser0,1062.5,260.1647993,0.2448609875
0.1115305538,laser0,1062.5,259.7502919,0.2444708629
0.1115985822,laser0,1062.5,259.9134702,0.2446244426
0.1116666105,laser0,1062.5,259.933195,0.2446430071
0.1117346389,laser0,1062.5,259.9992841,0.2447052086
0.1118026672,laser0,1062.5,260.1266073,0.2448250422
0.1118721745,laser0,1062.5,260.3402007,0.2450260713
0.1119416817,laser0,1062.5,260.4063182,0.2450882994
0.112011189,laser0,1062.5,260.7075502,0.2453718119
0.1120806962,laser0,1062.5,260.7991269,0.2454580017
0.1121502034,laser0,1062.5,260.8713848,0.2455260092
0.1122197107,laser0,1062.5,261.393471,0.2460173844
0.1122892179,laser0,1062.5,261.4656408,0.246085309
0.1123587251,laser0,1062.5,261.6016051,0.2462132754
0.112424757,laser0,1062.5,261.464008,0.2460837723
0.1124891381,laser0,1062.5,261.5412566,0.2461564768
0.1125535191,laser0,1062.5,261.4935108,0.2461115396
0.1126196402,laser0,1062.5,261.4905759,0.2461087774
0.1126876505,laser0,1062.5,261.7019019,0.2463076723
0.1127537177,laser0,1062.5,261.8991144,0.2464932842
0.1128197848,laser0,1062.5,261.7378125,0.2463414706
0.1128858519,laser0,1062.5,261.6071891,0.2462185309
0.112951919,laser0,1062.5,261.5536021,0.2461680961
0.1130179862,laser0,1062.5,261.4770942,0.2460960887
0.1130840533,laser0,1062.5,261.3168222,0.2459452444
0.1131501204,laser0,1062.5,261.1872763,0.2458233189
0.1132161875,laser0,1062.5,261.0317915,0.2456769802
0.1132822547,laser0,1062.5,261.0569021,0.2457006137
0.1133483218,laser0,1062.5,260.8975995,0.2455506819
0.1134171417,laser0,1062.5,260.7101611,0.2453742692
0.1134859617,laser0,1062.5,260.800278,0.2454590851
0.1135547816,laser0,1062.5,260.7929072,0.2454521479
0.1136236015,laser0,1062.5,260.6810434,0.2453468644
0.1136924214,laser0,1062.5,260.6535315,0.2453209708
0.1137612414,laser0,1062.5,260.8895563,0.2455431118
0.1138300613,laser0,1062.5,261.2702215,0.245901385
0.1138988812,laser0,1062.5,261.2919674,0.2459218517
0.1139677011,laser0,1062.5,261.3358991,0.2459631991
0.1140365211,laser0,1062.5,261.3156755,0.2459441651
0.114105341,laser0,1062.5,261.372847,0.2459979737
0.1141741609,laser0,1062.5,261.3746133,0.2459996361
0.1142429808,laser0,1062.5,261.4072548,0.2460303575
0.1143118008,laser0,1062.5,261.5218832,0.246138243
0.1143806207,laser0,1062.5,261.4937032,0.2461117207
0.1144494406,laser0,1062.5,261.4904451,0.2461086542
0.1145182605,laser0,1062.5,261.4874577,0.2461058426
0.1145870805,laser0,1062.5,261.5997043,0.2462114864
0.1146559004,laser0,1062.5,261.5532831,0.2461677958
0.1147247203,laser0,1062.5,261.6064022,0.2462177903
0.1147935402,laser0,1062.5,261.6602501,0.2462684707
0.1148623602,laser0,1062.5,261.9899595,0.2465787854
0.1149311801,laser0,1062.5,262.0245488,0.2466113401
0.115,laser0,1062.5,261.9088977,0.246502492
0.1150757576,laser0,1062.5,261.8027517,0.2464025899
0.1151551808,laser0,1062.5,261.8310666,0.2464292392
0.1152346041,laser0,1062.5,260.7692549,0.245429887
0.1153153735,laser0,1062.5,260.4894832,0.2451665724
0.11539756,laser0,1062.5,260.4413052,0.2451212285
0.1154797464,laser0,1062.5,260.1801295,0.244875416
0.1155634548,laser0,1062.5,260.2983216,0.2449866556
0.1156471632,laser0,1062.5,260.406013,0.2450880123
0.1157325129,laser0,1062.5,260.401557,0.2450838184
0.1158178627,laser0,1062.5,260.4566107,0.2451356336
0.1159032124,laser0,1062.5,260.3807537,0.2450642388
0.1159903781,laser0,1062.5,260.4495813,0.2451290177
0.1160775438,laser0,1062.5,260.4123331,0.2450939606
0.1161666905,laser0,1062.5,260.530136,0.2452048338
0.1162558373,laser0,1062.5,260.5519994,0.2452254112
0.116344984,laser0,1062.5,260.640562,0.2453087642
0.1164341307,laser0,1062.5,260.6003885,0.2452709539
0.1165232775,laser0,1062.5,260.7398695,0.2454022301
0.1166124242,laser0,1062.5,260.6898414,0.2453551449
0.1167015709,laser0,1062.5,260.8650873,0.2455200822
0.1167907177,laser0,1062.5,260.7833702,0.2454431719
0.1168798644,laser0,1062.5,260.7904792,0.2454498628
0.1169690111,laser0,1062.5,260.8481831,0.2455041724
0.1170581578,laser0,1062.5,260.7190544,0.2453826394
0.1171473046,laser0,1062.5,260.8767407,0.24553105
0.1172364513,laser0,1062.5,260.9604505,0.2456098358
0.117325598,laser0,1062.5,261.1456525,0.2457841435
0.1174147448,laser0,1062.5,263.5582283,0.2480548031
0.1175009199,laser0,1062.5,263.6047745,0.2480986113
0.1175870951,laser0,1062.5,263.7718175,0.2482558282
0.1176732703,laser0,1062.5,263.9953851,0.2484662448
0.1177594455,laser0,1062.5,264.2279803,0.248685158
0.1178456206,laser0,1062.5,264.3510164,0.2488009566
0.1179317958,laser0,1062.5,264.4553379,0.2488991415
0.118017971,laser0,1062.5,264.7039254,0.2491331063
0.1181041462,laser0,1062.5,264.8039011,0.249227201
0.1181903213,laser0,1062.5,264.9742255,0.2493875064
0.1182764965,laser0,1062.5,265.0514842,0.2494602204
0.1183626717,laser0,1062.5,265.1964738,0.2495966812
0.1184445381,laser0,1062.5,265.2048117,0.2496045287
0.1185264045,laser0,1062.5,265.2017184,0.2496016173
0.1186082709,laser0,1062.5,265.0551904,0.2494637086
0.1186901374,laser0,1062.5,265.1435804,0.2495468992
0.1187671881,laser0,1062.5,265.1039423,0.2495095927
0.1188442388,laser0,1062.5,265.0355561,0.2494452292
0.1189212896,laser0,1062.5,264.9351046,0.2493506866
0.1189983403,laser0,1062.5,264.7888735,0.2492130574
0.1190753911,laser0,1062.5,264.7136396,0.2491422491
0.1191594464,laser0,1062.5,264.5172937,0.2489574529
0.1192435018,laser0,1062.5,264.4055991,0.2488523285
0.1193275571,laser0,1062.5,264.9570492,0.2493713404
0.1194116125,laser0,1062.5,264.8879046,0.2493062632
0.1194956679,laser0,1062.5,264.9405985,0.2493558574
0.1195797232,laser0,1062.5,265.0813835,0.2494883609
0.1196637786,laser0,1062.5,265.0636379,0.2494716592
0.1197478339,laser0,1062.5,264.9429416,0.2493580627
0.1198318893,laser0,1062.5,264.9134302,0.2493302872
0.1199159446,laser0,1062.5,265.0382451,0.2494477601
0.12,laser0,1062.5,265.8673367,0.2502280816
0.1200819672,laser0,1062.5,265.2576322,0.2496542421
0.1201639344,laser0,1062.5,265.4240432,0.2498108642
0.1202459016,laser0,1062.5,265.5014864,0.2498837519
0.1203264796,laser0,1062.5,265.8341999,0.250196894
0.1204070575,laser0,1062.5,265.925757,0.2502830654
0.1204876355,laser0,1062.5,265.9367896,0.250293449
0.1205682134,laser0,1062.5,265.7892609,0.2501545985
0.1206473524,laser0,1062.5,265.9906623,0.2503441528
0.1207264915,laser0,1062.5,266.0517582,0.2504016548
0.1208056305,laser0,1062.5,265.6120781,0.2499878382
0.120883304,laser0,1062.5,265.2751662,0.2496707446
0.1209595392,laser0,1062.5,265.2294176,0.2496276871
0.1210343625,laser0,1062.5,265.0905602,0.2494969978
0.1211078002,laser0,1062.5,264.9844242,0.2493971051
0.121179878,laser0,1062.5,264.7351019,0.2491624489
0.121250621,laser0,1062.5,264.5074556,0.2489481935
0.121321364,laser0,1062.5,264.3775577,0.2488259366
0.1213907722,laser0,1062.5,264.1027935,0.2485673351
0.1214601805,laser0,1062.5,263.3467203,0.2478557367
0.1215282539,laser0,1062.5,263.1217094,0.2476439618
0.1215950183,laser0,1062.5,262.9420742,0.2474748934
0.1216617826,laser0,1062.5,262.6594814,0.2472089236
0.1217272378,laser0,1062.5,262.7278197,0.2472732421
0.1217914097,laser0,1062.5,262.1815869,0.2467591406
0.1218531133,laser0,1062.5,262.0008314,0.2465890178
0.1219136304,laser0,1062.5,261.8639891,0.246460225
0.1219718638,laser0,1062.5,261.861457,0.2464578419
0.1220269208,laser0,1062.5,261.8549982,0.246451763
0.1220809768,laser0,1062.5,261.8076933,0.2464072408
0.1221340499,laser0,1062.5,261.8590761,0.2464556011
0.1221871231,laser0,1062.5,261.7777942,0.2463791004
0.1222392134,laser0,1062.5,261.6416519,0.2462509665
0.1222913037,laser0,1062.5,261.5692211,0.2461827964
0.122343394,laser0,1062.5,261.5334039,0.246149086
0.1223954843,laser0,1062.5,261.4974326,0.2461152307
0.1224475746,laser0,1062.5,259.9932578,0.2446995368
0.1224996649,laser0,1062.5,259.9814916,0.2446884627
0.1225517553,laser0,1062.5,259.935733,0.2446453957
0.1226038456,laser0,1062.5,259.9267688,0.2446369589
0.1226559359,laser0,1062.5,259.9084529,0.2446197203
0.1227080262,laser0,1062.5,259.8998533,0.2446116266
0.1227601165,laser0,1062.5,259.8613507,0.2445753889
0.122811023,laser0,1062.5,259.858432,0.2445726419
0.1228619294,laser0,1062.5,259.8532055,0.2445677228
0.1229128358,laser0,1062.5,259.8517865,0.2445663873
0.1229637423,laser0,1062.5,259.8255956,0.244541737
0.1230146487,laser0,1062.5,259.8375309,0.2445529702
0.1230655552,laser0,1062.5,259.8416617,0.2445568581
0.1231164616,laser0,1062.5,259.8140873,0.2445309057
0.1231673681,laser0,1062.5,259.7502961,0.2444708669
0.1232182745,laser0,1062.5,259.7283449,0.244450207
0.1232691809,laser0,1062.5,260.1432911,0.2448407446
0.1233200874,laser0,1062.5,260.0994131,0.2447994476
0.1233694966,laser0,1062.5,260.010685,0.2447159389
0.1234189058,laser0,1062.5,259.9707367,0.2446783405
0.123468315,laser0,1062.5,259.9162389,0.2446270484
0.1235177242,laser0,1062.5,259.8682277,0.2445818613
0.1235671334,laser0,1062.5,259.7742856,0.2444934453
0.1236165426,laser0,1062.5,259.7178718,0.2444403499
0.1236659517,laser0,1062.5,259.6491145,0.2443756371
0.1237153609,laser0,1062.5,259.7737838,0.244492973
0.1237647701,laser0,1062.5,259.6971318,0.2444208299
0.1238141793,laser0,1062.5,259.6214476,0.2443495977
0.1238635885,laser0,1062.5,259.5496606,0.2442820335
0.1239152436,laser0,1062.5,259.4841404,0.2442203675
0.1239668987,laser0,1062.5,259.4124427,0.2441528873
0.1240185537,laser0,1062.5,259.3449286,0.2440893446
0.1240702088,laser0,1062.5,259.2718144,0.2440205312
0.1241218639,laser0,1062.5,259.1995181,0.2439524877
0.1241735189,laser0,1062.5,259.1165854,0.2438744333
0.124225174,laser0,1062.5,259.0366055,0.2437991581
0.1242768291,laser0,1062.5,258.9443478,0.2437123273
0.1243284841,laser0,1062.5,258.8707202,0.2436430308
0.1243801392,laser0,1062.5,258.7896089,0.2435666907
0.1244317943,laser0,1062.5,258.7200104,0.2435011862
0.1244834493,laser0,1062.5,258.6328773,0.2434191787
0.1245351044,laser0,1062.5,258.5586708,0.2433493372
0.1245867595,laser0,1062.5,258.4685421,0.2432645102
0.1246384145,laser0,1062.5,258.3896764,0.2431902837
0.1246900696,laser0,1062.5,258.7595118,0.243538364
0.1247417247,laser0,1062.5,258.6650061,0.2434494175
0.1247933797,laser0,1062.5,258.5628174,0.2433532399
0.1248450348,laser0,1062.5,258.4712534,0.243267062
0.1248966899,laser0,1062.5,258.379458,0.2431806664
0.1249483449,laser0,1062.5,258.289386,0.2430958927
0.125,laser0,1062.5,258.1602021,0.2429743079
0.1250520833,laser0,1062.5,257.8895263,0.2427195542
0.1251041667,laser0,1062.5,257.8307752,0.242664259
0.12515625,laser0,1062.5,257.8377345,0.2426708089
0.1252088995,laser0,1062.5,257.5354411,0.2423862975
0.1252615489,laser0,1062.5,257.3773531,0.2422375088
0.1253141984,laser0,1062.5,257.2379002,0.242106259
0.1253668478,laser0,1062.5,257.1447902,0.242018626
0.1254194973,laser0,1062.5,257.0750442,0.2419529828
0.1254721467,laser0,1062.5,256.9811695,0.2418646301
0.1255247962,laser0,1062.5,256.9566325,0.2418415364
0.1255774457,laser0,1062.5,256.8489107,0.2417401513
0.1256300951,laser0,1062.5,256.8048489,0.2416986813
0.1256827446,laser0,1062.5,256.7666451,0.2416627248
0.125735394,laser0,1062.5,256.7009141,0.2416008604
0.1257880435,laser0,1062.5,256.6440045,0.2415472984
0.1258400429,laser0,1062.5,256.5991349,0.2415050681
0.1258920424,laser0,1062.5,256.5545,0.2414630588
0.1259440419,laser0,1062.5,256.5153502,0.241426212
0.1259960413,laser0,1062.5,256.5171289,0.2414278861
0.1260480408,laser0,1062.5,256.5031531,0.2414147323
0.1261007336,laser0,1062.5,256.4869333,0.2413994666
0.1261534264,laser0,1062.5,256.4775714,0.2413906554
0.126206851,laser0,1062.5,256.463139,0.241377072
0.1262602756,laser0,1062.5,256.4456727,0.2413606331
0.1263144745,laser0,1062.5,256.4294193,0.2413453358
0.1263694824,laser0,1062.5,256.4109258,0.2413279301
0.1264244902,laser0,1062.5,256.3926377,0.2413107178
0.1264803576,laser0,1062.5,256.3754947,0.2412945832
0.126537126,laser0,1062.5,256.3665878,0.2412862003
0.1265948406,laser0,1062.5,256.3543902,0.2412747202
0.1266525551,laser0,1062.5,256.35194,0.2412724141
0.1267112822,laser0,1062.5,256.3578722,0.2412779974
0.1267710771,laser0,1062.5,256.3658597,0.241285515
0.1268320002,laser0,1062.5,256.3851687,0.2413036882
0.1268929232,laser0,1062.5,256.4016889,0.2413192366
0.1269550648,laser0,1062.5,256.3990879,0.2413167886
0.1270172063,laser0,1062.5,256.4127885,0.2413296833
0.1270793479,laser0,1062.5,256.4180993,0.2413346817
0.1271414894,laser0,1062.5,256.4354444,0.2413510065
0.1272036309,laser0,1062.5,256.4634848,0.2413773975
0.1272657725,laser0,1062.5,256.4536384,0.2413681303
0.127327914,laser0,1062.5,256.4637262,0.2413776246
0.1273900555,laser0,1062.5,256.4859388,0.2413985307
0.1274521971,laser0,1062.5,256.5083274,0.2414196022
0.1275143386,laser0,1062.5,256.4958839,0.2414078907
0.1275749645,laser0,1062.5,256.4630503,0.2413769885
0.1276355904,laser0,1062.5,256.4061007,0.2413233889
0.1276947006,laser0,1062.5,256.408765,0.2413258965
0.1277538109,laser0,1062.5,256.378544,0.2412974532
0.1278114054,laser0,1062.5,256.3507801,0.2412713224
0.1278675233,laser0,1062.5,256.3406093,0.24126175
0.1279222021,laser0,1062.5,256.3256475,0.2412476682
0.127976881,laser0,1062.5,256.3185344,0.2412409735
0.1280315599,laser0,1062.5,256.3159938,0.2412385824
0.1280862388,laser0,1062.5,256.2984694,0.2412220888
0.1281425259,laser0,1062.5,256.3019176,0.2412253342
0.128198813,laser0,1062.5,256.28527,0.2412096659
0.1282551001,laser0,1062.5,256.2605759,0.2411864244
0.1283113872,laser0,1062.5,256.2344845,0.2411618678
0.1283676743,laser0,1062.5,256.2221536,0.2411502622
0.1284239614,laser0,1062.5,256.247241,0.2411738739
0.1284802485,laser0,1062.5,256.412957,0.2413298419
0.1285387005,laser0,1062.5,256.5052365,0.2414166932
0.1285971524,laser0,1062.5,256.5269527,0.2414371319
0.1286556044,laser0,1062.5,256.5463774,0.241455414
0.1287140564,laser0,1062.5,256.5267757,0.2414369653
0.1287725084,laser0,1062.5,256.4906313,0.2414029471
0.1288309604,laser0,1062.5,256.5002973,0.2414120446
0.1288894123,laser0,1062.5,256.5296082,0.2414396312
0.1289478643,laser0,1062.5,256.5269267,0.2414371075
0.1290063163,laser0,1062.5,256.547695,0.2414566541
0.1290647683,laser0,1062.5,256.5738279,0.2414812498
0.1291232203,laser0,1062.5,256.5738391,0.2414812603
0.1291816723,laser0,1062.5,256.5785993,0.2414857405
0.1292401242,laser0,1062.5,256.5700896,0.2414777314
0.1292985762,laser0,1062.5,256.5909591,0.2414973733
0.1293570282,laser0,1062.5,256.5976661,0.2415036858
0.1294154802,laser0,1062.5,256.6220255,0.2415266123
0.1294739322,laser0,1062.5,256.6293424,0.2415334987
0.1295323841,laser0,1062.5,256.7067646,0.2416063667
0.1295908361,laser0,1062.5,256.7126636,0.2416119187
0.1296492881,laser0,1062.5,256.7249696,0.2416235008
0.1297077401,laser0,1062.5,256.7406605,0.2416382687
0.1297661921,laser0,1062.5,256.728859,0.2416271614
0.1298246441,laser0,1062.5,256.7766408,0.2416721325
0.129883096,laser0,1062.5,256.8020257,0.2416960242
0.129941548,laser0,1062.5,256.8583889,0.2417490719
0.13,laser0,1062.5,256.8878603,0.2417768097
0.1300588235,laser0,1062.5,256.9234495,0.2418103054
0.1301176471,laser0,1062.5,256.9590402,0.2418438026
0.1301764706,laser0,1062.5,257.0027783,0.2418849679
0.1302352941,laser0,1062.5,257.0554799,0.2419345693
0.1302934003,laser0,1062.5,257.1030312,0.2419793234
0.1303515065,laser0,1062.5,257.1476375,0.2420213059
0.1304096126,laser0,1062.5,257.2133333,0.2420831372
0.1304677188,laser0,1062.5,257.2552438,0.2421225824
0.130525825,laser0,1062.5,257.3317965,0.242194632
0.1305839311,laser0,1062.5,257.376252,0.2422364725
0.1306420373,laser0,1062.5,257.4237432,0.2422811701
0.1306993789,laser0,1062.5,257.4609315,0.2423161708
0.1307567205,laser0,1062.5,257.5315991,0.2423826815
0.1308140621,laser0,1062.5,257.5771298,0.2424255339
0.1308714038,laser0,1062.5,257.6114503,0.2424578356
0.1309287454,laser0,1062.5,257.6422672,0.2424868397
0.130986087,laser0,1062.5,257.6771617,0.2425196816
0.1310434286,laser0,1062.5,257.7317493,0.2425710581
0.1311007702,laser0,1062.5,257.7835183,0.242619782
0.1311581118,laser0,1062.5,257.8149978,0.2426494097
0.1312154534,laser0,1062.5,257.8567614,0.2426887166
0.1312719392,laser0,1062.5,257.8849805,0.2427152758
0.131328425,laser0,1062.5,256.1654467,0.241096891
0.1313849108,laser0,1062.5,255.9027339,0.2408496319
0.1314413965,laser0,1062.5,255.8552371,0.240804929
0.1314987934,laser0,1062.5,255.8720053,0.2408207109
0.1315561902,laser0,1062.5,255.9523505,0.2408963299
0.1316145598,laser0,1062.5,256.0342027,0.2409733673
0.1316739535,laser0,1062.5,256.1510228,0.2410833156
0.1317344271,laser0,1062.5,256.2566234,0.2411827044
0.1317960417,laser0,1062.5,256.3485181,0.2412691935
0.1318588644,laser0,1062.5,256.4541236,0.2413685869
0.1319229692,laser0,1062.5,256.5358416,0.241445498
0.1319898612,laser0,1062.5,256.5836579,0.2414905016
0.1320598644,laser0,1062.5,256.6519221,0.2415547502
0.132131575,laser0,1062.5,256.7741057,0.2416697465
0.1322032857,laser0,1062.5,256.8298007,0.2417221654
0.1322732035,laser0,1062.5,256.8016961,0.241695714
0.1323413734,laser0,1062.5,256.7952658,0.2416896619
0.1324095433,laser0,1062.5,257.2179137,0.2420874482
0.1324777133,laser0,1062.5,257.1746046,0.2420466867
0.1325477768,laser0,1062.5,257.1001491,0.2419766109
0.1326178403,laser0,1062.5,256.9518129,0.2418370004
0.1326879038,laser0,1062.5,256.8144116,0.2417076815
0.1327579673,laser0,1062.5,256.6165986,0.2415215046
0.1328280309,laser0,1062.5,256.4210659,0.2413374738
0.1328980944,laser0,1062.5,256.2391014,0.2411662131
0.1329705739,laser0,1062.5,256.0780614,0.241014646
0.1330430534,laser0,1062.5,255.9825801,0.2409247813
0.1331155329,laser0,1062.5,255.9229724,0.2408686799
0.1331880124,laser0,1062.5,255.8975509,0.2408447538
0.1332604919,laser0,1062.5,255.8614201,0.2408107484
0.1333329714,laser0,1062.5,255.8448564,0.240795159
0.1334054509,laser0,1062.5,255.8578096,0.2408073502
0.1334779304,laser0,1062.5,255.8537935,0.2408035704
0.1335504099,laser0,1062.5,255.8635488,0.2408127518
0.1336228894,laser0,1062.5,255.8700871,0.2408189055
0.1336953689,laser0,1062.5,255.8819511,0.2408300716
0.1337678484,laser0,1062.5,255.8924579,0.2408399603
0.1338403279,laser0,1062.5,255.9080724,0.2408546563
0.1339128074,laser0,1062.5,255.9604534,0.2409039561
0.1339852869,laser0,1062.5,255.9732112,0.2409159635
0.1340577664,laser0,1062.5,255.9815124,0.2409237764
0.1341302459,laser0,1062.5,255.9812009,0.2409234832
0.1342027255,laser0,1062.5,255.9797389,0.2409221072
0.134275205,laser0,1062.5,255.9591979,0.2409027745
0.1343476845,laser0,1062.5,255.9378752,0.2408827061
0.134420164,laser0,1062.5,255.930029,0.2408753214
0.1344926435,laser0,1062.5,255.8717145,0.2408204372
0.134565123,laser0,1062.5,255.8463006,0.2407965182
0.1346376025,laser0,1062.5,255.8047119,0.2407573759
0.134710082,laser0,1062.5,255.7720617,0.2407266463
0.1347825615,laser0,1062.5,255.7168938,0.2406747236
0.134855041,laser0,1062.5,255.7156032,0.2406735089
0.1349275205,laser0,1062.5,255.6534976,0.2406150566
0.135,laser0,1062.5,255.610573,0.2405746569
0.1350769231,laser0,1062.5,255.6266484,0.2405897867
0.1351550672,laser0,1062.5,255.6344186,0.2405970999
0.1352332112,laser0,1062.5,255.6502623,0.2406120115
0.1353113553,laser0,1062.5,255.6964536,0.2406554857
0.1353894994,laser0,1062.5,255.7112859,0.2406694456
0.1354676435,laser0,1062.5,255.72301,0.24068048
0.1355471585,laser0,1062.5,255.7388099,0.2406953505
0.1356266735,laser0,1062.5,255.7663833,0.2407213019
0.1357061885,laser0,1062.5,255.7854866,0.2407392816
0.1357857036,laser0,1062.5,255.8062743,0.2407588464
0.1358667477,laser0,1062.5,255.8278207,0.2407791254
0.1359477919,laser0,1062.5,255.8433616,0.2407937521
0.1360288361,laser0,1062.5,255.8437684,0.240794135
0.1361098802,laser0,1062.5,255.8415509,0.2407920479
0.1361909244,laser0,1062.5,255.9038793,0.2408507099
0.1362737304,laser0,1062.5,255.8794483,0.2408277161
0.1363565364,laser0,1062.5,255.8593561,0.2408088058
0.1364393424,laser0,1062.5,255.8970534,0.2408442855
0.1365221484,laser0,1062.5,255.8703705,0.2408191722
0.1366049543,laser0,1062.5,255.867679,0.2408166391
0.1366898305,laser0,1062.5,255.8403942,0.2407909593
0.1367747066,laser0,1062.5,255.809959,0.2407623143
0.1368595828,laser0,1062.5,255.7374323,0.2406940539
0.1369444589,laser0,1062.5,255.6442986,0.2406063987
0.1370317601,laser0,1062.5,255.5477985,0.2405155751
0.1371165669,laser0,1062.5,255.4525252,0.240425906
0.1371989507,laser0,1062.5,255.2185183,0.2402056643
0.1372746548,laser0,1062.5,255.11554,0.2401087435
0.1373411266,laser0,1062.5,255.0349911,0.2400329328
0.1374044331,laser0,1062.5,254.9751845,0.2399766442
0.1374662323,laser0,1062.5,254.9386561,0.2399422646
0.1375280315,laser0,1062.5,254.9362692,0.239940018
0.1375898308,laser0,1062.5,254.9652678,0.2399673108
0.137650085,laser0,1062.5,254.9848084,0.239985702
0.1377119249,laser0,1062.5,254.892499,0.2398988226
0.1377737647,laser0,1062.5,254.9508445,0.239953736
0.1378339332,laser0,1062.5,254.9334371,0.2399373525
0.1378941018,laser0,1062.5,254.9110519,0.2399162842
0.1379542703,laser0,1062.5,254.8738964,0.2398813143
0.1380144388,laser0,1062.5,254.8418792,0.2398511805
0.1380746073,laser0,1062.5,254.8093593,0.2398205734
0.1381347758,laser0,1062.5,254.7656257,0.2397794125
0.1381949444,laser0,1062.5,254.7127769,0.2397296723
0.1382551129,laser0,1062.5,254.65897,0.2396790306
0.1383174303,laser0,1062.5,254.3493322,0.2393876068
0.1383797477,laser0,1062.5,254.3563118,0.2393941759
0.138439757,laser0,1062.5,254.3292219,0.2393686794
0.1384997664,laser0,1062.5,254.2509176,0.2392949813
0.1385597757,laser0,1062.5,254.1673657,0.2392163442
0.1386197851,laser0,1062.5,254.0828444,0.2391367947
0.1386797944,laser0,1062.5,254.014101,0.2390720951
0.1387398038,laser0,1062.5,253.937287,0.2389997995
0.1387998131,laser0,1062.5,251.9193315,0.2371005473
0.1388598224,laser0,1062.5,251.5847906,0.2367856853
0.1389198318,laser0,1062.5,251.5738733,0.2367754102
0.1389798411,laser0,1062.5,251.4355243,0.2366451994
0.1390398505,laser0,1062.5,251.4642032,0.2366721912
0.1390998598,laser0,1062.5,251.5288372,0.2367330232
0.1391598692,laser0,1062.5,251.5337597,0.2367376562
0.1392198785,laser0,1062.5,251.6537118,0.2368505523
0.1392798879,laser0,1062.5,251.7147098,0.2369079622
0.1393453526,laser0,1062.5,251.7289645,0.2369213783
0.1394108173,laser0,1062.5,251.8555494,0.2370405171
0.1394762821,laser0,1062.5,251.9981643,0.2371747429
0.1395510989,laser0,1062.5,252.1546954,0.2373220663
0.1396259158,laser0,1062.5,252.2130247,0.2373769644
0.1397007326,laser0,1062.5,252.4136096,0.2375657502
0.1397755495,laser0,1062.5,252.6522675,0.2377903694
0.1398503663,laser0,1062.5,252.7029686,0.2378380881
0.1399251832,laser0,1062.5,252.7937623,0.237923541
0.14,laser0,1062.5,252.9298834,0.2380516549
0.1400735294,laser0,1062.5,253.0260694,0.238142183
0.1401459775,laser0,1062.5,253.2053973,0.2383109622
0.1402184256,laser0,1062.5,253.1898437,0.2382963234
0.1402908737,laser0,1062.5,253.284889,0.2383857779
0.1403633218,laser0,1062.5,253.447293,0.2385386287
0.1404357699,laser0,1062.5,253.5980279,0.2386804969
0.140508218,laser0,1062.5,253.7243226,0.2387993625
0.1405806661,laser0,1062.5,253.8697441,0.2389362297
0.1406531142,laser0,1062.5,254.0263377,0.2390836119
0.1407243746,laser0,1062.5,254.0755229,0.2391299039
0.140795635,laser0,1062.5,254.2666855,0.2393098216
0.1408668955,laser0,1062.5,254.1939938,0.2392414059
0.1409369481,laser0,1062.5,254.2923524,0.2393339787
0.1410070007,laser0,1062.5,254.3974602,0.2394329038
0.1410770533,laser0,1062.5,254.5852489,0.239609646
0.1411471059,laser0,1062.5,254.8479732,0.239856916
0.1412171586,laser0,1062.5,254.9825626,0.2399835884
0.1412872112,laser0,1062.5,255.1668852,0.2401570684
0.141358611,laser0,1062.5,255.2427779,0.2402284968
0.1414300107,laser0,1062.5,255.2214792,0.240208451
0.1415014105,laser0,1062.5,255.3942305,0.2403710404
0.1415728103,laser0,1062.5,255.5593714,0.2405264672
0.1416442101,laser0,1062.5,255.6879129,0.2406474475
0.1417156099,laser0,1062.5,255.9164549,0.2408625458
0.1417870097,laser0,1062.5,256.1689422,0.2411001809
0.1418568573,laser0,1062.5,256.2998537,0.2412233917
0.1419267049,laser0,1062.5,256.3970974,0.2413149152
0.1419950003,laser0,1062.5,256.4263616,0.2413424579
0.1420632958,laser0,1062.5,256.6275106,0.2415317747
0.1421315912,laser0,1062.5,256.7312969,0.2416294559
0.1421998867,laser0,1062.5,256.9882324,0.2418712776
0.1422681821,laser0,1062.5,257.0742886,0.2419522717
0.1423348118,laser0,1062.5,257.2836966,0.2421493615
0.1424014415,laser0,1062.5,257.5879463,0.2424357142
0.1424680712,laser0,1062.5,257.7929458,0.2426286549
0.1425347009,laser0,1062.5,258.0024111,0.2428257987
0.1426013307,laser0,1062.5,258.1378164,0.242953239
0.1426661596,laser0,1062.5,258.5304821,0.2433228066
0.1427309885,laser0,1062.5,258.5688397,0.2433589079
0.1427958174,laser0,1062.5,258.544643,0.2433361346
0.1428606463,laser0,1062.5,258.6767579,0.243460478
0.1429254752,laser0,1062.5,258.758452,0.2435373666
0.1429903041,laser0,1062.5,258.9690025,0.2437355317
0.143055133,laser0,1062.5,258.9593777,0.2437264731
0.1431199619,laser0,1062.5,258.9241278,0.2436932967
0.1431847908,laser0,1062.5,258.8428485,0.2436167986
0.1432496197,laser0,1062.5,258.9111166,0.2436810509
0.1433144486,laser0,1062.5,258.9284338,0.2436973495
0.1433792775,laser0,1062.5,258.8617311,0.2436345705
0.143441613,laser0,1062.5,258.8015288,0.2435779095
0.1435039484,laser0,1062.5,258.9023598,0.2436728092
0.1435662839,laser0,1062.5,258.8493396,0.2436229078
0.1436286194,laser0,1062.5,258.7290292,0.2435096745
0.1436909549,laser0,1062.5,258.6965948,0.2434791481
0.1437532904,laser0,1062.5,258.7498122,0.243529235
0.1438156258,laser0,1062.5,258.7466388,0.2435262483
0.1438779613,laser0,1062.5,258.7957113,0.2435724342
0.1439402968,laser0,1062.5,258.7588508,0.2435377419
0.1440026323,laser0,1062.5,258.7991628,0.2435756826
0.1440649678,laser0,1062.5,258.6310297,0.2434174397
0.1441273033,laser0,1062.5,258.7518095,0.2435311149
0.1441896387,laser0,1062.5,258.834211,0.2436086692
0.1442519742,laser0,1062.5,258.7807953,0.2435583956
0.1443143097,laser0,1062.5,258.6444636,0.2434300834
0.1443766452,laser0,1062.5,258.6914765,0.2434743309
0.1444389807,laser0,1062.5,258.9423829,0.2437104781
0.1445013161,laser0,1062.5,258.9933527,0.2437584496
0.1445636516,laser0,1062.5,259.1881204,0.2439417604
0.1446259871,laser0,1062.5,259.200542,0.2439534513
0.1446883226,laser0,1062.5,259.3995796,0.2441407808
0.1447506581,laser0,1062.5,259.2731785,0.2440218151
0.1448129936,laser0,1062.5,259.3021032,0.2440490383
0.144875329,laser0,1062.5,259.4845331,0.244220737
0.1449376645,laser0,1062.5,259.4375547,0.2441765221
0.145,laser0,1062.5,259.4363088,0.2441753495
0.1450609756,laser0,1062.5,259.424219,0.2441639708
0.1451219512,laser0,1062.5,259.4987469,0.2442341148
0.145182174,laser0,1062.5,258.0788284,0.2428977208
0.1452423969,laser0,1062.5,257.6221322,0.2424678891
0.1453026197,laser0,1062.5,257.5099035,0.2423622622
0.1453628425,laser0,1062.5,257.5003548,0.2423532751
0.1454230653,laser0,1062.5,257.3182457,0.2421818783
0.1454832882,laser0,1062.5,257.3497785,0.2422115562
0.145543511,laser0,1062.5,257.2311654,0.2420999204
0.1456029308,laser0,1062.5,257.1440537,0.2420179329
0.1456623507,laser0,1062.5,256.8061291,0.2416998862
0.1457217706,laser0,1062.5,256.7697946,0.241665689
0.1457803764,laser0,1062.5,256.6606058,0.2415629231
0.1458381795,laser0,1062.5,253.679789,0.2387574485
0.1458951907,laser0,1062.5,253.5500722,0.2386353621
0.145952202,laser0,1062.5,253.6076029,0.2386895086
0.1460092132,laser0,1062.5,253.5210339,0.2386080319
0.1460662245,laser0,1062.5,253.6039617,0.2386860816
0.1461240741,laser0,1062.5,253.6026168,0.2386848158
0.1461819237,laser0,1062.5,253.5382418,0.2386242276
0.1462389099,laser0,1062.5,253.65636,0.2387353976
0.1462958962,laser0,1062.5,253.6687861,0.2387470928
0.1463528824,laser0,1062.5,253.6757269,0.2387536253
0.1464098686,laser0,1062.5,253.715187,0.2387907642
0.1464668548,laser0,1062.5,253.7615728,0.2388344215
0.146523841,laser0,1062.5,253.8150271,0.2388847314
0.1465808272,laser0,1062.5,253.8676966,0.2389343026
0.1466378134,laser0,1062.5,253.9279668,0.2389910276
0.1466947997,laser0,1062.5,253.9972109,0.2390561985
0.1467517859,laser0,1062.5,254.0716987,0.2391263046
0.1468087721,laser0,1062.5,254.132784,0.2391837967
0.1468657583,laser0,1062.5,254.2157824,0.2392619129
0.1469227445,laser0,1062.5,254.275643,0.2393182522
0.1469797307,laser0,1062.5,254.3390076,0.2393778895
0.1470367169,laser0,1062.5,254.3994719,0.239434797
0.1470937031,laser0,1062.5,254.470977,0.239502096
0.1471506894,laser0,1062.5,254.5268581,0.2395546899
0.1472076756,laser0,1062.5,254.5999937,0.2396235235
0.1472646618,laser0,1062.5,255.2026408,0.2401907207
0.147321648,laser0,1062.5,255.2667167,0.2402510274
0.1473786342,laser0,1062.5,255.3553938,0.2403344883
0.1474356204,laser0,1062.5,255.4223343,0.2403974911
0.1474926066,laser0,1062.5,255.4805191,0.2404522533
0.1475495928,laser0,1062.5,255.5525636,0.2405200599
0.1476065791,laser0,1062.5,255.6178817,0.2405815357
0.1476635653,laser0,1062.5,255.6808089,0.2406407613
0.1477205515,laser0,1062.5,255.7622656,0.2407174265
0.1477775377,laser0,1062.5,255.8407163,0.2407912624
0.1478345239,laser0,1062.5,255.8968556,0.2408440994
0.1478915101,laser0,1062.5,255.9570282,0.2409007325
0.1479484963,laser0,1062.5,256.0224123,0.2409622704
0.1480054825,laser0,1062.5,256.0739737,0.2410107988
0.1480624688,laser0,1062.5,256.132278,0.2410656734
0.148119455,laser0,1062.5,256.1714374,0.2411025293
0.1481764412,laser0,1062.5,256.2139064,0.2411425001
0.1482334274,laser0,1062.5,256.2515239,0.2411779048
0.1482904136,laser0,1062.5,256.2906791,0.2412147568
0.1483473998,laser0,1062.5,256.3177581,0.2412402429
0.148404386,laser0,1062.5,256.3469393,0.2412677076
0.1484613723,laser0,1062.5,256.3629292,0.2412827569
0.1485183585,laser0,1062.5,256.3794682,0.241298323
0.1485753447,laser0,1062.5,256.4042776,0.241321673
0.1486323309,laser0,1062.5,256.4343605,0.2413499863
0.1486893171,laser0,1062.5,256.4420063,0.2413571824
0.1487463033,laser0,1062.5,256.6823321,0.2415833714
0.1488032895,laser0,1062.5,256.6923505,0.2415928004
0.1488602757,laser0,1062.5,256.7096787,0.2416091094
0.148917262,laser0,1062.5,256.7182533,0.2416171796
0.1489742482,laser0,1062.5,256.7417366,0.2416392815
0.1490312344,laser0,1062.5,256.7503191,0.2416473592
0.1490882206,laser0,1062.5,256.7970944,0.2416913829
0.1491452068,laser0,1062.5,256.8069601,0.2417006683
0.149202193,laser0,1062.5,256.8453436,0.241736794
0.1492591792,laser0,1062.5,256.8562268,0.241747037
0.1493161654,laser0,1062.5,256.8970033,0.2417854149
0.1493731517,laser0,1062.5,256.89362,0.2417822306
0.1494301379,laser0,1062.5,256.90969,0.2417973553
0.1494871241,laser0,1062.5,256.8994541,0.2417877215
0.1495441103,laser0,1062.5,256.9056913,0.2417935919
0.1496010965,laser0,1062.5,256.8943931,0.2417829582
0.1496580827,laser0,1062.5,256.900486,0.2417886927
0.1497150689,laser0,1062.5,256.9062238,0.241794093
0.1497720551,laser0,1062.5,256.9244799,0.2418112752
0.1498290414,laser0,1062.5,256.938612,0.241824576
0.1498860276,laser0,1062.5,256.9495373,0.2418348586
0.1499430138,laser0,1062.5,257.0427929,0.2419226286
0.15,laser0,1062.5,257.1092016,0.2419851309
0.1500595238,laser0,1062.5,257.1870554,0.2420584051
0.1501190476,laser0,1062.5,257.2635919,0.2421304395
0.1501785714,laser0,1062.5,257.3454219,0.2422074559
0.1502380952,laser0,1062.5,257.4138152,0.2422718261
0.1502983725,laser0,1062.5,257.4785718,0.2423327735
0.1503586498,laser0,1062.5,257.5474589,0.2423976084
0.1504189271,laser0,1062.5,257.6006398,0.242447661
0.1504792043,laser0,1062.5,257.6459297,0.2424902867
0.1505394816,laser0,1062.5,257.6939947,0.2425355244
0.1506005846,laser0,1062.5,257.3805922,0.2422405574
0.1506616876,laser0,1062.5,257.4228051,0.2422802872
0.1507245617,laser0,1062.5,257.5469341,0.2423971145
0.1507865246,laser0,1062.5,257.4990152,0.2423520143
0.1508475894,laser0,1062.5,257.518917,0.2423707454
0.1509086543,laser0,1062.5,257.5671254,0.242416118
0.1509697191,laser0,1062.5,257.6302229,0.2424755039
0.151030784,laser0,1062.5,257.7051643,0.242546037
0.151092803,laser0,1062.5,257.7534421,0.2425914749
0.151154822,laser0,1062.5,257.8301017,0.2426636251
0.151216841,laser0,1062.5,257.9067627,0.2427357767
0.15127886,laser0,1062.5,257.9492488,0.2427757636
0.15134777,laser0,1062.5,258.1495572,0.2429642891
0.1514154039,laser0,1062.5,258.1078181,0.2429250052
0.1514805784,laser0,1062.5,258.1142251,0.2429310354
0.1515445679,laser0,1062.5,258.1676382,0.2429813066
0.1516085573,laser0,1062.5,258.2100983,0.243021269
0.1516725468,laser0,1062.5,258.2513628,0.2430601061
0.1517365363,laser0,1062.5,258.3006288,0.2431064742
0.1518005258,laser0,1062.5,258.3605645,0.2431628842
0.1518645153,laser0,1062.5,258.3938212,0.2431941846
0.1519298379,laser0,1062.5,258.4565124,0.2432531881
0.152002937,laser0,1062.5,258.8355772,0.243609955
0.1520778636,laser0,1062.5,258.8450958,0.2436189137
0.152150917,laser0,1062.5,258.8741782,0.2436462854
0.152222144,laser0,1062.5,258.890144,0.243661312
0.1522933711,laser0,1062.5,258.7847647,0.2435621314
0.1523627719,laser0,1062.5,258.6706598,0.2434547387
0.1524321726,laser0,1062.5,258.660392,0.2434450748
0.1525015733,laser0,1062.5,258.5892201,0.2433780895
0.1525709741,laser0,1062.5,258.9449247,0.2437128703
0.1526366234,laser0,1062.5,258.9577251,0.2437249178
0.1527022728,laser0,1062.5,258.9545894,0.2437219665
0.1527679221,laser0,1062.5,258.9788897,0.2437448374
0.1528355608,laser0,1062.5,259.0113511,0.2437753893
0.1529031996,laser0,1062.5,259.0378884,0.2438003655
0.1529708383,laser0,1062.5,259.0628462,0.2438238552
0.1530362951,laser0,1062.5,259.0737075,0.2438340776
0.153101752,laser0,1062.5,259.0984336,0.2438573493
0.1531672088,laser0,1062.5,259.1120695,0.2438701831
0.1532326656,laser0,1062.5,259.1386098,0.2438951622
0.1532981224,laser0,1062.5,259.1469733,0.2439030337
0.1533611549,laser0,1062.5,259.1771292,0.2439314158
0.1534241874,laser0,1062.5,259.1996033,0.2439525678
0.1534872199,laser0,1062.5,259.238213,0.2439889063
0.1535502524,laser0,1062.5,259.2697093,0.2440185499
0.153613285,laser0,1062.5,259.2927588,0.2440402436
0.1536763175,laser0,1062.5,259.3202273,0.2440660963
0.15373935,laser0,1062.5,259.7863448,0.2445047951
0.1538023825,laser0,1062.5,259.6086118,0.244337517
0.153865415,laser0,1062.5,259.6153167,0.2443438275
0.1539284475,laser0,1062.5,259.6167789,0.2443452037
0.1539879782,laser0,1062.5,259.6369962,0.2443642317
0.1540475089,laser0,1062.5,259.6556936,0.2443818293
0.1541070396,laser0,1062.5,259.7354208,0.2444568667
0.1541628496,laser0,1062.5,259.7647071,0.2444844302
0.1542186596,laser0,1062.5,259.7712154,0.2444905557
0.1542744696,laser0,1062.5,259.763871,0.2444836433
0.1543302797,laser0,1062.5,259.7364704,0.2444578545
0.1543860897,laser0,1062.5,259.6935638,0.2444174718
0.1544418997,laser0,1062.5,259.6351808,0.2443625231
0.1544977097,laser0,1062.5,259.5707519,0.2443018841
0.1545535198,laser0,1062.5,259.4883497,0.2442243292
0.1546093298,laser0,1062.5,259.4039751,0.2441449178
0.1546651398,laser0,1062.5,259.3086379,0.2440551886
0.1547209499,laser0,1062.5,259.2003612,0.2439532811
0.1547767599,laser0,1062.5,259.1114499,0.2438695999
0.1548325699,laser0,1062.5,259.017814,0.243781472
0.1548883799,laser0,1062.5,258.9302171,0.2436990278
0.15494419,laser0,1062.5,258.8424859,0.2436164573
0.155,laser0,1062.5,258.733418,0.2435138051
0.1550574713,laser0,1062.5,258.6395202,0.2434254308
0.1551149425,laser0,1062.5,258.5346488,0.2433267283
0.1551724138,laser0,1062.5,258.4339285,0.2432319327
0.1552298851,laser0,1062.5,258.2953551,0.2431015107
0.1552880572,laser0,1062.5,258.1184122,0.2429349762
0.1553469565,laser0,1062.5,257.9805921,0.2428052631
0.1554058558,laser0,1062.5,257.8595009,0.242691295
0.15546552,laser0,1062.5,257.7585195,0.2425962536
0.1555251842,laser0,1062.5,257.6671953,0.2425103015
0.1555848484,laser0,1062.5,257.5771474,0.2424255505
0.1556453299,laser0,1062.5,257.5126948,0.2423648892
0.1557058115,laser0,1062.5,257.4407323,0.2422971598
0.155766293,laser0,1062.5,257.3757121,0.2422359643
0.1558267745,laser0,1062.5,257.3106572,0.2421747362
0.155887256,laser0,1062.5,257.2426638,0.2421107424
0.1559486403,laser0,1062.5,257.184919,0.2420563944
0.1560100245,laser0,1062.5,257.1200798,0.2419953692
0.1560714088,laser0,1062.5,257.0561478,0.241935198
0.156132793,laser0,1062.5,256.9815793,0.2418650158
0.1561951673,laser0,1062.5,256.9283192,0.2418148886
0.1562575416,laser0,1062.5,256.8867386,0.241775754
0.1563199159,laser0,1062.5,256.834533,0.2417266193
0.1563822902,laser0,1062.5,256.7820937,0.2416772646
0.1564446645,laser0,1062.5,256.7227523,0.241621414
0.1565070388,laser0,1062.5,256.6525445,0.241555336
0.1565694131,laser0,1062.5,256.5958765,0.2415020014
0.1566317874,laser0,1062.5,256.5290535,0.2414391092
0.1566941618,laser0,1062.5,256.4641475,0.2413780212
0.1567565361,laser0,1062.5,256.3840227,0.2413026096
0.1568201334,laser0,1062.5,256.2903951,0.2412144895
0.1568837307,laser0,1062.5,256.2248852,0.2411528331
0.1569473281,laser0,1062.5,256.1536691,0.2410858062
0.1570109254,laser0,1062.5,256.0775544,0.2410141689
0.1570759053,laser0,1062.5,256.0604815,0.2409981003
0.1571408852,laser0,1062.5,256.0960858,0.2410316102
0.157205865,laser0,1062.5,256.1334128,0.2410667414
0.1572723921,laser0,1062.5,255.6397703,0.2406021368
0.1573389191,laser0,1062.5,255.8138943,0.2407660182
0.1574038235,laser0,1062.5,255.9722956,0.2409151017
0.1574687279,laser0,1062.5,256.1420706,0.2410748899
0.1575320097,laser0,1062.5,256.2917494,0.2412157641
0.1575937095,laser0,1062.5,256.4308972,0.2413467268
0.1576554092,laser0,1062.5,256.5631502,0.2414712002
0.157717109,laser0,1062.5,256.6851675,0.24158604
0.1577788087,laser0,1062.5,256.8307727,0.2417230802
0.1578405085,laser0,1062.5,256.967714,0.2418519661
0.1579022083,laser0,1062.5,257.0692983,0.2419475748
0.157963908,laser0,1062.5,257.1977448,0.2420684657
0.1580256078,laser0,1062.5,257.3131259,0.2421770596
0.1580854378,laser0,1062.5,257.4077811,0.2422661469
0.1581452679,laser0,1062.5,257.52665,0.2423780235
0.158205098,laser0,1062.5,257.6275359,0.2424729749
0.158264928,laser0,1062.5,257.8721808,0.242703229
0.1583247581,laser0,1062.5,257.9990415,0.2428226273
0.1583845882,laser0,1062.5,258.1176511,0.2429342599
0.1584444182,laser0,1062.5,258.2045406,0.2430160382
0.1585042483,laser0,1062.5,258.3168824,0.2431217717
0.1585617772,laser0,1062.5,258.4053167,0.243205004
0.1586193061,laser0,1062.5,258.4727834,0.243268502
0.158676835,laser0,1062.5,258.9388943,0.2437071947
0.158734364,laser0,1062.5,259.018557,0.2437821712
0.1587918929,laser0,1062.5,259.0930295,0.243852263
0.1588494218,laser0,1062.5,259.186015,0.2439397788
0.1589069507,laser0,1062.5,259.2772619,0.2440256582
0.1589644796,laser0,1062.5,259.3554834,0.2440992785
0.1590220085,laser0,1062.5,259.4532632,0.2441913066
0.1590795374,laser0,1062.5,259.5388093,0.2442718205
0.1591370663,laser0,1062.5,259.607704,0.2443366626
0.1591945952,laser0,1062.5,259.6916953,0.2444157132
0.1592482889,laser0,1062.5,259.758061,0.2444781751
0.1593019825,laser0,1062.5,259.8034928,0.2445209344
0.1593556762,laser0,1062.5,259.8528768,0.2445674135
0.1594093698,laser0,1062.5,259.9186159,0.2446292855
0.1594630635,laser0,1062.5,259.9628513,0.2446709188
0.1595167571,laser0,1062.5,260.0248477,0.2447292684
0.1595704508,laser0,1062.5,260.0722684,0.2447738997
0.1596241444,laser0,1062.5,260.1004277,0.2448004026
0.1596778381,laser0,1062.5,260.1574208,0.2448540431
0.1597315317,laser0,1062.5,260.1922029,0.2448867792
0.1597852254,laser0,1062.5,260.2118931,0.2449053112
0.159838919,laser0,1062.5,260.2600053,0.2449505932
0.1598926127,laser0,1062.5,260.2957018,0.2449841899
0.1599463063,laser0,1062.5,260.3122561,0.2449997705
0.16,laser0,1062.5,260.3598088,0.2450445259
0.1600537634,laser0,1062.5,260.380138,0.2450636592
0.1601075269,laser0,1062.5,260.3877096,0.2450707855
0.1601612903,laser0,1062.5,260.4324516,0.2451128956
0.1602150538,laser0,1062.5,260.47063,0.2451488282
0.1602688172,laser0,1062.5,260.4870825,0.2451643129
0.1603231986,laser0,1062.5,260.4239653,0.2451049085
0.16037758,laser0,1062.5,260.8148689,0.2454728178
0.1604326088,laser0,1062.5,260.7690512,0.2454296952
0.1604876376,laser0,1062.5,260.72875,0.2453917647
0.1605433458,laser0,1062.5,260.6811654,0.2453469792
0.1605997592,laser0,1062.5,260.6169624,0.2452865528
0.1606561725,laser0,1062.5,260.583355,0.2452549224
0.1607133281,laser0,1062.5,260.5231149,0.2451982258
0.1607712561,laser0,1062.5,260.4384287,0.2451185211
0.1608299887,laser0,1062.5,260.3593216,0.2450440674
0.1608887212,laser0,1062.5,260.3226957,0.2450095959
0.160948305,laser0,1062.5,260.2652309,0.2449555114
0.1610087781,laser0,1062.5,260.2185464,0.2449115731
0.1610701815,laser0,1062.5,260.156004,0.2448527096
0.1611325595,laser0,1062.5,260.0700885,0.244771848
0.1611949376,laser0,1062.5,260.0233191,0.2447278297
0.1612583553,laser0,1062.5,259.9129731,0.2446239747
0.1613228664,laser0,1062.5,257.1134322,0.2419891127
0.1613885295,laser0,1062.5,256.7212933,0.2416200408
0.1614541926,laser0,1062.5,256.5953987,0.2415015517
0.1615210947,laser0,1062.5,256.5585104,0.2414668333
0.1615879967,laser0,1062.5,256.4865471,0.2413991032
0.1616548987,laser0,1062.5,256.428453,0.2413444264
0.1617231661,laser0,1062.5,256.3769455,0.2412959487
0.1617914335,laser0,1062.5,256.3214626,0.2412437295
0.1618582786,laser0,1062.5,256.3350554,0.2412565228
0.1619251237,laser0,1062.5,256.3549977,0.241275292
0.1619905466,laser0,1062.5,256.4109943,0.2413279946
0.1620545775,laser0,1062.5,256.4812131,0.2413940829
0.1621172461,laser0,1062.5,256.5376498,0.2414471998
0.1621785813,laser0,1062.5,256.6438972,0.2415471973
0.1622373609,laser0,1062.5,256.6812533,0.2415823561
0.1622937412,laser0,1062.5,256.6855423,0.2415863928
0.162348971,laser0,1062.5,256.6434447,0.2415467715
0.1624030737,laser0,1062.5,256.6117609,0.2415169514
0.1624583274,laser0,1062.5,256.5445896,0.2414537314
0.1625135812,laser0,1062.5,256.4664995,0.2413802348
0.1625688349,laser0,1062.5,256.3446922,0.2412655927
0.1626253736,laser0,1062.5,256.1541191,0.2410862298
0.1626819124,laser0,1062.5,255.9544892,0.2408983427
0.1627384511,laser0,1062.5,255.7621161,0.2407172857
0.1627964395,laser0,1062.5,255.6776293,0.2406377688
0.1628544279,laser0,1062.5,255.641775,0.2406040236
0.1629124164,laser0,1062.5,255.5761078,0.2405422191
0.1629704048,laser0,1062.5,255.5283821,0.2404973008
0.1630283932,laser0,1062.5,255.4284003,0.2404032003
0.1630863817,laser0,1062.5,255.3216606,0.2403027394
0.1631461823,laser0,1062.5,255.2482255,0.240233624
0.1632059828,laser0,1062.5,255.1610107,0.2401515395
0.1632657834,laser0,1062.5,255.0937954,0.240088278
0.163325584,laser0,1062.5,254.9685633,0.2399704126
0.1633853845,laser0,1062.5,254.8520943,0.2398607946
0.1634451851,laser0,1062.5,254.7242036,0.2397404269
0.1635049857,laser0,1062.5,254.5826255,0.239607177
0.163567278,laser0,1062.5,254.4828989,0.2395133166
0.1636295702,laser0,1062.5,254.3351595,0.2393742678
0.1636918625,laser0,1062.5,254.1838707,0.2392318783
0.1637541547,laser0,1062.5,254.0138469,0.2390718559
0.163816447,laser0,1062.5,253.8391522,0.2389074373
0.1638787393,laser0,1062.5,253.7253027,0.2388002849
0.1639410315,laser0,1062.5,253.6238878,0.2387048355
0.1640033238,laser0,1062.5,253.5586682,0.2386434524
0.1640656161,laser0,1062.5,253.500257,0.2385884772
0.1641279083,laser0,1062.5,253.4362739,0.2385282578
0.1641902006,laser0,1062.5,253.4256081,0.2385182194
0.1642524928,laser0,1062.5,253.4061031,0.2384998618
0.1643147851,laser0,1062.5,253.3962564,0.2384905943
0.1643770774,laser0,1062.5,253.3699676,0.2384658519
0.1644393696,laser0,1062.5,253.326592,0.2384250277
0.1645016619,laser0,1062.5,253.3266934,0.2384251232
0.1645639542,laser0,1062.5,253.3090833,0.238408549
0.1646262464,laser0,1062.5,253.3092127,0.2384086708
0.1646885387,laser0,1062.5,253.3146826,0.2384138189
0.1647508309,laser0,1062.5,253.2944401,0.2383947672
0.1648131232,laser0,1062.5,253.3230892,0.238421731
0.1648754155,laser0,1062.5,253.3377833,0.2384355608
0.1649377077,laser0,1062.5,253.3618055,0.2384581698
0.165,laser0,1062.5,253.3860738,0.2384810107
0.1650617284,laser0,1062.5,253.393301,0.2384878127
0.1651226947,laser0,1062.5,253.4397503,0.2385315297
0.165183661,laser0,1062.5,253.4695203,0.2385595485
0.1652446273,laser0,1062.5,253.5022231,0.2385903276
0.1653055937,laser0,1062.5,253.5343741,0.2386205874
0.1653657784,laser0,1062.5,253.5984334,0.2386808785
0.1654259631,laser0,1062.5,253.6362514,0.2387164719
0.1654861477,laser0,1062.5,253.6619811,0.2387406881
0.1655463324,laser0,1062.5,253.8210083,0.2388903608
0.1656065171,laser0,1062.5,253.811583,0.2388814899
0.1656667018,laser0,1062.5,253.8399696,0.2389082067
0.1657268865,laser0,1062.5,253.8316792,0.238900404
0.1657870712,laser0,1062.5,253.8532225,0.23892068
0.1658472559,laser0,1062.5,253.879635,0.2389455389
0.1659074406,laser0,1062.5,253.9063301,0.2389706636
0.1659676253,laser0,1062.5,253.9076734,0.2389719279
0.16602781,laser0,1062.5,253.9022726,0.2389668448
0.1660870964,laser0,1062.5,253.9279473,0.2389910092
0.1661463829,laser0,1062.5,253.9861529,0.239045791
0.166204771,laser0,1062.5,253.9842248,0.2390439763
0.1662631591,laser0,1062.5,253.9878031,0.2390473441
0.166320649,laser0,1062.5,253.9853042,0.2390449922
0.1663781389,laser0,1062.5,253.9726792,0.2390331098
0.1664356287,laser0,1062.5,254.0031959,0.2390618315
0.1664931186,laser0,1062.5,254.0616395,0.2391168372
0.1665506084,laser0,1062.5,254.1362884,0.239187095
0.1666080983,laser0,1062.5,254.2058333,0.239252549
0.1666655881,laser0,1062.5,254.2796776,0.2393220495
0.166723078,laser0,1062.5,254.3400427,0.2393788637
0.1667805679,laser0,1062.5,254.401116,0.2394363445
0.1668380577,laser0,1062.5,254.4763292,0.2395071333
0.1668955476,laser0,1062.5,254.54488,0.2395716518
0.1669530374,laser0,1062.5,254.6018035,0.2396252269
0.1670105273,laser0,1062.5,254.6535264,0.2396739072
0.1670680172,laser0,1062.5,254.7143452,0.2397311484
0.167125507,laser0,1062.5,254.7590521,0.2397732255
0.1671829969,laser0,1062.5,254.7990597,0.2398108797
0.1672404867,laser0,1062.5,254.8236039,0.2398339801
0.1672968033,laser0,1062.5,254.8478114,0.2398567636
0.1673531199,laser0,1062.5,254.8656491,0.239873552
0.1674094365,laser0,1062.5,254.8846851,0.2398914684
0.1674657531,laser0,1062.5,254.9040617,0.2399097052
0.1675220697,laser0,1062.5,254.7574443,0.2397717123
0.1675783863,laser0,1062.5,254.7569798,0.2397712751
0.167633423,laser0,1062.5,254.7812442,0.2397941122
0.1676884597,laser0,1062.5,254.8154424,0.2398262988
0.1677434963,laser0,1062.5,254.8379728,0.2398475038
0.167798533,laser0,1062.5,254.8461862,0.239855234
0.1678522273,laser0,1062.5,254.8320615,0.2398419402
0.1679059217,laser0,1062.5,254.8147105,0.2398256099
0.167959616,laser0,1062.5,254.7888023,0.2398012257
0.1680133103,laser0,1062.5,254.7694183,0.239782982
0.1680670046,laser0,1062.5,254.7442606,0.2397593041
0.1681192477,laser0,1062.5,254.7119429,0.2397288875
0.1681714908,laser0,1062.5,254.6762578,0.2396953015
0.168223734,laser0,1062.5,254.6461735,0.2396669868
0.1682759771,laser0,1062.5,254.6119741,0.2396347992
0.1683282202,laser0,1062.5,254.5936999,0.2396176
0.1683804633,laser0,1062.5,254.5658604,0.239591398
0.1684327064,laser0,1062.5,254.5285777,0.2395563085
0.1684832643,laser0,1062.5,254.477757,0.2395084772
0.1685338222,laser0,1062.5,254.4250391,0.2394588603
0.16858438,laser0,1062.5,254.3829875,0.2394192823
0.1686349379,laser0,1062.5,254.3416401,0.2393803672
0.1686854957,laser0,1062.5,254.3019743,0.2393430346
0.1687360536,laser0,1062.5,254.2618322,0.2393052539
0.1687866114,laser0,1062.5,252.3263774,0.2374836493
0.1688371693,laser0,1062.5,251.8483454,0.2370337368
0.1688877271,laser0,1062.5,251.7283262,0.2369207776
0.168938285,laser0,1062.5,251.7030988,0.2368970342
0.1689888429,laser0,1062.5,251.7037743,0.23689767
0.1690394007,laser0,1062.5,251.7089357,0.2369025277
0.1690899586,laser0,1062.5,251.7137555,0.236907064
0.1691405164,laser0,1062.5,251.7156342,0.2369088322
0.1691910743,laser0,1062.5,251.7218591,0.236914691
0.1692416321,laser0,1062.5,251.7255899,0.2369182022
0.16929219,laser0,1062.5,251.7326364,0.2369248343
0.1693427479,laser0,1062.5,251.7391551,0.2369309695
0.1693933057,laser0,1062.5,251.7395106,0.2369313041
0.1694438636,laser0,1062.5,251.7458392,0.2369372604
0.1694944214,laser0,1062.5,251.7543927,0.2369453108
0.1695449793,laser0,1062.5,251.7675123,0.2369576587
0.1695955371,laser0,1062.5,251.781065,0.2369704141
0.169646095,laser0,1062.5,251.8048703,0.2369928191
0.1696966529,laser0,1062.5,251.799287,0.2369875642
0.1697472107,laser0,1062.5,251.8256118,0.2370123405
0.1697977686,laser0,1062.5,251.8722871,0.2370562702
0.1698483264,laser0,1062.5,251.9310626,0.2371115883
0.1698988843,laser0,1062.5,251.9987477,0.2371752919
0.1699494421,laser0,1062.5,252.0678147,0.2372402962
0.17,laser0,1062.5,252.1383916,0.2373067215
0.1700526316,laser0,1062.5,252.2253852,0.2373885978
0.1701058291,laser0,1062.5,252.3318667,0.2374888157
0.1701596112,laser0,1062.5,252.4512815,0.2376012061
0.1702139976,laser0,1062.5,252.5832797,0.2377254397
0.1702690091,laser0,1062.5,252.7358533,0.2378690384
0.1703246678,laser0,1062.5,252.8928996,0.2380168466
0.1703809971,laser0,1062.5,253.059183,0.2381733487
0.1704387347,laser0,1062.5,253.21581,0.2383207623
0.1704972124,laser0,1062.5,253.3669674,0.2384630281
0.1705572496,laser0,1062.5,253.5199219,0.2386069853
0.1706189545,laser0,1062.5,253.6831234,0.2387605867
0.1706815408,laser0,1062.5,253.8447206,0.2389126783
0.1707459954,laser0,1062.5,254.1025533,0.2391553443
0.1708114417,laser0,1062.5,254.377046,0.2394136903
0.1708779267,laser0,1062.5,254.3551717,0.2393931028
0.1709477924,laser0,1062.5,254.3837434,0.2394199938
0.171014222,laser0,1062.5,254.603291,0.2396266268
0.1710795626,laser0,1062.5,254.7240665,0.2397402978
0.1711449032,laser0,1062.5,254.8215904,0.2398320851
0.1712113704,laser0,1062.5,254.9596213,0.2399619965
0.1712790245,laser0,1062.5,255.0707486,0.2400665869
0.1713466786,laser0,1062.5,255.12901,0.2401214212
0.1714143327,laser0,1062.5,255.1560711,0.2401468904
0.1714819868,laser0,1062.5,255.2472556,0.2402327112
0.1715496409,laser0,1062.5,255.3909485,0.2403679516
0.171617295,laser0,1062.5,255.5705999,0.2405370352
0.1716849491,laser0,1062.5,255.7589937,0.240714347
0.1717512501,laser0,1062.5,255.9723892,0.2409151898
0.1718175512,laser0,1062.5,256.1763084,0.2411071138
0.1718838522,laser0,1062.5,256.3316012,0.2412532717
0.1719501532,laser0,1062.5,256.4937937,0.2414059235
0.1720150435,laser0,1062.5,256.6155202,0.2415204896
0.1720799339,laser0,1062.5,256.7593511,0.2416558599
0.1721448243,laser0,1062.5,256.8563867,0.2417471875
0.1722097146,laser0,1062.5,256.9235392,0.2418103898
0.1722731302,laser0,1062.5,256.9871699,0.2418702776
0.1723351045,laser0,1062.5,257.0284232,0.2419091042
0.1723956703,laser0,1062.5,257.0408669,0.2419208159
0.1724548596,laser0,1062.5,257.0189196,0.2419001596
0.1725127037,laser0,1062.5,256.9893,0.2418722824
0.1725705478,laser0,1062.5,257.0155978,0.2418970332
0.1726270467,laser0,1062.5,257.0220577,0.2419031131
0.1726822317,laser0,1062.5,256.8725941,0.2417624415
0.1727361333,laser0,1062.5,256.5198632,0.2414304595
0.1727887813,laser0,1062.5,256.3819819,0.2413006888
0.172840205,laser0,1062.5,256.3849648,0.2413034963
0.1728904328,laser0,1062.5,256.4401732,0.2413554571
0.1729383775,laser0,1062.5,256.5114,0.2414224941
0.1729852326,laser0,1062.5,256.5517736,0.2414604928
0.1730300052,laser0,1062.5,256.5830101,0.2414898919
0.1730737828,laser0,1062.5,256.6095432,0.2415148642
0.1731175605,laser0,1062.5,256.6387078,0.2415423132
0.1731613382,laser0,1062.5,256.6645839,0.2415666672
0.1732051158,laser0,1062.5,256.6763981,0.2415777864
0.1732488935,laser0,1062.5,256.6921879,0.2415926475
0.1732926712,laser0,1062.5,256.6972234,0.2415973867
0.1733364488,laser0,1062.5,256.7045514,0.2416042837
0.1733802265,laser0,1062.5,256.7063847,0.2416060091
0.1734240041,laser0,1062.5,256.7030637,0.2416028835
0.1734677818,laser0,1062.5,256.7063053,0.2416059344
0.1735115595,laser0,1062.5,256.6972361,0.2415973987
0.1735566637,laser0,1062.5,256.6821098,0.2415831622
0.173601768,laser0,1062.5,256.6875671,0.2415882985
0.1736468722,laser0,1062.5,256.6514023,0.241554261
0.1736919765,laser0,1062.5,256.6333066,0.2415372298
0.1737370808,laser0,1062.5,256.6086454,0.2415140192
0.173782185,laser0,1062.5,256.6226159,0.2415271679
0.1738272893,laser0,1062.5,256.6134712,0.2415185611
0.1738723935,laser0,1062.5,256.6498122,0.2415527644
0.1739174978,laser0,1062.5,256.6475916,0.2415506744
0.1739626021,laser0,1062.5,256.5934737,0.24149974
0.1740077063,laser0,1062.5,256.5969916,0.2415030509
0.1740528106,laser0,1062.5,256.6210711,0.241525714
0.17410017,laser0,1062.5,256.6211251,0.2415257648
0.1741475295,laser0,1062.5,256.6378909,0.2415415444
0.174194889,laser0,1062.5,256.6166815,0.2415215826
0.1742422485,laser0,1062.5,256.5936827,0.2414999367
0.1742896079,laser0,1062.5,256.5657174,0.2414736164
0.1743369674,laser0,1062.5,256.5357027,0.2414453673
0.1743843269,laser0,1062.5,256.9689705,0.2418531487
0.1744316863,laser0,1062.5,256.9485007,0.241833883
0.1744790458,laser0,1062.5,256.9283065,0.2418148767
0.1745264053,laser0,1062.5,256.9054784,0.2417933914
0.1745737648,laser0,1062.5,256.8898784,0.2417787091
0.1746211242,laser0,1062.5,256.8754234,0.2417651044
0.1746684837,laser0,1062.5,256.8745592,0.241764291
0.1747158432,laser0,1062.5,256.8773138,0.2417668835
0.1747632026,laser0,1062.5,256.8751034,0.2417648032
0.1748105621,laser0,1062.5,256.8660777,0.2417563084
0.1748579216,laser0,1062.5,256.8670893,0.2417572605
0.1749052811,laser0,1062.5,256.8629928,0.241753405
0.1749526405,laser0,1062.5,256.8235564,0.2417162884
0.175,laser0,1062.5,256.8007329,0.2416948074
0.1750438596,laser0,1062.5,256.7896479,0.2416843745
0.1750881109,laser0,1062.5,256.7818685,0.2416770527
0.1751331741,laser0,1062.5,256.7838469,0.2416789147
0.1751782373,laser0,1062.5,254.9789257,0.2399801654
0.1752233005,laser0,1062.5,254.5506998,0.2395771292
0.1752679426,laser0,1062.5,254.4443173,0.2394770045
0.1753117579,laser0,1062.5,254.4107333,0.2394453961
0.1753551676,laser0,1062.5,254.3937222,0.2394293856
0.1753985772,laser0,1062.5,254.3858984,0.239422022
0.1754419869,laser0,1062.5,254.4042765,0.239439319
0.175484987,laser0,1062.5,254.4396944,0.2394726535
0.1755279871,laser0,1062.5,254.4609344,0.2394926442
0.1755709872,laser0,1062.5,254.4835645,0.239513943
0.1756144089,laser0,1062.5,254.4988697,0.2395283479
0.1756578306,laser0,1062.5,254.5065565,0.2395355825
0.1757012523,laser0,1062.5,254.5064904,0.2395355204
0.1757438142,laser0,1062.5,254.5095579,0.2395384074
0.1757859546,laser0,1062.5,254.503107,0.239532336
0.1758280951,laser0,1062.5,254.4974511,0.2395270128
0.1758702355,laser0,1062.5,254.4887725,0.2395188447
0.175912376,laser0,1062.5,254.4826404,0.2395130733
0.1759549554,laser0,1062.5,254.4570925,0.2394890282
0.1759975348,laser0,1062.5,254.44621,0.2394787859
0.1760401142,laser0,1062.5,254.4367651,0.2394698965
0.1760826936,laser0,1062.5,254.4326904,0.2394660615
0.1761252731,laser0,1062.5,254.7774537,0.2397905447
0.1761678525,laser0,1062.5,254.7634547,0.2397773692
0.1762109103,laser0,1062.5,254.7535104,0.2397680098
0.1762539682,laser0,1062.5,254.7473323,0.2397621951
0.176297026,laser0,1062.5,254.744398,0.2397594334
0.1763400838,laser0,1062.5,254.7402917,0.2397555686
0.1763831417,laser0,1062.5,254.7253885,0.2397415422
0.1764261995,laser0,1062.5,254.7182525,0.2397348259
0.1764692573,laser0,1062.5,254.7162556,0.2397329464
0.1765128468,laser0,1062.5,254.7254343,0.2397415852
0.1765564362,laser0,1062.5,254.7306321,0.2397464772
0.1766000256,laser0,1062.5,254.7435136,0.239758601
0.176643615,laser0,1062.5,254.7510487,0.2397656929
0.176687778,laser0,1062.5,254.7715932,0.2397850289
0.1767319409,laser0,1062.5,254.7824155,0.2397952146
0.1767761039,laser0,1062.5,254.7992365,0.2398110461
0.1768208802,laser0,1062.5,254.8106465,0.2398217849
0.1768656566,laser0,1062.5,254.8252883,0.2398355654
0.1769104329,laser0,1062.5,254.8290512,0.239839107
0.1769552092,laser0,1062.5,254.8454417,0.2398545334
0.1769999856,laser0,1062.5,254.8488181,0.2398577111
0.1770454403,laser0,1062.5,254.8657979,0.2398736922
0.1770908951,laser0,1062.5,254.8720297,0.2398795574
0.1771370714,laser0,1062.5,254.8866611,0.2398933281
0.1771840046,laser0,1062.5,254.9008542,0.2399066863
0.1772317334,laser0,1062.5,254.9206935,0.2399253585
0.1772794621,laser0,1062.5,254.9283888,0.2399326012
0.1773280431,laser0,1062.5,254.943483,0.2399468075
0.1773775238,laser0,1062.5,254.9641534,0.239966262
0.1774270045,laser0,1062.5,254.9814104,0.2399825039
0.1774774554,laser0,1062.5,254.9513659,0.2399542267
0.1775279063,laser0,1062.5,254.964051,0.2399661657
0.1775794082,laser0,1062.5,254.9815647,0.2399826492
0.1776309102,laser0,1062.5,254.9922162,0.2399926741
0.1776835566,laser0,1062.5,254.9993984,0.2399994338
0.1777362031,laser0,1062.5,255.0032963,0.2400031024
0.177790103,laser0,1062.5,255.0136215,0.2400128203
0.1778440029,laser0,1062.5,255.0104472,0.2400098327
0.1778979028,laser0,1062.5,255.0073812,0.240006947
0.1779532212,laser0,1062.5,255.0025994,0.2400024465
0.1780085395,laser0,1062.5,255.7705822,0.2407252538
0.1780638579,laser0,1062.5,255.6673084,0.240628055
0.1781208032,laser0,1062.5,255.6578737,0.2406191753
0.1781777486,laser0,1062.5,255.6455767,0.2406076016
0.1782365309,laser0,1062.5,255.6462403,0.2406082262
0.1782953132,laser0,1062.5,255.6401806,0.2406025229
0.1783540955,laser0,1062.5,255.7144222,0.2406723973
0.1784150549,laser0,1062.5,255.7655062,0.2407204765
0.1784760144,laser0,1062.5,255.8298581,0.2407810429
0.1785369738,laser0,1062.5,255.9581256,0.2409017653
0.1786005836,laser0,1062.5,256.0100562,0.2409506412
0.1786641935,laser0,1062.5,256.050365,0.2409885789
0.1787309838,laser0,1062.5,256.0900124,0.241025894
0.1787977741,laser0,1062.5,256.1176878,0.2410519414
0.1788645644,laser0,1062.5,256.1569416,0.2410888862
0.1789313548,laser0,1062.5,256.1848509,0.2411151538
0.1790025978,laser0,1062.5,256.2037758,0.2411329655
0.1790738408,laser0,1062.5,256.2242261,0.2411522128
0.1791510207,laser0,1062.5,256.2404474,0.2411674799
0.1792282007,laser0,1062.5,256.2662324,0.2411917482
0.1793053806,laser0,1062.5,256.2779988,0.2412028224
0.1793825605,laser0,1062.5,256.2860683,0.2412104172
0.1794597405,laser0,1062.5,256.3243738,0.2412464695
0.1795369204,laser0,1062.5,256.3605488,0.2412805166
0.1796141003,laser0,1062.5,256.8905052,0.241779299
0.1796912803,laser0,1062.5,256.9080612,0.2417958223
0.1797684602,laser0,1062.5,256.928756,0.2418152998
0.1798456401,laser0,1062.5,256.9341379,0.2418203651
0.1799228201,laser0,1062.5,257.0354259,0.241915695
0.18,laser0,1062.5,257.7979988,0.2426334106
0.1800793651,laser0,1062.5,257.1471032,0.242020803
0.1801587302,laser0,1062.5,257.2033039,0.2420736978
0.1802380952,laser0,1062.5,257.2452195,0.2421131477
0.1803174603,laser0,1062.5,257.2996288,0.2421643565
0.1803968254,laser0,1062.5,257.3500268,0.24221179
0.1804761905,laser0,1062.5,257.4085187,0.2422668412
0.1805569728,laser0,1062.5,257.4568828,0.2423123603
0.1806377551,laser0,1062.5,257.4939826,0.2423472777
0.1807185374,laser0,1062.5,257.5357946,0.2423866302
0.1807993197,laser0,1062.5,257.4719418,0.2423265334
0.180880102,laser0,1062.5,257.4688375,0.2423236118
0.1809608844,laser0,1062.5,257.4875557,0.2423412289
0.1810416667,laser0,1062.5,257.5138936,0.2423660175
0.1811241319,laser0,1062.5,257.468921,0.2423236903
0.1812065972,laser0,1062.5,257.4771441,0.2423314297
0.1812890625,laser0,1062.5,257.4630657,0.2423181795
0.1813715278,laser0,1062.5,257.45416,0.2423097976
0.1814539931,laser0,1062.5,257.4769223,0.242331221
0.1815364583,laser0,1062.5,257.4783528,0.2423325673
0.181620935,laser0,1062.5,257.4893346,0.2423429032
0.1817054116,laser0,1062.5,257.4905613,0.2423440577
0.1817898882,laser0,1062.5,257.4987501,0.2423517648
0.1818743648,laser0,1062.5,257.5097518,0.2423621194
0.1819588415,laser0,1062.5,257.5196364,0.2423714225
0.1820433181,laser0,1062.5,257.5299872,0.2423811644
0.1821277947,laser0,1062.5,257.5330235,0.2423840221
0.1822122713,laser0,1062.5,257.5346441,0.2423855473
0.1822993879,laser0,1062.5,257.1551671,0.2420283925
0.1823865044,laser0,1062.5,257.1530245,0.242026376
0.1824736209,laser0,1062.5,257.1507911,0.242024274
0.1825607374,laser0,1062.5,257.147612,0.2420212819
0.1826478539,laser0,1062.5,257.1424179,0.2420163933
0.1827349705,laser0,1062.5,257.1340507,0.2420085183
0.182822087,laser0,1062.5,257.122291,0.2419974503
0.1829092035,laser0,1062.5,257.110078,0.2419859557
0.18299632,laser0,1062.5,257.1001719,0.2419766324
0.1830834365,laser0,1062.5,257.1018546,0.2419782161
0.1831705531,laser0,1062.5,257.0528413,0.2419320859
0.1832576696,laser0,1062.5,257.0265269,0.2419073195
0.1833447861,laser0,1062.5,257.0065526,0.2418885201
0.1834319026,laser0,1062.5,256.9907043,0.241873604
0.1835190192,laser0,1062.5,256.9715731,0.2418555982
0.1836061357,laser0,1062.5,256.9596405,0.2418443675
0.1836932522,laser0,1062.5,256.9437941,0.2418294533
0.1837803687,laser0,1062.5,256.9284279,0.241814991
0.1838674852,laser0,1062.5,256.9184279,0.2418055792
0.1839546018,laser0,1062.5,256.9057828,0.241793678
0.1840417183,laser0,1062.5,256.9027378,0.2417908121
0.1841288348,laser0,1062.5,256.8923927,0.2417810755
0.1842159513,laser0,1062.5,256.8864596,0.2417754914
0.1843030678,laser0,1062.5,256.8700403,0.2417600379
0.1843901844,laser0,1062.5,256.8411266,0.2417328251
0.1844773009,laser0,1062.5,256.8207503,0.2417136473
0.1845644174,laser0,1062.5,256.8093499,0.2417029176
0.1846515339,laser0,1062.5,256.7634559,0.2416597232
0.1847386504,laser0,1062.5,256.7494695,0.2416465596
0.184825767,laser0,1062.5,256.7202931,0.2416190994
0.1849128835,laser0,1062.5,256.6958455,0.2415960899
0.185,laser0,1062.5,256.6307953,0.2415348661
0.1850847458,laser0,1062.5,256.5757166,0.2414830273
0.1851694915,laser0,1062.5,256.5306342,0.2414405969
0.1852542373,laser0,1062.5,256.5575247,0.2414659056
0.1853389831,laser0,1062.5,256.5365673,0.241446181
0.1854222155,laser0,1062.5,256.5050859,0.2414165514
0.1855054479,laser0,1062.5,256.4689318,0.241382524
0.1855886804,laser0,1062.5,256.4584844,0.2413726912
0.1856719128,laser0,1062.5,256.4502546,0.2413649455
0.1857551453,laser0,1062.5,256.4336061,0.2413492763
0.1858383777,laser0,1062.5,256.4080119,0.2413251876
0.1859216102,laser0,1062.5,256.3824239,0.2413011049
0.1860048426,laser0,1062.5,256.3623966,0.2412822556
0.1860880751,laser0,1062.5,256.330933,0.2412526428
0.1861713075,laser0,1062.5,256.3055719,0.2412287736
0.1862563896,laser0,1062.5,256.2864424,0.2412107693
0.1863414716,laser0,1062.5,256.2589911,0.2411849328
0.1864265537,laser0,1062.5,256.2124388,0.2411411189
0.1865116357,laser0,1062.5,256.166394,0.2410977826
0.1865967178,laser0,1062.5,256.1621326,0.2410937718
0.1866817998,laser0,1062.5,256.1790157,0.2411096618
0.1867668819,laser0,1062.5,256.1932963,0.2411231024
0.1868519639,laser0,1062.5,256.1967423,0.2411263457
0.186937046,laser0,1062.5,256.2031623,0.241132388
0.1870221281,laser0,1062.5,256.2060514,0.2411351072
0.1871072101,laser0,1062.5,256.2209832,0.2411491606
0.1871922922,laser0,1062.5,256.229029,0.2411567332
0.1872773742,laser0,1062.5,256.2363437,0.2411636176
0.1873652009,laser0,1062.5,256.2531725,0.2411794565
0.1874530275,laser0,1062.5,256.2792195,0.2412039713
0.1875408541,laser0,1062.5,256.3020095,0.2412254207
0.1876286808,laser0,1062.5,256.3268719,0.2412488206
0.1877165074,laser0,1062.5,256.3569972,0.2412771738
0.1878043341,laser0,1062.5,256.3941311,0.2413121234
0.1878921607,laser0,1062.5,256.435078,0.2413506617
0.1879799873,laser0,1062.5,256.4780087,0.2413910671
0.188067814,laser0,1062.5,256.5258488,0.241436093
0.1881556406,laser0,1062.5,256.5307975,0.2414407505
0.1882434672,laser0,1062.5,256.5620223,0.2414701386
0.1883312939,laser0,1062.5,256.5914178,0.241497805
0.1884191205,laser0,1062.5,256.6414324,0.2415448776
0.1885069472,laser0,1062.5,256.6862455,0.2415870546
0.1885898945,laser0,1062.5,256.7386698,0.2416363951
0.1886728419,laser0,1062.5,256.7817937,0.2416769823
0.1887557893,laser0,1062.5,256.8434258,0.2417349889
0.1888387367,laser0,1062.5,256.9078424,0.2417956163
0.1889216841,laser0,1062.5,256.9703672,0.2418544633
0.1890046314,laser0,1062.5,257.1474574,0.2420211364
0.1890875788,laser0,1062.5,257.0810615,0.2419586461
0.1891705262,laser0,1062.5,257.1476566,0.2420213238
0.1892534736,laser0,1062.5,257.2105457,0.2420805136
0.189336421,laser0,1062.5,257.2568995,0.2421241407
0.1894193683,laser0,1062.5,257.2992846,0.2421640326
0.1895023157,laser0,1062.5,257.3472848,0.2422092092
0.1895852631,laser0,1062.5,257.4003498,0.2422591527
0.1896682105,laser0,1062.5,257.4549228,0.2423105156
0.1897511579,laser0,1062.5,257.5096326,0.2423620072
0.1898341052,laser0,1062.5,257.685619,0.2425276414
0.1899170526,laser0,1062.5,257.5972371,0.2424444585
0.19,laser0,1062.5,257.6837452,0.2425258779
0.1900793651,laser0,1062.5,257.7589669,0.2425966747
0.1901587302,laser0,1062.5,257.8152326,0.2426496306
0.1902380952,laser0,1062.5,257.8908486,0.2427207987
0.1903161593,laser0,1062.5,257.9143839,0.2427429496
0.1903942233,laser0,1062.5,257.9320294,0.2427595571
0.1904722873,laser0,1062.5,257.9558468,0.2427819735
0.1905503513,laser0,1062.5,257.9846047,0.2428090397
0.1906298093,laser0,1062.5,258.0875468,0.2429059264
0.1907078484,laser0,1062.5,258.00679,0.24282992
0.1907858875,laser0,1062.5,258.0185586,0.2428409963
0.1908639267,laser0,1062.5,258.0497776,0.242870379
0.1909419658,laser0,1062.5,258.0650519,0.2428847548
0.1910200049,laser0,1062.5,258.0465754,0.242867365
0.191098044,laser0,1062.5,257.982746,0.2428072903
0.1911760831,laser0,1062.5,257.903208,0.2427324311
0.1912541223,laser0,1062.5,257.8815756,0.2427120711
0.1913321614,laser0,1062.5,255.1084403,0.2401020614
0.1914102005,laser0,1062.5,254.5318944,0.23955943
0.1914882396,laser0,1062.5,254.3864628,0.2394225532
0.1915662787,laser0,1062.5,254.3467059,0.239385135
0.1916443179,laser0,1062.5,254.3356659,0.2393747444
0.191722357,laser0,1062.5,254.3464151,0.2393848613
0.1918003961,laser0,1062.5,254.3975688,0.2394330059
0.1918784352,laser0,1062.5,254.4346837,0.2394679376
0.1919564743,laser0,1062.5,254.4984717,0.2395279734
0.1920345135,laser0,1062.5,254.5689876,0.2395943412
0.1921125526,laser0,1062.5,254.5991167,0.239622698
0.1921905917,laser0,1062.5,254.5734927,0.2395985813
0.1922686308,laser0,1062.5,254.5303204,0.2395579486
0.1923466699,laser0,1062.5,254.4305366,0.2394640345
0.1924247091,laser0,1062.5,254.3484634,0.2393867891
0.1925027482,laser0,1062.5,254.2443447,0.2392887951
0.1925807873,laser0,1062.5,254.154976,0.2392046833
0.1926588264,laser0,1062.5,254.0751915,0.239129592
0.1927368655,laser0,1062.5,254.0379635,0.2390945539
0.1928149047,laser0,1062.5,254.3950435,0.2394306292
0.1928929438,laser0,1062.5,254.393957,0.2394296066
0.1929709829,laser0,1062.5,254.7670692,0.239780771
0.193049022,laser0,1062.5,254.7300338,0.2397459142
0.1931270611,laser0,1062.5,254.7583613,0.2397725753
0.1932051002,laser0,1062.5,254.7012719,0.2397188442
0.1932831394,laser0,1062.5,254.5874587,0.2396117259
0.1933611785,laser0,1062.5,254.4398997,0.2394728467
0.1934392176,laser0,1062.5,254.3269101,0.2393665036
0.1935172567,laser0,1062.5,254.2322561,0.2392774175
0.1935952958,laser0,1062.5,254.1587395,0.2392082254
0.193673335,laser0,1062.5,254.1192917,0.2391710981
0.1937513741,laser0,1062.5,254.1822611,0.2392303634
0.1938294132,laser0,1062.5,253.9868221,0.2390464208
0.1939074523,laser0,1062.5,253.8242421,0.2388934044
0.1939854914,laser0,1062.5,253.6924657,0.2387693794
0.1940635306,laser0,1062.5,253.7113151,0.2387871201
0.1941415697,laser0,1062.5,253.6003512,0.2386826834
0.1942196088,laser0,1062.5,253.5072765,0.2385950838
0.1942976479,laser0,1062.5,253.4448992,0.2385363758
0.194375687,laser0,1062.5,253.3838862,0.2384789517
0.1944537262,laser0,1062.5,253.3340249,0.2384320234
0.1945317653,laser0,1062.5,253.290965,0.2383914964
0.1946098044,laser0,1062.5,253.2716012,0.2383732717
0.1946878435,laser0,1062.5,253.2468847,0.2383500091
0.1947658826,laser0,1062.5,253.2347138,0.2383385541
0.1948439218,laser0,1062.5,253.2388984,0.2383424926
0.1949219609,laser0,1062.5,253.2600108,0.2383623631
0.195,laser0,1062.5,253.266273,0.2383682569
0.1950793651,laser0,1062.5,253.2928487,0.2383932694
0.1951587302,laser0,1062.5,253.3192997,0.2384181645
0.1952380952,laser0,1062.5,253.3607426,0.2384571695
0.1953174603,laser0,1062.5,253.4215014,0.2385143542
0.1953968254,laser0,1062.5,253.4964714,0.2385849143
0.1954775828,laser0,1062.5,253.5719067,0.2386559122
0.1955583403,laser0,1062.5,253.7811928,0.2388528874
0.1956390977,laser0,1062.5,253.8695195,0.2389360184
0.1957198552,laser0,1062.5,253.9358954,0.2389984898
0.1958006126,laser0,1062.5,254.0126355,0.2390707158
0.1958813701,laser0,1062.5,254.064324,0.2391193637
0.1959621275,laser0,1062.5,254.1418852,0.2391923625
0.196042885,laser0,1062.5,254.2062051,0.2392528989
0.1961236424,laser0,1062.5,254.3137325,0.2393541011
0.1962027518,laser0,1062.5,254.4151743,0.2394495758
0.1962818611,laser0,1062.5,254.5220213,0.2395501377
0.1963609705,laser0,1062.5,254.6112961,0.2396341611
0.1964400798,laser0,1062.5,254.6796762,0.2396985188
0.1965191891,laser0,1062.5,254.7582606,0.2397724806
0.1965982985,laser0,1062.5,254.8113267,0.2398224251
0.1966774078,laser0,1062.5,254.8712456,0.2398788194
0.1967565171,laser0,1062.5,254.9153393,0.2399203193
0.1968337429,laser0,1062.5,254.9655984,0.239967622
0.1969109687,laser0,1062.5,255.0559012,0.2400526129
0.1969881945,laser0,1062.5,255.1498837,0.240141067
0.1970654203,laser0,1062.5,255.2075926,0.2401953813
0.1971426461,laser0,1062.5,255.2466407,0.2402321324
0.1972198718,laser0,1062.5,255.264185,0.2402486447
0.1972970976,laser0,1062.5,255.2845895,0.2402678489
0.1973743234,laser0,1062.5,255.2863811,0.2402695352
0.1974493427,laser0,1062.5,255.3077618,0.2402896581
0.1975222187,laser0,1062.5,255.3109187,0.2402926293
0.1975950946,laser0,1062.5,255.3279526,0.2403086613
0.1976658271,laser0,1062.5,255.3443552,0.2403240991
0.1977365596,laser0,1062.5,255.3588289,0.2403377213
0.1978095738,laser0,1062.5,255.364192,0.2403427689
0.197882588,laser0,1062.5,255.3868316,0.2403640768
0.1979531684,laser0,1062.5,255.384593,0.2403619699
0.1980237488,laser0,1062.5,255.4060224,0.2403821388
0.1980918954,laser0,1062.5,255.4547497,0.2404279997
0.198160042,laser0,1062.5,255.470115,0.2404424612
0.1982281886,laser0,1062.5,255.4891966,0.2404604203
0.1982963352,laser0,1062.5,255.5039874,0.2404743411
0.1983644818,laser0,1062.5,255.5074253,0.2404775767
0.1984355913,laser0,1062.5,255.5204313,0.2404898177
0.198503609,laser0,1062.5,255.521562,0.2404908819
0.1985716268,laser0,1062.5,255.5245388,0.2404936836
0.1986396446,laser0,1062.5,255.5402455,0.2405084664
0.1987076623,laser0,1062.5,255.5489142,0.2405166251
0.1987756801,laser0,1062.5,255.5534018,0.2405208488
0.1988436979,laser0,1062.5,253.879591,0.2389454974
0.1989117157,laser0,1062.5,253.6633927,0.2387420167
0.1989797334,laser0,1062.5,254.660377,0.2396803549
0.1990477512,laser0,1062.5,254.7593052,0.2397734638
0.199115769,laser0,1062.5,254.8846968,0.2398914793
0.1991837867,laser0,1062.5,254.7784006,0.2397914358
0.1992518045,laser0,1062.5,254.8910014,0.2398974131
0.1993198223,laser0,1062.5,254.9617578,0.2399640073
0.1993953976,laser0,1062.5,255.0317591,0.240029891
0.1994709729,laser0,1062.5,255.1245246,0.2401171997
0.1995465482,laser0,1062.5,255.1422086,0.2401338434
0.1996221235,laser0,1062.5,255.1467162,0.2401380858
0.1996976988,laser0,1062.5,255.2150068,0.2402023593
0.1997732741,laser0,1062.5,255.2352739,0.2402214343
0.1998488494,laser0,1062.5,255.2759581,0.2402597253
0.1999244247,laser0,1062.5,255.3049135,0.2402869774
0.2,laser0,1062.5,255.2234744,0.2402103289
0.2000704225,laser0,1062.5,255.336239,0.2403164603
0.2001408451,laser0,1062.5,255.4055997,0.2403817409
0.2002112676,laser0,1062.5,255.5180995,0.2404876231
0.2002806695,laser0,1062.5,255.6314017,0.2405942605
0.2003500714,laser0,1062.5,255.7608695,0.2407161124
0.2004194734,laser0,1062.5,255.9073129,0.2408539416
0.2004888753,laser0,1062.5,256.055633,0.2409935369
0.2005582772,laser0,1062.5,256.201272,0.2411306089
0.2006276791,laser0,1062.5,256.3418224,0.2412628917
0.200697081,laser0,1062.5,256.4683843,0.2413820088
0.200766483,laser0,1062.5,256.5773268,0.2414845429
0.2008347655,laser0,1062.5,256.7099381,0.2416093535
0.200903048,laser0,1062.5,256.8399936,0.2417317587
0.2009713306,laser0,1062.5,256.9494239,0.2418347519
0.2010396131,laser0,1062.5,257.04523,0.2419249223
0.2011078956,laser0,1062.5,257.162785,0.2420355623
0.2011761782,laser0,1062.5,257.2662243,0.242132917
0.2012444607,laser0,1062.5,257.3588597,0.2422201032
0.2013127432,laser0,1062.5,257.4543972,0.2423100209
0.2013810258,laser0,1062.5,257.5519345,0.2424018207
0.2014480438,laser0,1062.5,257.6553045,0.2424991101
0.2015150618,laser0,1062.5,257.7660887,0.2426033776
0.2015820799,laser0,1062.5,257.8976469,0.242727197
0.2016490979,laser0,1062.5,258.0309717,0.2428526793
0.201716116,laser0,1062.5,258.1524354,0.2429669981
0.201783134,laser0,1062.5,258.2418374,0.243051141
0.201850152,laser0,1062.5,258.3284756,0.2431326829
0.2019171701,laser0,1062.5,258.4533567,0.243250218
0.2019841881,laser0,1062.5,258.56481,0.2433551152
0.2020512062,laser0,1062.5,258.6830568,0.2434664064
0.2021182242,laser0,1062.5,258.7770299,0.2435548517
0.2021852423,laser0,1062.5,258.8762434,0.2436482291
0.2022522603,laser0,1062.5,258.9418542,0.2437099804
0.2023192783,laser0,1062.5,258.9706935,0.2437371233
0.2023862964,laser0,1062.5,259.068316,0.2438290033
0.2024533144,laser0,1062.5,259.1188311,0.2438765469
0.2025203325,laser0,1062.5,259.1619469,0.2439171265
0.2025873505,laser0,1062.5,259.2090783,0.2439614855
0.2026543685,laser0,1062.5,259.1786228,0.2439328214
0.2027213866,laser0,1062.5,259.1686769,0.2439234606
0.2027884046,laser0,1062.5,258.3210999,0.2431257411
0.2028554227,laser0,1062.5,258.380146,0.2431813139
0.2029246026,laser0,1062.5,258.4464662,0.2432437329
0.2029937825,laser0,1062.5,258.5283202,0.243320772
0.2030629624,laser0,1062.5,258.6236407,0.2434104854
0.2031321423,laser0,1062.5,258.6934941,0.2434762297
0.2032013222,laser0,1062.5,259.0761716,0.2438363968
0.2032705022,laser0,1062.5,259.0974922,0.2438564633
0.2033396821,laser0,1062.5,259.1185394,0.2438762724
0.203408862,laser0,1062.5,259.1134607,0.2438714925
0.2034780419,laser0,1062.5,259.0978875,0.2438568353
0.2035472218,laser0,1062.5,259.0956463,0.243854726
0.2036164017,laser0,1062.5,259.1031099,0.2438617505
0.2036855816,laser0,1062.5,259.1230995,0.2438805642
0.2037513026,laser0,1062.5,259.0943201,0.2438534777
0.2038170235,laser0,1062.5,259.0062446,0.2437705831
0.2038827444,laser0,1062.5,258.9389747,0.2437072703
0.2039484653,laser0,1062.5,258.8456779,0.2436194616
0.2040141862,laser0,1062.5,258.7947851,0.2435715625
0.2040799071,laser0,1062.5,258.7522535,0.2435315327
0.2041456281,laser0,1062.5,258.705174,0.2434872226
0.204211349,laser0,1062.5,258.6686382,0.243452836
0.2042770699,laser0,1062.5,258.6262849,0.243412974
0.2043427908,laser0,1062.5,258.5960678,0.2433845344
0.2044085117,laser0,1062.5,258.5652086,0.2433554905
0.2044742327,laser0,1062.5,258.5350891,0.2433271427
0.2045399536,laser0,1062.5,258.5060833,0.2432998431
0.2046056745,laser0,1062.5,258.47977,0.2432750776
0.2046713954,laser0,1062.5,258.4521477,0.2432490802
0.2047371163,laser0,1062.5,258.4108543,0.2432102158
0.2048028372,laser0,1062.5,258.3799031,0.2431810852
0.2048685582,laser0,1062.5,258.3470945,0.2431502066
0.2049342791,laser0,1062.5,258.313517,0.2431186043
0.205,laser0,1062.5,258.241575,0.2430508941
0.2050657895,laser0,1062.5,258.1787889,0.2429918013
0.2051315789,laser0,1062.5,258.1161104,0.2429328098
0.2051973684,laser0,1062.5,256.478675,0.2413916941
0.2052631579,laser0,1062.5,256.2299933,0.2411576407
0.2053289474,laser0,1062.5,256.1212441,0.2410552886
0.2053947368,laser0,1062.5,256.0312069,0.2409705476
0.2054605263,laser0,1062.5,255.9402123,0.2408849057
0.2055263158,laser0,1062.5,255.8505833,0.240800549
0.2055921053,laser0,1062.5,255.761589,0.2407167897
0.2056578947,laser0,1062.5,255.6686491,0.2406293168
0.2057236842,laser0,1062.5,255.583875,0.2405495294
0.2057894737,laser0,1062.5,255.5083233,0.2404784219
0.2058552632,laser0,1062.5,255.4300134,0.2404047185
0.2059210526,laser0,1062.5,255.3467741,0.2403263757
0.2059857978,laser0,1062.5,255.2761023,0.2402598609
0.206050543,laser0,1062.5,255.2028098,0.2401908798
0.2061152882,laser0,1062.5,255.1426827,0.2401342896
0.2061800334,laser0,1062.5,255.0643953,0.2400606074
0.2062447786,laser0,1062.5,255.0128543,0.2400120982
0.2063095238,laser0,1062.5,254.9518304,0.2399546639
0.206374269,laser0,1062.5,254.9076397,0.2399130726
0.2064390142,laser0,1062.5,254.8509101,0.2398596801
0.2065037594,laser0,1062.5,254.8142541,0.2398251803
0.2065685046,laser0,1062.5,254.7620395,0.2397760372
0.2066332498,laser0,1062.5,254.7302561,0.2397461234
0.206697995,laser0,1062.5,254.6835953,0.2397022073
0.2067627402,laser0,1062.5,254.6562692,0.2396764886
0.2068274854,laser0,1062.5,254.6169418,0.2396394746
0.2068922306,laser0,1062.5,254.5956632,0.2396194477
0.2069569758,laser0,1062.5,254.564636,0.2395902456
0.207021721,laser0,1062.5,254.5483496,0.2395749173
0.2070864662,laser0,1062.5,254.5214087,0.2395495611
0.2071498039,laser0,1062.5,254.5076079,0.2395365721
0.2072131415,laser0,1062.5,254.4884494,0.2395185406
0.2072764792,laser0,1062.5,254.4771972,0.2395079503
0.2073398169,laser0,1062.5,254.4640384,0.2394955655
0.2074031546,laser0,1062.5,254.4580144,0.2394898959
0.2074664923,laser0,1062.5,254.4474684,0.2394799702
0.20752983,laser0,1062.5,255.4372319,0.2404115124
0.2075931677,laser0,1062.5,255.2451991,0.2402307757
0.2076565054,laser0,1062.5,255.2596201,0.2402443483
0.2077198431,laser0,1062.5,255.2714723,0.2402555034
0.2077831808,laser0,1062.5,255.3244918,0.2403054041
0.2078465185,laser0,1062.5,255.3409585,0.2403209021
0.2079098562,laser0,1062.5,255.3632971,0.2403419267
0.2079731939,laser0,1062.5,255.3773946,0.2403551949
0.2080365315,laser0,1062.5,255.3903792,0.2403674157
0.2080998692,laser0,1062.5,255.2948669,0.2402775218
0.2081632069,laser0,1062.5,255.3194029,0.2403006145
0.2082265446,laser0,1062.5,255.3378601,0.240317986
0.2082898823,laser0,1062.5,255.3541907,0.2403333559
0.20835322,laser0,1062.5,255.3531401,0.2403323671
0.2084165577,laser0,1062.5,255.3623223,0.2403410092
0.2084798954,laser0,1062.5,255.3767995,0.2403546348
0.2085432331,laser0,1062.5,255.3909146,0.2403679196
0.2086065708,laser0,1062.5,255.3940472,0.240370868
0.2086699085,laser0,1062.5,255.4035221,0.2403797855
0.2087332462,laser0,1062.5,255.4087714,0.240384726
0.2087965839,laser0,1062.5,255.4201668,0.2403954511
0.2088567547,laser0,1062.5,255.4218072,0.2403969951
0.2089169255,laser0,1062.5,255.4305037,0.2404051799
0.2089770963,laser0,1062.5,255.4317833,0.2404063843
0.2090372671,laser0,1062.5,255.4317893,0.24040639
0.2090974379,laser0,1062.5,255.4328008,0.2404073419
0.2091576087,laser0,1062.5,255.4322091,0.240406785
0.2092177795,laser0,1062.5,255.4355846,0.240409962
0.2092779503,laser0,1062.5,255.4397756,0.2404139064
0.2093381211,laser0,1062.5,255.4327984,0.2404073397
0.2093982919,laser0,1062.5,255.4265568,0.2404014652
0.2094584627,laser0,1062.5,255.4189862,0.24039434
0.2095186335,laser0,1062.5,255.4075366,0.2403835639
0.2095788043,laser0,1062.5,255.3941007,0.2403709183
0.2096389752,laser0,1062.5,255.3870131,0.2403642477
0.209699146,laser0,1062.5,255.3726333,0.2403507137
0.2097593168,laser0,1062.5,255.3484853,0.2403279862
0.2098194876,laser0,1062.5,255.3102374,0.2402919881
0.2098796584,laser0,1062.5,255.2496035,0.240234921
0.2099398292,laser0,1062.5,255.2917842,0.2402746204
0.21,laser0,1062.5,255.3168966,0.2402982556
0.2100588235,laser0,1062.5,255.3583024,0.2403372258
0.2101176471,laser0,1062.5,255.4018061,0.2403781705
0.2101757703,laser0,1062.5,255.450215,0.2404237318
0.2102338936,laser0,1062.5,255.4797047,0.2404514868
0.2102920168,laser0,1062.5,255.5114309,0.2404813467
0.2103501401,laser0,1062.5,255.5321787,0.2405008741
0.2104082633,laser0,1062.5,255.551626,0.2405191775
0.2104663866,laser0,1062.5,255.6007221,0.2405653855
0.2105245098,laser0,1062.5,255.6052035,0.2405696033
0.2105826331,laser0,1062.5,255.6200595,0.2405835854
0.2106407563,laser0,1062.5,255.6222921,0.2405856867
0.2106988796,laser0,1062.5,255.636223,0.2405987981
0.2107570028,laser0,1062.5,255.5914148,0.2405566257
0.2108151261,laser0,1062.5,255.5388085,0.2405071139
0.2108732493,laser0,1062.5,255.5305318,0.240499324
0.2109313725,laser0,1062.5,255.5287654,0.2404976616
0.2109894958,laser0,1062.5,255.516599,0.2404862108
0.211047619,laser0,1062.5,255.503537,0.2404739172
0.2111057423,laser0,1062.5,255.4838908,0.2404554267
0.2111638655,laser0,1062.5,255.4793658,0.2404511678
0.2112219888,laser0,1062.5,255.4670391,0.2404395662
0.211280112,laser0,1062.5,255.4652199,0.240437854
0.2113382353,laser0,1062.5,255.4559381,0.2404291182
0.2113963585,laser0,1062.5,255.4529724,0.240426327
0.2114544818,laser0,1062.5,255.4430585,0.2404169962
0.211512605,laser0,1062.5,255.442631,0.2404165938
0.2115707283,laser0,1062.5,255.4410009,0.2404150597
0.2116288515,laser0,1062.5,255.4199358,0.2403952337
0.2116869748,laser0,1062.5,255.4272258,0.2404020948
0.211745098,laser0,1062.5,255.439569,0.240413712
0.2118032213,laser0,1062.5,255.4445686,0.2404184175
0.2118613445,laser0,1062.5,255.4572025,0.2404303083
0.2119194678,laser0,1062.5,255.4575998,0.2404306822
0.211977591,laser0,1062.5,255.4730091,0.2404451851
0.2120357143,laser0,1062.5,255.4815132,0.2404531889
0.212095,laser0,1062.5,255.5051128,0.2404754002
0.2121542857,laser0,1062.5,255.5279323,0.2404968775
0.2122135714,laser0,1062.5,255.5401287,0.2405083564
0.2122728571,laser0,1062.5,255.5505661,0.2405181799
0.2123321429,laser0,1062.5,255.5525864,0.2405200813
0.2123914286,laser0,1062.5,255.5273508,0.2404963301
0.2124507143,laser0,1062.5,255.4869475,0.2404583036
0.21251,laser0,1062.5,255.4371746,0.2404114585
0.2125692857,laser0,1062.5,255.4050457,0.2403812194
0.2126285714,laser0,1062.5,255.3759387,0.2403538246
0.2126878571,laser0,1062.5,255.3644277,0.2403429908
0.2127471429,laser0,1062.5,255.3493738,0.2403288224
0.2128064286,laser0,1062.5,255.3463085,0.2403259374
0.2128657143,laser0,1062.5,255.3383852,0.2403184802
0.212925,laser0,1062.5,255.3473964,0.2403269613
0.2129842857,laser0,1062.5,255.3507433,0.2403301113
0.2130435714,laser0,1062.5,255.3830578,0.240360525
0.2131028571,laser0,1062.5,255.3890539,0.2403661683
0.2131621429,laser0,1062.5,255.4281651,0.2404029789
0.2132214286,laser0,1062.5,255.4236997,0.2403987762
0.2132807143,laser0,1062.5,255.4230476,0.2403981624
0.21334,laser0,1062.5,255.415643,0.2403911934
0.2133992857,laser0,1062.5,255.4212556,0.2403964759
0.2134585714,laser0,1062.5,255.3621085,0.240340808
0.2135178571,laser0,1062.5,255.3561667,0.2403352157
0.2135771429,laser0,1062.5,255.3586771,0.2403375785
0.2136364286,laser0,1062.5,255.3753944,0.2403533124
0.2136957143,laser0,1062.5,255.3807827,0.2403583837
0.213755,laser0,1062.5,255.3977399,0.2403743434
0.2138142857,laser0,1062.5,255.399346,0.2403758551
0.2138735714,laser0,1062.5,255.4199782,0.2403952736
0.2139328571,laser0,1062.5,255.4408782,0.2404149442
0.2139921429,laser0,1062.5,255.4782275,0.2404500964
0.2140514286,laser0,1062.5,255.9847401,0.2409268142
0.2141107143,laser0,1062.5,256.0165357,0.2409567395
0.21417,laser0,1062.5,256.0286654,0.2409681557
0.2142292857,laser0,1062.5,256.0592213,0.2409969142
0.2142885714,laser0,1062.5,256.0661401,0.241003426
0.2143478571,laser0,1062.5,256.0907769,0.2410266136
0.2144071429,laser0,1062.5,256.1095004,0.2410442357
0.2144664286,laser0,1062.5,256.1318418,0.2410652628
0.2145257143,laser0,1062.5,256.2950786,0.2412188975
0.214585,laser0,1062.5,256.3241716,0.2412462792
0.2146442857,laser0,1062.5,256.3327941,0.2412543945
0.2147035714,laser0,1062.5,256.3593744,0.2412794112
0.2147628571,laser0,1062.5,256.3472594,0.2412680088
0.2148221429,laser0,1062.5,256.3463553,0.2412671579
0.2148814286,laser0,1062.5,256.3540361,0.2412743869
0.2149407143,laser0,1062.5,256.3803679,0.2412991698
0.215,laser0,1062.5,256.3705769,0.2412899547
0.2150617284,laser0,1062.5,256.385214,0.2413037308
0.2151242382,laser0,1062.5,256.3917561,0.2413098881
0.2151867479,laser0,1062.5,256.2048628,0.2411339886
0.2152492577,laser0,1062.5,256.3149794,0.2412376276
0.2153126009,laser0,1062.5,256.4303163,0.24134618
0.2153759442,laser0,1062.5,256.529333,0.2414393722
0.2154392874,laser0,1062.5,256.5918839,0.2414982437
0.2155026306,laser0,1062.5,256.6668804,0.2415688287
0.2155659739,laser0,1062.5,256.7499708,0.2416470314
0.2156293171,laser0,1062.5,256.8151249,0.2417083528
0.2156926603,laser0,1062.5,256.8960688,0.2417845354
0.2157560035,laser0,1062.5,256.9463603,0.2418318685
0.2158193468,laser0,1062.5,257.0209809,0.2419020997
0.21588269,laser0,1062.5,257.1107106,0.2419865511
0.2159460332,laser0,1062.5,257.1971972,0.2420679503
0.2160093765,laser0,1062.5,257.2688917,0.2421354275
0.2160727197,laser0,1062.5,257.3518978,0.2422135509
0.2161360629,laser0,1062.5,257.4062153,0.2422646733
0.2162004619,laser0,1062.5,257.4139132,0.2422719183
0.2162648608,laser0,1062.5,257.4946739,0.2423479283
0.2163292598,laser0,1062.5,257.5824065,0.2424305002
0.2163936587,laser0,1062.5,257.6524756,0.2424964476
0.2164580577,laser0,1062.5,258.2151317,0.2430260063
0.2165224566,laser0,1062.5,258.2836118,0.2430904582
0.2165868556,laser0,1062.5,258.360467,0.2431627925
0.2166512545,laser0,1062.5,258.4315123,0.2432296587
0.2167156535,laser0,1062.5,258.5202074,0.2433131364
0.2167800524,laser0,1062.5,258.5944169,0.2433829806
0.2168444514,laser0,1062.5,258.8158281,0.2435913676
0.2169088503,laser0,1062.5,258.9077145,0.2436778489
0.2169732493,laser0,1062.5,258.9869075,0.2437523835
0.2170376482,laser0,1062.5,259.0590815,0.243820312
0.2171020472,laser0,1062.5,259.1430787,0.2438993682
0.2171664461,laser0,1062.5,259.2183487,0.2439702106
0.2172308451,laser0,1062.5,259.3097764,0.2440562602
0.217295244,laser0,1062.5,259.3798392,0.2441222016
0.217359643,laser0,1062.5,259.4647165,0.2442020861
0.2174256519,laser0,1062.5,259.5342138,0.2442674953
0.2174916608,laser0,1062.5,259.6240701,0.244352066
0.2175576698,laser0,1062.5,259.6856844,0.2444100559
0.2176236787,laser0,1062.5,259.7617691,0.2444816651
0.2176896876,laser0,1062.5,259.8192877,0.2445358002
0.2177556965,laser0,1062.5,259.8956414,0.2446076625
0.2178217055,laser0,1062.5,259.9499253,0.2446587532
0.2178877144,laser0,1062.5,260.028049,0.2447322814
0.2179537233,laser0,1062.5,260.0907496,0.2447912938
0.2180197322,laser0,1062.5,260.1669999,0.2448630587
0.2180857412,laser0,1062.5,260.2173353,0.2449104332
0.2181517501,laser0,1062.5,260.2904828,0.244979278
0.218217759,laser0,1062.5,260.3415117,0.2450273051
0.2182837679,laser0,1062.5,260.4082937,0.2450901588
0.2183497769,laser0,1062.5,260.4575723,0.2451365387
0.2184157858,laser0,1062.5,260.5234813,0.2451985706
0.2184817947,laser0,1062.5,260.5656222,0.2452382326
0.2185478036,laser0,1062.5,260.6300398,0.245298861
0.2186138126,laser0,1062.5,260.6844423,0.2453500634
0.2186798215,laser0,1062.5,260.7844379,0.2454441768
0.2187458304,laser0,1062.5,260.8350333,0.245491796
0.2188118393,laser0,1062.5,260.9238976,0.2455754331
0.2188778483,laser0,1062.5,261.5373521,0.246152802
0.2189438572,laser0,1062.5,261.5981677,0.2462100402
0.2190098661,laser0,1062.5,261.6347914,0.2462445095
0.219075875,laser0,1062.5,261.683163,0.2462900357
0.219141884,laser0,1062.5,261.7218608,0.2463264572
0.2192078929,laser0,1062.5,261.734176,0.246338048
0.2192739018,laser0,1062.5,261.753057,0.2463558183
0.2193399107,laser0,1062.5,261.7906328,0.2463911838
0.2194059197,laser0,1062.5,261.8026822,0.2464025244
0.2194719286,laser0,1062.5,261.8337868,0.2464317993
0.2195379375,laser0,1062.5,261.8404103,0.2464380332
0.2196039464,laser0,1062.5,261.8722724,0.246468021
0.2196699554,laser0,1062.5,261.8778337,0.2464732552
0.2197359643,laser0,1062.5,261.9048185,0.2464986527
0.2198019732,laser0,1062.5,261.910922,0.2465043972
0.2198679821,laser0,1062.5,261.938281,0.2465301468
0.2199339911,laser0,1062.5,261.9396916,0.2465314744
0.22,laser0,1062.5,261.9619426,0.2465524166
0.2200675676,laser0,1062.5,261.9555052,0.2465463578
0.2201351351,laser0,1062.5,261.9723683,0.246562229
0.2202036544,laser0,1062.5,261.9668739,0.2465570578
0.2202721736,laser0,1062.5,261.8844041,0.2464794391
0.2203406928,laser0,1062.5,261.8741637,0.2464698012
0.220409212,laser0,1062.5,261.8947633,0.246489189
0.2204777313,laser0,1062.5,261.8871863,0.2464820577
0.2205462505,laser0,1062.5,261.9015717,0.2464955969
0.2206158403,laser0,1062.5,261.891847,0.2464864442
0.2206854301,laser0,1062.5,261.8971114,0.246491399
0.22075502,laser0,1062.5,261.8805098,0.246475774
0.2208246098,laser0,1062.5,261.879442,0.2464747689
0.2208941997,laser0,1062.5,261.8731063,0.246468806
0.2209637895,laser0,1062.5,261.8715649,0.2464673552
0.2210333793,laser0,1062.5,261.8481833,0.2464453489
0.2211029692,laser0,1062.5,261.8458004,0.2464431063
0.221172559,laser0,1062.5,261.8165595,0.2464155854
0.2212421488,laser0,1062.5,261.8005092,0.2464004792
0.2213117387,laser0,1062.5,258.7425606,0.2435224099
0.2213813285,laser0,1062.5,258.3687058,0.2431705466
0.2214509183,laser0,1062.5,258.2061756,0.2430175771
0.2215205082,laser0,1062.5,258.1597385,0.2429738716
0.221590098,laser0,1062.5,258.1010948,0.2429186774
0.2216596879,laser0,1062.5,258.1090859,0.2429261984
0.2217292777,laser0,1062.5,258.4704049,0.2432662634
0.2217988675,laser0,1062.5,258.4904459,0.2432851256
0.2218684574,laser0,1062.5,258.4836593,0.2432787382
0.2219380472,laser0,1062.5,258.4927332,0.2432872783
0.222007637,laser0,1062.5,258.5050244,0.2432988465
0.2220772269,laser0,1062.5,258.5171193,0.2433102299
0.2221468167,laser0,1062.5,258.5212483,0.243314116
0.2222164065,laser0,1062.5,258.4995697,0.2432937126
0.2222859964,laser0,1062.5,258.4535557,0.2432504053
0.2223555862,laser0,1062.5,258.3791271,0.2431803549
0.2224251761,laser0,1062.5,258.2756009,0.2430829185
0.2224947659,laser0,1062.5,258.1619164,0.2429759213
0.2225643557,laser0,1062.5,258.0305735,0.2428523045
0.2226320125,laser0,1062.5,257.8845851,0.2427149036
0.2226996693,laser0,1062.5,257.7060293,0.2425468511
0.2227673261,laser0,1062.5,257.5183077,0.2423701719
0.2228349829,laser0,1062.5,257.3013556,0.2421659818
0.2229026397,laser0,1062.5,257.0928278,0.2419697203
0.2229681822,laser0,1062.5,256.8816725,0.2417709859
0.2230337247,laser0,1062.5,256.696514,0.2415967191
0.2230992672,laser0,1062.5,256.3920688,0.2413101824
0.2231648097,laser0,1062.5,256.2939718,0.2412178558
0.2232303522,laser0,1062.5,256.1110251,0.2410456707
0.2232958947,laser0,1062.5,255.96891,0.2409119153
0.2233614372,laser0,1062.5,255.8357454,0.2407865839
0.2234269797,laser0,1062.5,255.6114702,0.2405755013
0.2234925223,laser0,1062.5,255.3766171,0.2403544631
0.2235580648,laser0,1062.5,255.2732956,0.2402572194
0.2236236073,laser0,1062.5,255.1614084,0.2401519138
0.2236861706,laser0,1062.5,255.0169692,0.240015971
0.2237487339,laser0,1062.5,254.9570979,0.2399596216
0.2238112972,laser0,1062.5,254.8732366,0.2398806933
0.2238738605,laser0,1062.5,254.820059,0.2398306437
0.2239364238,laser0,1062.5,254.7361692,0.2397516886
0.2239989871,laser0,1062.5,254.6755903,0.2396946732
0.2240615504,laser0,1062.5,254.6092189,0.239632206
0.2241241137,laser0,1062.5,254.5787515,0.2396035309
0.224186677,laser0,1062.5,254.571193,0.2395964169
0.2242492403,laser0,1062.5,254.5634054,0.2395890875
0.2243118036,laser0,1062.5,254.5536649,0.2395799199
0.2243743669,laser0,1062.5,254.4905376,0.239520506
0.2244369302,laser0,1062.5,254.5097069,0.2395385477
0.2244994936,laser0,1062.5,254.491246,0.2395211727
0.2245620569,laser0,1062.5,254.5034862,0.2395326929
0.2246246202,laser0,1062.5,254.4439653,0.2394766732
0.2246871835,laser0,1062.5,254.4440104,0.2394767157
0.2247497468,laser0,1062.5,254.435853,0.2394690381
0.2248123101,laser0,1062.5,254.466216,0.239497615
0.2248748734,laser0,1062.5,254.4960962,0.2395257376
0.2249374367,laser0,1062.5,254.566314,0.239591825
0.225,laser0,1062.5,254.6231352,0.2396453037
0.2250625,laser0,1062.5,254.6694938,0.2396889354
0.225125,laser0,1062.5,254.7078512,0.2397250365
0.2251875,laser0,1062.5,254.7648212,0.2397786553
0.22525,laser0,1062.5,254.7747961,0.2397880434
0.2253125,laser0,1062.5,254.8559629,0.2398644357
0.225375,laser0,1062.5,254.903968,0.2399096169
0.2254366667,laser0,1062.5,255.0052458,0.2400049372
0.2254983333,laser0,1062.5,255.0400861,0.2400377281
0.22556,laser0,1062.5,255.1333023,0.240125461
0.2256216667,laser0,1062.5,255.1215558,0.2401144054
0.2256833333,laser0,1062.5,255.1974751,0.2401858589
0.225745,laser0,1062.5,255.2419423,0.2402277104
0.2258066667,laser0,1062.5,255.359694,0.2403385356
0.2258683333,laser0,1062.5,255.420401,0.2403956715
0.2259290931,laser0,1062.5,255.5184715,0.2404879732
0.2259898529,laser0,1062.5,255.5240026,0.2404931789
0.2260506127,laser0,1062.5,255.6013185,0.2405659468
0.2261113725,laser0,1062.5,255.6008332,0.2405654901
0.2261721324,laser0,1062.5,255.6434395,0.2406055901
0.2262328922,laser0,1062.5,255.730918,0.2406879228
0.2262926875,laser0,1062.5,255.7555896,0.2407111432
0.2263524829,laser0,1062.5,255.8178971,0.2407697855
0.2264122782,laser0,1062.5,255.9273743,0.2408728229
0.2264720736,laser0,1062.5,256.0110774,0.2409516023
0.226531869,laser0,1062.5,256.0038826,0.2409448307
0.2265916643,laser0,1062.5,256.0446967,0.240983244
0.2266514597,laser0,1062.5,256.0788647,0.2410154021
0.2267112551,laser0,1062.5,256.1287069,0.2410623124
0.2267699826,laser0,1062.5,256.1492583,0.2410816549
0.2268287102,laser0,1062.5,256.2332335,0.2411606903
0.2268874378,laser0,1062.5,256.3505161,0.241271074
0.2269461654,laser0,1062.5,256.3980375,0.2413158
0.2270037849,laser0,1062.5,256.5320669,0.2414419453
0.2270614045,laser0,1062.5,256.5529641,0.2414616133
0.227119024,laser0,1062.5,256.524517,0.2414348395
0.2271766435,laser0,1062.5,256.5612476,0.2414694095
0.227234263,laser0,1062.5,256.6172545,0.2415221219
0.2272907066,laser0,1062.5,256.5603326,0.2414685483
0.2273471502,laser0,1062.5,256.6403678,0.2415438756
0.2274035938,laser0,1062.5,256.7169922,0.2416159926
0.2274588365,laser0,1062.5,256.8187317,0.2417117474
0.2275140792,laser0,1062.5,256.8835818,0.2417727829
0.2275693219,laser0,1062.5,256.9549799,0.241839981
0.2276245646,laser0,1062.5,256.9439446,0.2418295949
0.2276798073,laser0,1062.5,257.0075353,0.241889445
0.2277337652,laser0,1062.5,257.3736733,0.2422340454
0.2277877232,laser0,1062.5,257.4148385,0.2422727892
0.2278416812,laser0,1062.5,257.4765334,0.242330855
0.2278956392,laser0,1062.5,257.5387223,0.2423893857
0.2279482482,laser0,1062.5,257.5426847,0.2423931151
0.2280008572,laser0,1062.5,257.5413148,0.2423918257
0.2280534662,laser0,1062.5,257.5401834,0.2423907608
0.2281060752,laser0,1062.5,257.5700028,0.2424188261
0.2281586843,laser0,1062.5,257.5928292,0.2424403098
0.2282112933,laser0,1062.5,257.5941767,0.2424415781
0.2282623992,laser0,1062.5,257.6019916,0.2424489333
0.2283135051,laser0,1062.5,257.6128937,0.242459194
0.228364611,laser0,1062.5,257.6188288,0.24246478
0.2284157169,laser0,1062.5,257.563994,0.2424131708
0.2284668228,laser0,1062.5,257.4751953,0.2423295956
0.2285179287,laser0,1062.5,257.4328713,0.2422897612
0.2285690346,laser0,1062.5,257.3541289,0.2422156507
0.2286201405,laser0,1062.5,257.3279428,0.242191005
0.2286712464,laser0,1062.5,257.2742163,0.2421404389
0.2287223523,laser0,1062.5,257.2424369,0.2421105289
0.2287734582,laser0,1062.5,257.2169267,0.2420865193
0.2288245642,laser0,1062.5,255.8188705,0.2407707016
0.2288756701,laser0,1062.5,255.4328522,0.2404073903
0.228926776,laser0,1062.5,255.3840588,0.2403614671
0.2289778819,laser0,1062.5,255.287643,0.2402707228
0.2290289878,laser0,1062.5,255.3025334,0.2402847373
0.2290800937,laser0,1062.5,255.3597383,0.2403385773
0.2291311996,laser0,1062.5,255.3852211,0.2403625611
0.2291823055,laser0,1062.5,255.3923152,0.2403692379
0.2292334114,laser0,1062.5,255.4003699,0.2403768188
0.2292845173,laser0,1062.5,255.3797466,0.2403574086
0.2293356232,laser0,1062.5,255.3505606,0.2403299394
0.2293867291,laser0,1062.5,255.3437848,0.2403235622
0.229437835,laser0,1062.5,255.312051,0.2402936951
0.2294889409,laser0,1062.5,255.3316144,0.2403121077
0.2295400468,laser0,1062.5,255.5156764,0.2404853425
0.2295911527,laser0,1062.5,255.5495405,0.2405172146
0.2296422587,laser0,1062.5,255.5335341,0.2405021498
0.2296933646,laser0,1062.5,255.6047083,0.2405691373
0.2297444705,laser0,1062.5,255.5334045,0.2405020278
0.2297955764,laser0,1062.5,255.5476032,0.2405153913
0.2298466823,laser0,1062.5,255.5809056,0.2405467347
0.2298977882,laser0,1062.5,255.6506842,0.2406124087
0.2299488941,laser0,1062.5,255.7214059,0.2406789702
0.23,laser0,1062.5,255.7245547,0.2406819338
0.2300510204,laser0,1062.5,255.7746661,0.2407290975
0.2301020408,laser0,1062.5,255.9494225,0.2408935741
0.2301535983,laser0,1062.5,255.9683989,0.2409114342
0.2302051557,laser0,1062.5,256.0265523,0.2409661669
0.2302567132,laser0,1062.5,256.1203518,0.2410544487
0.2303082707,laser0,1062.5,256.232088,0.2411596122
0.2303598281,laser0,1062.5,256.3085105,0.2412315393
0.2304113856,laser0,1062.5,256.3965987,0.2413144458
0.2304629431,laser0,1062.5,256.515575,0.2414264236
0.2305145005,laser0,1062.5,256.6130588,0.241518173
0.230566058,laser0,1062.5,256.7191592,0.2416180322
0.2306176155,laser0,1062.5,256.6500994,0.2415530347
0.2306691729,laser0,1062.5,256.5458408,0.241454909
0.2307213516,laser0,1062.5,256.4840352,0.241396739
0.2307735302,laser0,1062.5,256.5198346,0.2414304326
0.2308263611,laser0,1062.5,256.5943305,0.2415005463
0.230879192,laser0,1062.5,256.6768861,0.2415782457
0.2309320228,laser0,1062.5,256.7094439,0.2416088884
0.2309855488,laser0,1062.5,256.7551399,0.2416518964
0.2310390749,laser0,1062.5,256.8319817,0.2417242181
0.2310926009,laser0,1062.5,256.8850353,0.2417741508
0.2311461269,laser0,1062.5,256.9920162,0.2418748388
0.2311996529,laser0,1062.5,257.0729897,0.2419510491
0.2312531789,laser0,1062.5,257.1339041,0.2420083804
0.2313074807,laser0,1062.5,257.2264406,0.2420954735
0.2313617824,laser0,1062.5,257.3514244,0.2422131053
0.2314160842,laser0,1062.5,257.4383023,0.2422948727
0.2314703859,laser0,1062.5,257.4951684,0.2423483937
0.2315255362,laser0,1062.5,257.5336873,0.2423846469
0.2315806864,laser0,1062.5,257.6128638,0.2424591659
0.2316358366,laser0,1062.5,257.6846284,0.2425267091
0.231691906,laser0,1062.5,257.772301,0.2426092245
0.2317479754,laser0,1062.5,257.8865763,0.2427167777
0.2318040448,laser0,1062.5,257.8885131,0.2427186006
0.2318601142,laser0,1062.5,257.9803275,0.2428050141
0.231917203,laser0,1062.5,258.0843367,0.2429029051
0.2319742918,laser0,1062.5,258.1329522,0.2429486609
0.2320313807,laser0,1062.5,258.2016652,0.2430133319
0.2320884695,laser0,1062.5,258.3015524,0.2431073434
0.2321467001,laser0,1062.5,258.3394023,0.2431429669
0.2322049307,laser0,1062.5,258.4762048,0.2432717221
0.2322631613,laser0,1062.5,258.5549012,0.2433457893
0.2323213919,laser0,1062.5,258.5894976,0.2433783507
0.2323809166,laser0,1062.5,258.6985737,0.2434810106
0.2324418255,laser0,1062.5,258.6629538,0.2434474859
0.2325027344,laser0,1062.5,258.5714504,0.2433613651
0.232565166,laser0,1062.5,258.6052575,0.2433931836
0.2326275977,laser0,1062.5,258.6657976,0.2434501624
0.2326900293,laser0,1062.5,258.5924678,0.2433811462
0.232752461,laser0,1062.5,258.5954198,0.2433839245
0.2328148926,laser0,1062.5,258.5799227,0.2433693391
0.2328773242,laser0,1062.5,258.6253895,0.2434121313
0.2329397559,laser0,1062.5,258.6711048,0.2434551574
0.2330021875,laser0,1062.5,258.699283,0.2434816781
0.2330646192,laser0,1062.5,258.7110043,0.24349271
0.2331270508,laser0,1062.5,258.7196843,0.2435008793
0.2331894824,laser0,1062.5,258.736421,0.2435166315
0.2332519141,laser0,1062.5,258.7685056,0.2435468288
0.2333121929,laser0,1062.5,258.7771523,0.2435549669
0.2333724717,laser0,1062.5,258.621072,0.2434080677
0.2334327505,laser0,1062.5,258.5270718,0.2433195969
0.2334930294,laser0,1062.5,258.4574169,0.2432540395
0.2335509898,laser0,1062.5,258.3998496,0.2431998584
0.2336089502,laser0,1062.5,258.3432107,0.2431465513
0.2336669106,laser0,1062.5,258.2793726,0.2430864683
0.233722456,laser0,1062.5,258.2504471,0.2430592444
0.2337780014,laser0,1062.5,258.1852487,0.2429978812
0.2338335468,laser0,1062.5,258.1400376,0.2429553295
0.2338890922,laser0,1062.5,258.1019724,0.2429195034
0.2339446376,laser0,1062.5,258.0874517,0.2429058369
0.234000183,laser0,1062.5,258.0371967,0.2428585381
0.2340557283,laser0,1062.5,258.016442,0.2428390042
0.2341112737,laser0,1062.5,258.0023126,0.242825706
0.2341668191,laser0,1062.5,257.9321198,0.2427596421
0.2342223645,laser0,1062.5,257.8546009,0.2426866832
0.2342779099,laser0,1062.5,257.8467504,0.2426792945
0.2343294878,laser0,1062.5,257.8367348,0.242669868
0.2343810656,laser0,1062.5,257.8601783,0.2426919325
0.2344326435,laser0,1062.5,257.8850134,0.2427153068
0.2344842214,laser0,1062.5,257.8528982,0.2426850807
0.2345357992,laser0,1062.5,257.8443156,0.2426770029
0.2345873771,laser0,1062.5,257.8121244,0.2426467053
0.234638955,laser0,1062.5,257.8323356,0.2426657277
0.2346905328,laser0,1062.5,257.8152792,0.2426496746
0.2347421107,laser0,1062.5,257.8441351,0.242676833
0.2347936885,laser0,1062.5,257.8564886,0.2426884599
0.2348452664,laser0,1062.5,257.8433853,0.2426761273
0.2348968443,laser0,1062.5,257.8345159,0.2426677797
0.2349484221,laser0,1062.5,257.8095517,0.242644284
0.235,laser0,1062.5,257.7651275,0.2426024729
0.2350531915,laser0,1062.5,257.7889339,0.242624879
0.2351069611,laser0,1062.5,257.7718586,0.2426088081
0.2351607308,laser0,1062.5,256.4788412,0.2413918506
0.2352151046,laser0,1062.5,256.1983481,0.241127857
0.2352694784,laser0,1062.5,256.0983635,0.2410337539
0.2353244845,laser0,1062.5,256.0105517,0.2409511075
0.2353794906,laser0,1062.5,255.9424061,0.2408869705
0.2354344966,laser0,1062.5,255.8779164,0.2408262742
0.2354895027,laser0,1062.5,255.821973,0.2407736217
0.2355451878,laser0,1062.5,255.8395646,0.2407901785
0.235600873,laser0,1062.5,255.8027952,0.2407555719
0.2356565581,laser0,1062.5,255.7474376,0.2407034707
0.2357122433,laser0,1062.5,255.6855865,0.2406452579
0.2357679284,laser0,1062.5,255.6157442,0.240579524
0.2358243561,laser0,1062.5,255.6087008,0.2405728949
0.2358807837,laser0,1062.5,255.1635987,0.2401539752
0.2359372113,laser0,1062.5,255.0883128,0.240083118
0.2359936389,laser0,1062.5,255.0167528,0.2400157674
0.2360500666,laser0,1062.5,254.9455345,0.2399487383
0.2361064942,laser0,1062.5,254.8768924,0.2398841341
0.2361629218,laser0,1062.5,254.8122753,0.239823318
0.2362193494,laser0,1062.5,254.7572533,0.2397715325
0.236275777,laser0,1062.5,254.7126338,0.2397295377
0.2363322047,laser0,1062.5,254.6751979,0.2396943039
0.2363886323,laser0,1062.5,254.6424296,0.2396634631
0.2364450599,laser0,1062.5,254.6133905,0.2396361323
0.2365014875,laser0,1062.5,254.5956227,0.2396194096
0.2365579151,laser0,1062.5,254.5857286,0.2396100975
0.2366143428,laser0,1062.5,254.580591,0.2396052622
0.2366707704,laser0,1062.5,254.5840669,0.2396085335
0.236727198,laser0,1062.5,254.5876994,0.2396119524
0.2367836256,laser0,1062.5,254.5951389,0.2396189543
0.2368400532,laser0,1062.5,254.5921211,0.239616114
0.2368964809,laser0,1062.5,254.5808745,0.239605529
0.2369529085,laser0,1062.5,254.5765038,0.2396014153
0.2370093361,laser0,1062.5,254.5618393,0.2395876134
0.2370657637,laser0,1062.5,254.5496466,0.239576138
0.2371221913,laser0,1062.5,254.5348891,0.2395622486
0.237178619,laser0,1062.5,254.5321882,0.2395597065
0.2372350466,laser0,1062.5,254.5312981,0.2395588688
0.2372914742,laser0,1062.5,254.5287358,0.2395564572
0.2373479018,laser0,1062.5,254.5208625,0.239549047
0.2374043294,laser0,1062.5,254.5139732,0.239542563
0.2374607571,laser0,1062.5,254.5019165,0.2395312155
0.2375171847,laser0,1062.5,254.4912597,0.2395211856
0.2375736123,laser0,1062.5,254.4769929,0.2395077581
0.2376300399,laser0,1062.5,254.4691672,0.2395003926
0.2376864676,laser0,1062.5,254.4614864,0.2394931637
0.2377428952,laser0,1062.5,254.4626169,0.2394942276
0.2377993228,laser0,1062.5,254.4651077,0.2394965719
0.2378557504,laser0,1062.5,254.4697164,0.2395009095
0.237912178,laser0,1062.5,254.4848738,0.2395151753
0.2379686057,laser0,1062.5,254.4912285,0.2395211562
0.2380266455,laser0,1062.5,254.496748,0.2395263511
0.2380846853,laser0,1062.5,254.5132258,0.2395418596
0.2381427252,laser0,1062.5,254.5266983,0.2395545396
0.238200765,laser0,1062.5,254.5459763,0.2395726835
0.2382588048,laser0,1062.5,254.5690142,0.2395943663
0.2383168447,laser0,1062.5,254.6055413,0.2396287447
0.2383748845,laser0,1062.5,254.6314514,0.2396531308
0.2384329244,laser0,1062.5,254.6686843,0.2396881735
0.2384909642,laser0,1062.5,254.7048369,0.2397221995
0.238549004,laser0,1062.5,254.7520366,0.2397666227
0.2386070439,laser0,1062.5,254.8024725,0.2398140918
0.2386650837,laser0,1062.5,254.8420183,0.2398513113
0.2387231236,laser0,1062.5,254.8686657,0.2398763912
0.2387811634,laser0,1062.5,254.8959993,0.2399021169
0.2388392032,laser0,1062.5,254.9139619,0.239919023
0.2388972431,laser0,1062.5,254.924079,0.239928545
0.2389552829,laser0,1062.5,254.9342719,0.2399381382
0.2390133227,laser0,1062.5,254.9301502,0.239934259
0.2390713626,laser0,1062.5,254.9233691,0.2399278768
0.2391294024,laser0,1062.5,254.8953316,0.2399014885
0.2391874423,laser0,1062.5,254.8722456,0.2398797606
0.2392454821,laser0,1062.5,255.1505494,0.2401416935
0.2393035219,laser0,1062.5,255.14639,0.2401377788
0.2393615618,laser0,1062.5,255.1467179,0.2401380875
0.2394196016,laser0,1062.5,255.1478359,0.2401391396
0.2394776415,laser0,1062.5,255.1464551,0.2401378401
0.2395356813,laser0,1062.5,255.1478051,0.2401391107
0.2395937211,laser0,1062.5,255.2181242,0.2402052933
0.239651761,laser0,1062.5,255.2020398,0.2401901551
0.2397098008,laser0,1062.5,255.2194993,0.2402065876
0.2397678406,laser0,1062.5,255.2030594,0.2401911148
0.2398258805,laser0,1062.5,255.2487753,0.2402341415
0.2398839203,laser0,1062.5,255.2903302,0.240273252
0.2399419602,laser0,1062.5,255.3453339,0.2403250201
0.24,laser0,1062.5,255.4472533,0.2404209442
0.2400649351,laser0,1062.5,255.5075685,0.2404777116
0.2401307359,laser0,1062.5,255.6017107,0.240566316
0.2401965368,laser0,1062.5,255.6412882,0.2406035653
0.2402632516,laser0,1062.5,255.6623318,0.2406233711
0.2403299663,laser0,1062.5,255.6949804,0.2406540992
0.240397648,laser0,1062.5,255.7923624,0.2407457528
0.2404653296,laser0,1062.5,255.9006156,0.2408476382
0.2405330113,laser0,1062.5,255.9528515,0.2408968014
0.2406017342,laser0,1062.5,255.5857742,0.2405513169
0.2406693998,laser0,1062.5,255.3923939,0.2403693119
0.2407370654,laser0,1062.5,255.5727089,0.2405390201
0.2408047311,laser0,1062.5,255.6434857,0.2406056336
0.2408723967,laser0,1062.5,255.6939193,0.2406531005
0.2409411901,laser0,1062.5,255.7371761,0.2406938128
0.2410099835,laser0,1062.5,255.8068397,0.2407593785
0.2410787769,laser0,1062.5,255.8664216,0.2408154556
0.2411475702,laser0,1062.5,255.9484382,0.2408926477
0.2412163636,laser0,1062.5,255.9759212,0.2409185141
0.241286431,laser0,1062.5,256.0641825,0.2410015836
0.2413564983,laser0,1062.5,256.1062056,0.2410411347
0.2414265657,laser0,1062.5,256.1504167,0.2410827452
0.241496633,laser0,1062.5,256.2136527,0.2411422614
0.2415667003,laser0,1062.5,256.266309,0.2411918202
0.2416367677,laser0,1062.5,256.3253389,0.2412473778
0.241706835,laser0,1062.5,256.3800452,0.2412988661
0.2417784256,laser0,1062.5,256.4383209,0.2413537138
0.2418500161,laser0,1062.5,256.5058998,0.2414173175
0.2419216066,laser0,1062.5,256.6013861,0.2415071869
0.2419949017,laser0,1062.5,256.6711672,0.2415728632
0.2420681968,laser0,1062.5,256.7662411,0.2416623445
0.2421414919,laser0,1062.5,256.8867856,0.2417757982
0.242214787,laser0,1062.5,256.9978488,0.2418803283
0.242288082,laser0,1062.5,257.0892793,0.2419663805
0.2423613771,laser0,1062.5,257.1667199,0.2420392658
0.2424346722,laser0,1062.5,257.2435092,0.2421115381
0.242510123,laser0,1062.5,257.3157244,0.2421795053
0.2425855738,laser0,1062.5,257.3881181,0.2422476405
0.2426610247,laser0,1062.5,257.4576504,0.2423130827
0.2427364755,laser0,1062.5,257.5119509,0.2423641891
0.2428119263,laser0,1062.5,257.5730482,0.2424216924
0.2428900718,laser0,1062.5,257.6580369,0.2425016818
0.2429682173,laser0,1062.5,257.7395101,0.2425783625
0.2430463628,laser0,1062.5,257.8215573,0.2426555834
0.2431245082,laser0,1062.5,257.9011905,0.2427305322
0.2432026537,laser0,1062.5,257.9911233,0.2428151749
0.2432807992,laser0,1062.5,258.1952354,0.2430072804
0.2433589447,laser0,1062.5,258.2746688,0.2430820412
0.2434370902,laser0,1062.5,258.3531881,0.2431559418
0.2435152357,laser0,1062.5,258.4415787,0.2432391329
0.2435933812,laser0,1062.5,258.9847002,0.243750306
0.2436715267,laser0,1062.5,259.0610698,0.2438221833
0.2437545563,laser0,1062.5,259.1654112,0.243920387
0.2438375858,laser0,1062.5,259.270796,0.2440195727
0.2439206154,laser0,1062.5,259.369457,0.2441124301
0.244003645,laser0,1062.5,259.4701005,0.2442071535
0.2440866746,laser0,1062.5,259.546189,0.2442787661
0.2441697042,laser0,1062.5,259.6546544,0.2443808512
0.2442527338,laser0,1062.5,259.7245055,0.2444465934
0.2443357633,laser0,1062.5,259.8123369,0.2445292582
0.2444187929,laser0,1062.5,259.8526804,0.2445672286
0.2445018225,laser0,1062.5,259.9200205,0.2446306076
0.2445848521,laser0,1062.5,259.9986267,0.2447045898
0.2446678817,laser0,1062.5,260.069443,0.2447712405
0.2447509113,laser0,1062.5,260.131817,0.2448299454
0.2448339408,laser0,1062.5,260.2019171,0.244895922
0.2449169704,laser0,1062.5,260.267773,0.244957904
0.245,laser0,1062.5,260.4342066,0.2451145473
0.2450806452,laser0,1062.5,260.5428653,0.2452168144
0.2451599896,laser0,1062.5,260.62538,0.2452944753
0.2452380543,laser0,1062.5,260.758933,0.2454201722
0.245316119,laser0,1062.5,260.8624494,0.2455175995
0.2453941836,laser0,1062.5,260.9481121,0.2455982231
0.2454722483,laser0,1062.5,261.5439576,0.2461590189
0.2455489899,laser0,1062.5,261.6174599,0.2462281976
0.2456257314,laser0,1062.5,261.5728541,0.2461862156
0.245702473,laser0,1062.5,261.6389225,0.2462483977
0.2457792145,laser0,1062.5,261.7160961,0.2463210316
0.2458559561,laser0,1062.5,261.7738036,0.2463753445
0.2459326977,laser0,1062.5,261.8228032,0.2464214618
0.2460094392,laser0,1062.5,261.882552,0.246477696
0.2460861808,laser0,1062.5,261.9441035,0.2465356268
0.2461629223,laser0,1062.5,261.9669038,0.2465570859
0.2462396639,laser0,1062.5,262.0263429,0.2466130287
0.2463164054,laser0,1062.5,262.0880841,0.2466711379
0.246393147,laser0,1062.5,262.1460588,0.2467257024
0.2464698885,laser0,1062.5,262.2205085,0.2467957727
0.2465466301,laser0,1062.5,262.2757116,0.2468477285
0.2466233716,laser0,1062.5,262.3271513,0.2468961424
0.2467001132,laser0,1062.5,262.3806721,0.246946515
0.2467768547,laser0,1062.5,262.4291139,0.2469921072
0.2468535963,laser0,1062.5,262.496951,0.2470559539
0.2469303379,laser0,1062.5,262.5473723,0.2471034093
0.2470070794,laser0,1062.5,262.5929089,0.2471462672
0.247083821,laser0,1062.5,262.6360209,0.2471868432
0.2471605625,laser0,1062.5,262.6816602,0.2472297978
0.2472373041,laser0,1062.5,262.4506868,0.2470124111
0.2473140456,laser0,1062.5,262.4931154,0.2470523439
0.2473907872,laser0,1062.5,262.5106192,0.247068818
0.2474675287,laser0,1062.5,262.5419267,0.2470982839
0.2475442703,laser0,1062.5,262.5688942,0.2471236651
0.2476210118,laser0,1062.5,262.5957756,0.2471489653
0.2476977534,laser0,1062.5,262.6229346,0.2471745267
0.2477744949,laser0,1062.5,262.6455568,0.2471958181
0.2478512365,laser0,1062.5,262.6310824,0.2471821952
0.247927978,laser0,1062.5,262.6562905,0.2472059205
0.2480047196,laser0,1062.5,262.6769766,0.2472253898
0.2480814612,laser0,1062.5,262.6909031,0.2472384971
0.2481582027,laser0,1062.5,262.7081679,0.2472547462
0.2482349443,laser0,1062.5,262.7173769,0.2472634135
0.2483116858,laser0,1062.5,262.7116029,0.2472579792
0.2483884274,laser0,1062.5,262.6990956,0.2472462077
0.2484651689,laser0,1062.5,262.6889202,0.2472366308
0.2485419105,laser0,1062.5,262.6980884,0.2472452597
0.248618652,laser0,1062.5,262.6768576,0.2472252777
0.2486953936,laser0,1062.5,262.6762193,0.247224677
0.2487721351,laser0,1062.5,262.6703268,0.2472191311
0.2488488767,laser0,1062.5,262.6572409,0.247206815
0.2489256182,laser0,1062.5,262.6491771,0.2471992255
0.2490023598,laser0,1062.5,263.0627761,0.2475884952
0.2490791014,laser0,1062.5,263.0553951,0.2475815484
0.2491558429,laser0,1062.5,263.0441196,0.2475709361
0.2492325845,laser0,1062.5,263.0323951,0.2475599013
0.249309326,laser0,1062.5,263.0207745,0.2475489642
0.2493860676,laser0,1062.5,263.0089966,0.2475378791
0.2494628091,laser0,1062.5,262.9935668,0.247523357
0.2495395507,laser0,1062.5,262.9866278,0.2475168262
0.2496162922,laser0,1062.5,262.9850172,0.2475153103
0.2496930338,laser0,1062.5,262.9772114,0.2475079637
0.2497697753,laser0,1062.5,262.9462612,0.247478834
0.2498465169,laser0,1062.5,262.9294575,0.2474630189
0.2499232584,laser0,1062.5,262.9066967,0.2474415969
0.25,laser0,1062.5,262.8884124,0.2474243882
0.2500806452,laser0,1062.5,262.8623169,0.2473998277
0.2501612903,laser0,1062.5,262.8390839,0.2473779613
0.2502419355,laser0,1062.5,262.8271726,0.2473667507
0.2503225806,laser0,1062.5,262.8349587,0.2473740788
0.2504032258,laser0,1062.5,262.8226076,0.2473624543
0.250483871,laser0,1062.5,262.804694,0.2473455943
0.2505659824,laser0,1062.5,262.8478208,0.2473861843
0.2506480938,laser0,1062.5,262.8090805,0.2473497228
0.2507286847,laser0,1062.5,262.7754575,0.2473180776
0.2508092756,laser0,1062.5,262.7640935,0.2473073821
0.2508898664,laser0,1062.5,262.7545824,0.2472984305
0.2509720691,laser0,1062.5,262.7739777,0.2473166849
0.2510542717,laser0,1062.5,262.7802465,0.2473225849
0.2511364744,laser0,1062.5,262.7483916,0.2472926038
0.2512186771,laser0,1062.5,262.7427611,0.2472873045
0.2513008798,laser0,1062.5,262.7127883,0.2472590948
0.2513830824,laser0,1062.5,260.2477907,0.2449390971
0.2514652851,laser0,1062.5,259.7568118,0.2444769993
0.2515474878,laser0,1062.5,259.5837708,0.2443141373
0.2516296905,laser0,1062.5,259.543976,0.2442766833
0.2517118931,laser0,1062.5,259.5478057,0.2442802877
0.2517940958,laser0,1062.5,259.5759515,0.2443067779
0.2518762985,laser0,1062.5,259.6386043,0.2443657452
0.2519585011,laser0,1062.5,259.6550018,0.2443811782
0.2520407038,laser0,1062.5,259.6831364,0.2444076578
0.2521229065,laser0,1062.5,259.6735006,0.2443985888
0.2522075269,laser0,1062.5,259.7059422,0.2444291221
0.2522921473,laser0,1062.5,259.6561716,0.2443822791
0.2523767677,laser0,1062.5,259.5787491,0.2443094109
0.2524613881,laser0,1062.5,259.4537244,0.2441917406
0.2525460085,laser0,1062.5,259.5747138,0.244305613
0.2526306289,laser0,1062.5,259.338021,0.2440828433
0.2527152493,laser0,1062.5,259.1811742,0.2439352228
0.2527998697,laser0,1062.5,258.9198218,0.2436892441
0.2528844901,laser0,1062.5,258.6642761,0.2434487305
0.2529691105,laser0,1062.5,258.7731829,0.243551231
0.2530537309,laser0,1062.5,258.6776016,0.2434612721
0.2531383513,laser0,1062.5,258.5220956,0.2433149135
0.2532229717,laser0,1062.5,258.3990312,0.2431990882
0.253307592,laser0,1062.5,258.2660494,0.2430739288
0.2533922124,laser0,1062.5,258.0881554,0.2429064992
0.2534768328,laser0,1062.5,257.9238271,0.2427518372
0.2535614532,laser0,1062.5,257.7465149,0.2425849552
0.2536460736,laser0,1062.5,257.585976,0.2424338598
0.253730694,laser0,1062.5,257.4500057,0.2423058877
0.2538153144,laser0,1062.5,257.3204949,0.2421839952
0.2538999348,laser0,1062.5,257.2968279,0.2421617204
0.2539845552,laser0,1062.5,257.1981414,0.2420688389
0.2540691756,laser0,1062.5,257.1141306,0.24198977
0.254153796,laser0,1062.5,257.0881673,0.2419653339
0.2542384164,laser0,1062.5,257.0595356,0.2419383864
0.2543230368,laser0,1062.5,257.0158004,0.2418972239
0.2544076572,laser0,1062.5,257.0294754,0.2419100945
0.2544922776,laser0,1062.5,257.0503389,0.2419297307
0.254576898,laser0,1062.5,257.0509093,0.2419302676
0.2546615184,laser0,1062.5,257.0682064,0.2419465472
0.2547461388,laser0,1062.5,257.1677013,0.2420401894
0.2548307592,laser0,1062.5,257.1148693,0.2419904652
0.2549153796,laser0,1062.5,257.1508596,0.2420243384
0.255,laser0,1062.5,257.2042244,0.2420745641
0.2550833333,laser0,1062.5,257.241703,0.2421098381
0.2551666667,laser0,1062.5,256.9327184,0.2418190291
0.25525,laser0,1062.5,256.9665623,0.2418508822
0.2553318966,laser0,1062.5,256.9604975,0.2418451741
0.2554137931,laser0,1062.5,257.0073734,0.2418892926
0.2554956897,laser0,1062.5,257.0546553,0.2419337932
0.2555775862,laser0,1062.5,257.1913652,0.2420624613
0.2556594828,laser0,1062.5,257.1882127,0.2420594943
0.2557413793,laser0,1062.5,257.2746074,0.242140807
0.2558232759,laser0,1062.5,257.386142,0.2422457807
0.2559051724,laser0,1062.5,257.4376829,0.2422942898
0.2559854632,laser0,1062.5,257.4854846,0.2423392796
0.2560657539,laser0,1062.5,257.5883988,0.2424361401
0.2561460446,laser0,1062.5,257.648167,0.2424923924
0.2562263354,laser0,1062.5,257.7709925,0.242607993
0.2563066261,laser0,1062.5,259.480188,0.2442166475
0.2563869168,laser0,1062.5,259.6946047,0.2444184515
0.2564672076,laser0,1062.5,259.7036723,0.2444269857
0.2565457141,laser0,1062.5,259.8291136,0.2445450481
0.2566242206,laser0,1062.5,259.8680447,0.2445816892
0.2567009428,laser0,1062.5,259.9162516,0.2446270603
0.2567794918,laser0,1062.5,259.9683623,0.2446761057
0.2568600045,laser0,1062.5,260.0358509,0.2447396244
0.2569385044,laser0,1062.5,260.1245865,0.2448231402
0.2570150418,laser0,1062.5,260.1762537,0.2448717682
0.2570915792,laser0,1062.5,260.069665,0.2447714494
0.2571681166,laser0,1062.5,258.6253651,0.2434121084
0.257244654,laser0,1062.5,258.6315721,0.2434179502
0.2573211914,laser0,1062.5,258.6300575,0.2434165247
0.2573999798,laser0,1062.5,258.6188567,0.2434059827
0.2574787683,laser0,1062.5,258.5981986,0.2433865398
0.2575575568,laser0,1062.5,258.5722944,0.2433621594
0.2576338832,laser0,1062.5,258.5780003,0.2433675297
0.2577102095,laser0,1062.5,258.5588342,0.243349491
0.2577865359,laser0,1062.5,258.5330644,0.2433252371
0.2578628622,laser0,1062.5,258.515995,0.2433091717
0.2579391886,laser0,1062.5,258.4898128,0.2432845297
0.2580184505,laser0,1062.5,258.4515069,0.2432484771
0.2580977125,laser0,1062.5,258.4203472,0.2432191503
0.2581769745,laser0,1062.5,258.3834249,0.2431843999
0.2582529339,laser0,1062.5,258.3249004,0.2431293181
0.2583288933,laser0,1062.5,258.2675617,0.2430753522
0.2584048527,laser0,1062.5,258.1969385,0.2430088833
0.2584808121,laser0,1062.5,258.1326009,0.2429483302
0.2585567715,laser0,1062.5,258.0603912,0.2428803682
0.2586369508,laser0,1062.5,257.9834073,0.2428079127
0.2587171302,laser0,1062.5,257.8718435,0.2427029115
0.2587973096,laser0,1062.5,257.7620459,0.2425995727
0.2588774889,laser0,1062.5,256.2355067,0.2411628298
0.2589576683,laser0,1062.5,255.9965437,0.2409379235
0.2590378477,laser0,1062.5,255.9121489,0.2408584931
0.259118027,laser0,1062.5,257.2393991,0.2421076697
0.2591982064,laser0,1062.5,257.2482952,0.2421160425
0.2592783857,laser0,1062.5,257.290176,0.2421554598
0.2593585651,laser0,1062.5,257.3547061,0.242216194
0.2594387445,laser0,1062.5,257.3135396,0.242177449
0.2595189238,laser0,1062.5,257.2647696,0.2421315479
0.2595991032,laser0,1062.5,257.2845804,0.2421501933
0.2596792826,laser0,1062.5,257.3328842,0.2421956557
0.2597594619,laser0,1062.5,257.713557,0.242553936
0.2598396413,laser0,1062.5,257.7102524,0.2425508258
0.2599198206,laser0,1062.5,257.7310901,0.2425704378
0.26,laser0,1062.5,257.6184469,0.2424644206
0.2600806452,laser0,1062.5,257.6941895,0.2425357078
0.2601626344,laser0,1062.5,257.7376402,0.2425766025
0.2602446237,laser0,1062.5,257.8129557,0.2426474877
0.2603266129,laser0,1062.5,256.3653394,0.2412850253
0.2604071885,laser0,1062.5,256.5020013,0.2414136483
0.2604877642,laser0,1062.5,256.646162,0.2415493289
0.2605669262,laser0,1062.5,256.7751363,0.2416707165
0.2606460882,laser0,1062.5,256.7746608,0.241670269
0.2607252503,laser0,1062.5,256.8972876,0.2417856824
0.2608044123,laser0,1062.5,257.0405712,0.2419205376
0.2608835743,laser0,1062.5,257.2051684,0.2420754526
0.2609612428,laser0,1062.5,257.3416622,0.2422039174
0.2610389112,laser0,1062.5,257.4614812,0.2423166882
0.2611165796,laser0,1062.5,257.5965962,0.2424438552
0.261194248,laser0,1062.5,257.6876639,0.242529566
0.2612719164,laser0,1062.5,257.7618878,0.2425994238
0.2613495848,laser0,1062.5,257.9926621,0.2428166231
0.2614272532,laser0,1062.5,258.1367379,0.2429522239
0.2615049216,laser0,1062.5,258.2188735,0.243029528
0.26158259,laser0,1062.5,258.2263951,0.2430366071
0.2616585325,laser0,1062.5,258.133112,0.2429488113
0.2617344749,laser0,1062.5,258.0771055,0.2428960993
0.2618104174,laser0,1062.5,258.1193326,0.2429358424
0.2618863598,laser0,1062.5,258.132579,0.2429483096
0.2619604941,laser0,1062.5,258.1869065,0.2429994415
0.2620346284,laser0,1062.5,258.1674938,0.2429811706
0.2621069545,laser0,1062.5,258.291241,0.2430976386
0.2621792807,laser0,1062.5,258.4632054,0.2432594875
0.2622516068,laser0,1062.5,258.5723529,0.2433622145
0.2623220784,laser0,1062.5,258.6440158,0.243429662
0.26239255,laser0,1062.5,258.7276157,0.2435083442
0.2624630217,laser0,1062.5,258.669892,0.243454016
0.2625315886,laser0,1062.5,258.7086112,0.2434904576
0.2626001556,laser0,1062.5,258.6681844,0.2434524088
0.262666818,laser0,1062.5,258.6566264,0.2434415307
0.2627334803,laser0,1062.5,258.6515066,0.2434367121
0.2628001426,laser0,1062.5,258.6414949,0.2434272893
0.262866805,laser0,1062.5,258.6392532,0.2434251795
0.2629334673,laser0,1062.5,258.6304266,0.2434168721
0.2630001297,laser0,1062.5,258.5980806,0.2433864288
0.263066792,laser0,1062.5,258.5171596,0.2433102679
0.2631334544,laser0,1062.5,258.4286885,0.243227001
0.2632001167,laser0,1062.5,258.3221302,0.2431267108
0.2632667791,laser0,1062.5,258.2250372,0.2430353292
0.2633334414,laser0,1062.5,258.1463958,0.2429613137
0.2634001037,laser0,1062.5,258.0752664,0.2428943684
0.2634667661,laser0,1062.5,258.034916,0.2428563915
0.2635334284,laser0,1062.5,258.0119152,0.2428347437
0.2636000908,laser0,1062.5,257.9850431,0.2428094523
0.2636667531,laser0,1062.5,257.9607757,0.2427866124
0.2637334155,laser0,1062.5,257.9451753,0.2427719297
0.2638000778,laser0,1062.5,257.9297766,0.2427574368
0.2638667402,laser0,1062.5,257.9161778,0.2427446379
0.2639334025,laser0,1062.5,257.9023729,0.2427316451
0.2640000648,laser0,1062.5,257.8947934,0.2427245115
0.2640667272,laser0,1062.5,257.895597,0.2427252678
0.2641333895,laser0,1062.5,257.8851432,0.2427154289
0.2642000519,laser0,1062.5,257.869039,0.242700272
0.2642667142,laser0,1062.5,257.8500098,0.2426823622
0.2643333766,laser0,1062.5,257.8379938,0.242671053
0.2644000389,laser0,1062.5,257.8192872,0.2426534468
0.2644667012,laser0,1062.5,257.7956505,0.2426312005
0.2645333636,laser0,1062.5,257.7664199,0.2426036893
0.2646000259,laser0,1062.5,257.7294059,0.2425688526
0.2646666883,laser0,1062.5,257.6958069,0.2425372301
0.2647333506,laser0,1062.5,257.6813003,0.2425235768
0.264800013,laser0,1062.5,257.6487544,0.2424929454
0.2648666753,laser0,1062.5,257.62242,0.24246816
0.2649333377,laser0,1062.5,257.588977,0.2424366842
0.265,laser0,1062.5,257.5231392,0.2423747192
0.2650666667,laser0,1062.5,257.4526783,0.2423084031
0.2651333333,laser0,1062.5,257.3889037,0.24224838
0.2652,laser0,1062.5,255.9095523,0.2408560492
0.2652666667,laser0,1062.5,255.674136,0.240634481
0.2653333333,laser0,1062.5,255.5948807,0.2405598877
0.2654,laser0,1062.5,255.5415047,0.2405096515
0.2654666667,laser0,1062.5,255.5052464,0.240475526
0.2655333333,laser0,1062.5,255.4619763,0.2404348013
0.2656,laser0,1062.5,255.4181376,0.2403935413
0.2656666667,laser0,1062.5,255.3615296,0.2403402632
0.2657333333,laser0,1062.5,255.3183693,0.2402996417
0.2658,laser0,1062.5,255.2618183,0.2402464172
0.2658666667,laser0,1062.5,255.2026643,0.2401907429
0.2659333333,laser0,1062.5,255.1464447,0.2401378303
0.266,laser0,1062.5,255.0875454,0.2400823957
0.2660666667,laser0,1062.5,255.0373893,0.2400351899
0.2661333333,laser0,1062.5,254.9970654,0.239997238
0.2662,laser0,1062.5,254.9589877,0.2399614002
0.2662666667,laser0,1062.5,254.9202005,0.2399248946
0.2663333333,laser0,1062.5,254.8830715,0.2398899497
0.2664,laser0,1062.5,255.7068488,0.2406652694
0.2664666667,laser0,1062.5,255.7150495,0.2406729878
0.2665333333,laser0,1062.5,255.7324321,0.2406893479
0.2666,laser0,1062.5,255.7202595,0.2406778913
0.2666666667,laser0,1062.5,255.7399409,0.240696415
0.2667333333,laser0,1062.5,255.7758968,0.2407302558
0.2668,laser0,1062.5,255.7983177,0.2407513579
0.2668666667,laser0,1062.5,255.7697582,0.2407244783
0.2669333333,laser0,1062.5,255.7667699,0.2407216658
0.267,laser0,1062.5,255.7686917,0.2407234745
0.2670666667,laser0,1062.5,255.764007,0.2407190655
0.2671333333,laser0,1062.5,255.818093,0.2407699699
0.2672,laser0,1062.5,255.8303978,0.2407815508
0.2672666667,laser0,1062.5,255.8291088,0.2407803377
0.2673333333,laser0,1062.5,255.852043,0.2408019229
0.2674,laser0,1062.5,255.8809564,0.2408291354
0.2674666667,laser0,1062.5,255.9263908,0.2408718972
0.2675351351,laser0,1062.5,255.947091,0.2408913797
0.2676036036,laser0,1062.5,256.0001334,0.240941302
0.2676720721,laser0,1062.5,256.0661787,0.2410034623
0.2677405405,laser0,1062.5,256.087495,0.2410235247
0.267809009,laser0,1062.5,256.1309274,0.2410644022
0.2678774775,laser0,1062.5,256.1452923,0.2410779222
0.2679459459,laser0,1062.5,256.1448023,0.241077461
0.2680144144,laser0,1062.5,256.1776094,0.2411083382
0.2680828829,laser0,1062.5,256.1024154,0.2410375675
0.2681513514,laser0,1062.5,256.1376627,0.2410707414
0.2682198198,laser0,1062.5,256.1671879,0.2410985298
0.2682882883,laser0,1062.5,256.2016323,0.241130948
0.2683567568,laser0,1062.5,256.2320992,0.2411596228
0.2684252252,laser0,1062.5,256.2628941,0.2411886062
0.2684936937,laser0,1062.5,256.3007051,0.2412241931
0.2685621622,laser0,1062.5,256.3302922,0.2412520397
0.2686306306,laser0,1062.5,256.360394,0.2412803709
0.2686990991,laser0,1062.5,256.3755833,0.2412946667
0.2687675676,laser0,1062.5,256.4038355,0.2413212569
0.268836036,laser0,1062.5,256.4274272,0.2413434609
0.2689045045,laser0,1062.5,256.4578199,0.2413720658
0.268972973,laser0,1062.5,256.4793761,0.241392354
0.2690414414,laser0,1062.5,256.5308572,0.2414408068
0.2691099099,laser0,1062.5,256.5476806,0.2414566406
0.2691783784,laser0,1062.5,256.5408729,0.2414502333
0.2692468468,laser0,1062.5,256.5505542,0.2414593451
0.2693153153,laser0,1062.5,255.7412724,0.2406976681
0.2693837838,laser0,1062.5,255.7910143,0.2407444841
0.2694522523,laser0,1062.5,255.8186063,0.240770453
0.2695207207,laser0,1062.5,255.8492333,0.2407992784
0.2695891892,laser0,1062.5,256.5637582,0.2414717725
0.2696576577,laser0,1062.5,256.573688,0.2414811181
0.2697261261,laser0,1062.5,256.5717645,0.2414793078
0.2697945946,laser0,1062.5,256.5757286,0.2414830387
0.2698630631,laser0,1062.5,256.5819973,0.2414889387
0.2699315315,laser0,1062.5,256.6617799,0.2415640282
0.27,laser0,1062.5,256.6981397,0.2415982492
0.2700675676,laser0,1062.5,256.7321774,0.2416302846
0.2701351351,laser0,1062.5,256.7617762,0.2416581423
0.2702027027,laser0,1062.5,256.7883809,0.241683182
0.2702702703,laser0,1062.5,256.9515516,0.2418367544
0.2703378378,laser0,1062.5,256.9814512,0.2418648953
0.2704054054,laser0,1062.5,256.9976406,0.2418801323
0.270472973,laser0,1062.5,257.057578,0.241936544
0.2705405405,laser0,1062.5,257.1803896,0.2420521313
0.2706081081,laser0,1062.5,257.1803624,0.2420521058
0.2706756757,laser0,1062.5,257.1743988,0.242046493
0.2707432432,laser0,1062.5,257.1272249,0.2420020941
0.2708108108,laser0,1062.5,257.0340787,0.241914427
0.2708773059,laser0,1062.5,257.0281333,0.2419088313
0.2709438009,laser0,1062.5,257.0327889,0.2419132131
0.271010296,laser0,1062.5,257.0442905,0.2419240381
0.2710767911,laser0,1062.5,257.0559746,0.2419350349
0.2711432861,laser0,1062.5,257.0651299,0.2419436516
0.2712097812,laser0,1062.5,257.058756,0.2419376527
0.2712762763,laser0,1062.5,257.0632132,0.2419418477
0.2713427713,laser0,1062.5,257.0623761,0.2419410598
0.2714092664,laser0,1062.5,257.0596703,0.2419385132
0.2714757615,laser0,1062.5,257.0570026,0.2419360024
0.2715422565,laser0,1062.5,257.0564829,0.2419355133
0.2716087516,laser0,1062.5,257.0609716,0.241939738
0.2716752467,laser0,1062.5,257.0694316,0.2419477004
0.2717417417,laser0,1062.5,257.0698027,0.2419480496
0.2718082368,laser0,1062.5,257.0531323,0.2419323598
0.2718747319,laser0,1062.5,257.0461363,0.2419257753
0.2719412269,laser0,1062.5,257.0399485,0.2419199516
0.272007722,laser0,1062.5,257.0297087,0.2419103141
0.2720742171,laser0,1062.5,257.0192951,0.241900513
0.2721407121,laser0,1062.5,257.0146553,0.2418961462
0.2722072072,laser0,1062.5,257.01898,0.2419002165
0.2722737023,laser0,1062.5,257.0234504,0.2419044239
0.2723401973,laser0,1062.5,257.0185216,0.241899785
0.2724066924,laser0,1062.5,257.0146307,0.241896123
0.2724731875,laser0,1062.5,257.0069473,0.2418888915
0.2725396825,laser0,1062.5,256.9985406,0.2418809794
0.2726061776,laser0,1062.5,256.9808763,0.2418643542
0.2726726727,laser0,1062.5,256.9470525,0.24183252
0.2727391677,laser0,1062.5,256.9418357,0.2418276101
0.2728056628,laser0,1062.5,256.9368636,0.2418229304
0.2728721579,laser0,1062.5,256.9326727,0.2418189861
0.2729386529,laser0,1062.5,256.9247057,0.2418114877
0.273005148,laser0,1062.5,256.9182467,0.2418054087
0.2730716431,laser0,1062.5,256.9139107,0.2418013278
0.2731381381,laser0,1062.5,256.9028751,0.2417909413
0.2732046332,laser0,1062.5,256.9323416,0.2418186745
0.2732711283,laser0,1062.5,256.9107602,0.2417983625
0.2733376233,laser0,1062.5,256.9089798,0.2417966868
0.2734041184,laser0,1062.5,256.8842362,0.2417733987
0.2734706135,laser0,1062.5,256.8154244,0.2417086347
0.2735371085,laser0,1062.5,256.7757278,0.2416712733
0.2736036036,laser0,1062.5,256.7797562,0.2416750646
0.2736700987,laser0,1062.5,256.7236774,0.2416222846
0.2737365937,laser0,1062.5,256.742921,0.2416403962
0.2738030888,laser0,1062.5,256.6857338,0.241586573
0.2738695839,laser0,1062.5,256.6954217,0.241595691
0.2739360789,laser0,1062.5,256.66759,0.2415694965
0.274002574,laser0,1062.5,256.6674722,0.2415693856
0.2740690691,laser0,1062.5,256.6533029,0.2415560498
0.2741355641,laser0,1062.5,256.6532319,0.241555983
0.2742020592,laser0,1062.5,256.6483419,0.2415513806
0.2742685543,laser0,1062.5,256.652918,0.2415556876
0.2743350493,laser0,1062.5,256.6535503,0.2415562827
0.2744015444,laser0,1062.5,256.6812617,0.241582364
0.2744680395,laser0,1062.5,256.7061593,0.241605797
0.2745345345,laser0,1062.5,256.760512,0.2416569525
0.2746010296,laser0,1062.5,256.8038876,0.2416977766
0.2746675247,laser0,1062.5,256.8615743,0.2417520699
0.2747340197,laser0,1062.5,256.9139471,0.241801362
0.2748005148,laser0,1062.5,256.9731991,0.2418571286
0.2748670099,laser0,1062.5,257.0295674,0.2419101811
0.2749335049,laser0,1062.5,257.0870932,0.241964323
0.275,laser0,1062.5,257.0851741,0.2419625168
0.2750684932,laser0,1062.5,257.5936738,0.2424411047
0.275137951,laser0,1062.5,257.6453897,0.2424897785
0.2752074088,laser0,1062.5,257.7972851,0.2426327389
0.2752768667,laser0,1062.5,257.8959984,0.2427256455
0.2753463245,laser0,1062.5,257.9809312,0.2428055823
0.2754157824,laser0,1062.5,258.0608348,0.2428807857
0.2754852402,laser0,1062.5,258.1255995,0.2429417407
0.2755546981,laser0,1062.5,258.1923891,0.2430046015
0.2756241559,laser0,1062.5,258.2484972,0.2430574092
0.275694734,laser0,1062.5,258.3005003,0.2431063532
0.2757653122,laser0,1062.5,258.3555952,0.2431582072
0.2758370865,laser0,1062.5,258.4503714,0.2432474084
0.2759088609,laser0,1062.5,258.547532,0.2433388537
0.2759806353,laser0,1062.5,258.6337916,0.2434200391
0.2760524096,laser0,1062.5,258.719446,0.243500655
0.276124184,laser0,1062.5,258.7956631,0.2435723888
0.2761959584,laser0,1062.5,258.8019996,0.2435783525
0.2762677327,laser0,1062.5,258.8722097,0.2436444326
0.2763395071,laser0,1062.5,258.9364687,0.2437049118
0.276412717,laser0,1062.5,258.9982117,0.2437630227
0.2764859268,laser0,1062.5,259.0377805,0.243800264
0.2765591367,laser0,1062.5,259.0741464,0.2438344907
0.2766339381,laser0,1062.5,259.109039,0.2438673308
0.2767087394,laser0,1062.5,259.1426331,0.2438989488
0.2767835408,laser0,1062.5,259.1630799,0.2439181928
0.2768583422,laser0,1062.5,259.1744405,0.2439288852
0.276931404,laser0,1062.5,259.1844594,0.2439383147
0.2770062478,laser0,1062.5,259.182144,0.2439361355
0.2770830107,laser0,1062.5,259.1736018,0.2439280958
0.2771597736,laser0,1062.5,259.1572564,0.2439127119
0.2772365364,laser0,1062.5,259.1383702,0.2438949367
0.2773154925,laser0,1062.5,259.1229764,0.2438804484
0.2773944486,laser0,1062.5,259.140451,0.2438968951
0.2774734047,laser0,1062.5,259.1818986,0.2439359046
0.2775523608,laser0,1062.5,259.233107,0.2439841007
0.2776313169,laser0,1062.5,259.2815815,0.2440297238
0.2777102731,laser0,1062.5,259.3230515,0.2440687543
0.277792049,laser0,1062.5,259.3689457,0.2441119489
0.277873825,laser0,1062.5,259.2989852,0.2440461037
0.2779556009,laser0,1062.5,259.3368121,0.2440817055
0.2780373769,laser0,1062.5,259.3636683,0.244106982
0.2781191529,laser0,1062.5,259.387749,0.2441296462
0.2782009288,laser0,1062.5,259.4003012,0.2441414599
0.2782827048,laser0,1062.5,259.4068452,0.244147619
0.2783685695,laser0,1062.5,259.4143447,0.2441546774
0.2784544343,laser0,1062.5,259.4215431,0.2441614523
0.2785402991,laser0,1062.5,259.4302236,0.2441696222
0.2786261638,laser0,1062.5,259.4325228,0.2441717861
0.2787120286,laser0,1062.5,259.4474083,0.2441857961
0.2787978934,laser0,1062.5,259.4520098,0.2441901268
0.2788837581,laser0,1062.5,259.4114533,0.2441519561
0.2789696229,laser0,1062.5,259.4181421,0.2441582514
0.2790554876,laser0,1062.5,259.4286742,0.2441681639
0.2791413524,laser0,1062.5,259.4384242,0.2441773404
0.2792272172,laser0,1062.5,259.4501137,0.2441883423
0.2793130819,laser0,1062.5,259.4768809,0.244213535
0.2793989467,laser0,1062.5,259.5170293,0.2442513217
0.2794848114,laser0,1062.5,259.561906,0.2442935586
0.2795706762,laser0,1062.5,259.6086477,0.2443375508
0.279656541,laser0,1062.5,259.6571428,0.2443831932
0.2797424057,laser0,1062.5,259.4155597,0.2441558208
0.2798282705,laser0,1062.5,259.4679783,0.244205156
0.2799141352,laser0,1062.5,259.5235639,0.2442574719
0.28,laser0,1062.5,259.5794583,0.2443100784
0.2800862069,laser0,1062.5,259.6362581,0.244363537
0.2801724138,laser0,1062.5,259.7097142,0.2444326722
0.2802586207,laser0,1062.5,259.7738899,0.2444930728
0.2803448276,laser0,1062.5,259.8255043,0.2445416511
0.2804310345,laser0,1062.5,259.8584063,0.2445726177
0.2805188992,laser0,1062.5,259.8715498,0.2445849881
0.2806067639,laser0,1062.5,259.9185517,0.2446292251
0.2806946286,laser0,1062.5,259.9365637,0.2446461776
0.2807824934,laser0,1062.5,260.0161522,0.2447210845
0.2808703581,laser0,1062.5,260.0999738,0.2447999753
0.2809582228,laser0,1062.5,260.1480514,0.2448452248
0.2810460875,laser0,1062.5,260.1793579,0.2448746898
0.2811339523,laser0,1062.5,260.208342,0.2449019689
0.2812198644,laser0,1062.5,260.2364308,0.2449284055
0.2813057766,laser0,1062.5,260.244087,0.2449356113
0.2813916888,laser0,1062.5,257.2964131,0.24216133
0.2814776009,laser0,1062.5,257.2017381,0.2420722241
0.2815635131,laser0,1062.5,257.2453707,0.2421132901
0.2816494253,laser0,1062.5,257.3236067,0.242186924
0.2817353375,laser0,1062.5,257.4255898,0.242282908
0.2818212496,laser0,1062.5,257.5330548,0.2423840515
0.2819071618,laser0,1062.5,257.6358997,0.2424808467
0.281993074,laser0,1062.5,257.7328619,0.2425721053
0.2820789861,laser0,1062.5,258.0841483,0.2429027279
0.2821648983,laser0,1062.5,258.1722209,0.2429856197
0.2822508105,laser0,1062.5,258.2865444,0.2430932183
0.2823341193,laser0,1062.5,258.3688703,0.2431707014
0.282417428,laser0,1062.5,258.4121197,0.2432114068
0.2825007368,laser0,1062.5,258.4074349,0.2432069975
0.2825840456,laser0,1062.5,258.3776892,0.2431790016
0.2826673544,laser0,1062.5,258.2415217,0.2430508439
0.2827506631,laser0,1062.5,258.106368,0.2429236404
0.2828339719,laser0,1062.5,257.9254119,0.2427533288
0.2829172807,laser0,1062.5,258.0869787,0.2429053917
0.2830005894,laser0,1062.5,257.919415,0.2427476847
0.2830838982,laser0,1062.5,257.7487618,0.2425870699
0.283167207,laser0,1062.5,257.621648,0.2424674334
0.2832505158,laser0,1062.5,257.482017,0.242336016
0.2833338245,laser0,1062.5,257.3403955,0.2422027252
0.2834171333,laser0,1062.5,257.168773,0.2420411982
0.2835004421,laser0,1062.5,257.0394569,0.2419194889
0.2835837509,laser0,1062.5,256.8455637,0.2417370012
0.2836670596,laser0,1062.5,256.7163179,0.241615358
0.2837454679,laser0,1062.5,256.4902483,0.2414025867
0.2838238761,laser0,1062.5,256.3588404,0.2412789086
0.2839022844,laser0,1062.5,256.1406348,0.2410735387
0.2839806927,laser0,1062.5,255.957645,0.2409013129
0.2840591009,laser0,1062.5,255.8505267,0.2408004957
0.2841375092,laser0,1062.5,255.7012995,0.2406600466
0.2842159174,laser0,1062.5,255.539719,0.2405079708
0.2842943257,laser0,1062.5,255.4143932,0.2403900171
0.2843727339,laser0,1062.5,255.3094015,0.2402912014
0.2844511422,laser0,1062.5,255.3309163,0.2403114507
0.2845295505,laser0,1062.5,255.2718112,0.2402558223
0.2846079587,laser0,1062.5,255.2410375,0.2402268588
0.284686367,laser0,1062.5,255.2474341,0.2402328791
0.2847647752,laser0,1062.5,255.2673671,0.2402516397
0.2848431835,laser0,1062.5,255.2727682,0.240256723
0.2849215917,laser0,1062.5,255.2569008,0.240241789
0.285,laser0,1062.5,255.2769549,0.2402606634
0.2850833333,laser0,1062.5,255.2821176,0.2402655224
0.2851666667,laser0,1062.5,255.3703953,0.2403486073
0.285251462,laser0,1062.5,255.3793087,0.2403569964
0.2853362573,laser0,1062.5,255.3758257,0.2403537183
0.2854210526,laser0,1062.5,255.4730821,0.2404452538
0.285505848,laser0,1062.5,255.5207895,0.2404901548
0.285592274,laser0,1062.5,255.5933427,0.2405584402
0.2856787,laser0,1062.5,255.6448764,0.2406069425
0.285765126,laser0,1062.5,255.7281524,0.2406853199
0.2858533525,laser0,1062.5,255.7567072,0.240712195
0.285941579,laser0,1062.5,255.8230991,0.2407746815
0.2860298056,laser0,1062.5,255.8846986,0.2408326575
0.2861180321,laser0,1062.5,255.5765976,0.2405426801
0.2862062587,laser0,1062.5,255.6239284,0.2405872267
0.2862965858,laser0,1062.5,255.6748537,0.2406351564
0.286386913,laser0,1062.5,255.7359601,0.2406926683
0.2864772402,laser0,1062.5,255.7894614,0.2407430225
0.2865675674,laser0,1062.5,255.8013828,0.2407542426
0.2866578945,laser0,1062.5,255.8253725,0.2407768212
0.2867482217,laser0,1062.5,255.8687586,0.2408176551
0.2868385489,laser0,1062.5,255.9391427,0.240883899
0.2869288761,laser0,1062.5,256.0421659,0.240980862
0.2870192032,laser0,1062.5,256.1112869,0.241045917
0.2871095304,laser0,1062.5,256.1858497,0.2411160939
0.2871998576,laser0,1062.5,256.2477966,0.2411743968
0.2872901848,laser0,1062.5,256.3059981,0.2412291747
0.2873805119,laser0,1062.5,256.3178409,0.2412403209
0.2874708391,laser0,1062.5,256.3645312,0.2412842646
0.2875611663,laser0,1062.5,256.4231387,0.2413394247
0.2876514935,laser0,1062.5,256.4960727,0.2414080685
0.2877418206,laser0,1062.5,256.5331432,0.2414429583
0.2878321478,laser0,1062.5,256.5731829,0.2414806427
0.287922475,laser0,1062.5,256.611679,0.2415168744
0.2880128022,laser0,1062.5,256.6404719,0.2415439736
0.2881031293,laser0,1062.5,256.667219,0.2415691473
0.2881934565,laser0,1062.5,256.6980023,0.2415981198
0.2882837837,laser0,1062.5,256.6908248,0.2415913645
0.2883741109,laser0,1062.5,256.6788405,0.2415800852
0.288464438,laser0,1062.5,256.7215167,0.241620251
0.2885547652,laser0,1062.5,256.6553401,0.2415579672
0.2886450924,laser0,1062.5,256.6454721,0.2415486796
0.2887354196,laser0,1062.5,256.6834607,0.2415844336
0.2888257467,laser0,1062.5,255.4634046,0.2404361455
0.2889160739,laser0,1062.5,255.7977448,0.2407508186
0.2890064011,laser0,1062.5,255.841032,0.2407915595
0.2890967283,laser0,1062.5,256.0130065,0.2409534179
0.2891870554,laser0,1062.5,256.1633999,0.2410949646
0.2892773826,laser0,1062.5,256.3520686,0.2412725351
0.2893677098,laser0,1062.5,256.6166303,0.2415215344
0.289458037,laser0,1062.5,256.9532383,0.2418383419
0.2895483641,laser0,1062.5,257.3291081,0.2421921017
0.2896386913,laser0,1062.5,257.5401432,0.242390723
0.2897290185,laser0,1062.5,257.5573476,0.2424069154
0.2898193457,laser0,1062.5,257.5315062,0.242382594
0.2899096728,laser0,1062.5,257.5434221,0.242393809
0.29,laser0,1062.5,257.5425537,0.2423929918
0.2900833333,laser0,1062.5,257.5264457,0.2423778313
0.2901652778,laser0,1062.5,257.5116908,0.2423639443
0.2902472222,laser0,1062.5,257.4553119,0.2423108818
0.2903277778,laser0,1062.5,257.4349573,0.2422917245
0.2904083333,laser0,1062.5,257.4379663,0.2422945565
0.2904888889,laser0,1062.5,257.4655469,0.2423205148
0.2905680312,laser0,1062.5,257.4724837,0.2423270435
0.2906471735,laser0,1062.5,257.4678173,0.2423226516
0.2907263158,laser0,1062.5,257.4800515,0.2423341661
0.2908040191,laser0,1062.5,257.5375309,0.2423882643
0.2908817225,laser0,1062.5,257.5538463,0.24240362
0.2909594258,laser0,1062.5,257.540898,0.2423914334
0.2910356631,laser0,1062.5,257.5409075,0.2423914424
0.2911119003,laser0,1062.5,257.5531083,0.2424029255
0.2911866715,laser0,1062.5,257.5637425,0.2424129341
0.2912600047,laser0,1062.5,257.6121103,0.2424584568
0.291333338,laser0,1062.5,257.6631867,0.2425065287
0.2914052333,laser0,1062.5,257.6223217,0.2424680675
0.2914771286,laser0,1062.5,257.4480772,0.2423040726
0.291549024,laser0,1062.5,257.2497559,0.2421174173
0.2916209193,laser0,1062.5,257.1687291,0.2420411568
0.2916913168,laser0,1062.5,257.124147,0.2419991971
0.2917602477,laser0,1062.5,257.0889968,0.2419661146
0.2918277426,laser0,1062.5,257.0530839,0.2419323142
0.2918952374,laser0,1062.5,257.0140375,0.2418955647
0.2919627322,laser0,1062.5,257.0458794,0.2419255335
0.2920287598,laser0,1062.5,257.0747968,0.2419527499
0.292093352,laser0,1062.5,257.0957181,0.2419724406
0.2921579441,laser0,1062.5,257.1326943,0.2420072417
0.2922211009,laser0,1062.5,257.1746866,0.2420467638
0.2922842577,laser0,1062.5,257.2236642,0.2420928604
0.2923474145,laser0,1062.5,257.2625991,0.242129505
0.2924091026,laser0,1062.5,257.3054114,0.242169799
0.2924707906,laser0,1062.5,257.3309359,0.242193822
0.2925324786,laser0,1062.5,257.3643793,0.2422252981
0.2925926621,laser0,1062.5,257.4070956,0.2422655018
0.2926528455,laser0,1062.5,257.4493385,0.2423052598
0.292713029,laser0,1062.5,257.4920162,0.2423454271
0.2927732124,laser0,1062.5,257.53961,0.2423902212
0.2928333959,laser0,1062.5,257.5874984,0.2424352926
0.2928935793,laser0,1062.5,257.638627,0.2424834136
0.2929537628,laser0,1062.5,257.6943092,0.2425358205
0.2930139462,laser0,1062.5,257.7525322,0.2425906185
0.2930741297,laser0,1062.5,257.8080137,0.2426428364
0.2931343131,laser0,1062.5,257.8700279,0.2427012027
0.2931944966,laser0,1062.5,257.9254218,0.2427533382
0.29325468,laser0,1062.5,257.9811683,0.2428058054
0.2933148635,laser0,1062.5,258.0266154,0.2428485792
0.2933772759,laser0,1062.5,258.0883189,0.242906653
0.2934396884,laser0,1062.5,258.1499166,0.2429646274
0.2935021009,laser0,1062.5,258.1998489,0.2430116225
0.2935645133,laser0,1062.5,258.2500424,0.2430588635
0.2936297627,laser0,1062.5,258.2981305,0.2431041228
0.2936950121,laser0,1062.5,258.3525816,0.243155371
0.2937602615,laser0,1062.5,258.4061777,0.2432058143
0.2938291359,laser0,1062.5,258.4487917,0.2432459216
0.2938980102,laser0,1062.5,258.4767723,0.2432722563
0.2939714762,laser0,1062.5,258.4995143,0.2432936605
0.2940449422,laser0,1062.5,258.557235,0.2433479859
0.2941184082,laser0,1062.5,258.6123279,0.2433998381
0.2941918742,laser0,1062.5,258.6682995,0.2434525172
0.2942653401,laser0,1062.5,258.714034,0.2434955614
0.2943388061,laser0,1062.5,258.7608524,0.2435396257
0.2944122721,laser0,1062.5,258.8200471,0.2435953385
0.2944857381,laser0,1062.5,258.888403,0.2436596734
0.2945592041,laser0,1062.5,258.9495561,0.2437172292
0.2946326701,laser0,1062.5,259.0214465,0.2437848908
0.2947061361,laser0,1062.5,259.0911785,0.243850521
0.294779602,laser0,1062.5,259.1511516,0.2439069662
0.294853068,laser0,1062.5,259.2139207,0.243966043
0.294926534,laser0,1062.5,259.2834908,0.2440315208
0.295,laser0,1062.5,259.2974146,0.2440446255
0.2950724638,laser0,1062.5,259.3139894,0.2440602253
0.2951438773,laser0,1062.5,260.6683223,0.2453348915
0.2952152909,laser0,1062.5,260.282392,0.244971663
0.2952867045,laser0,1062.5,260.0329549,0.2447368987
0.295358118,laser0,1062.5,259.6791543,0.24440391
0.2954284496,laser0,1062.5,259.4634008,0.2442008479
0.2954987811,laser0,1062.5,259.3434174,0.2440879222
0.2955691127,laser0,1062.5,259.2739446,0.2440225361
0.2956383453,laser0,1062.5,259.1915013,0.2439449424
0.2957075779,laser0,1062.5,259.0867315,0.2438463355
0.2957757116,laser0,1062.5,259.0249006,0.2437881418
0.2958438453,laser0,1062.5,258.986599,0.2437520932
0.295911979,laser0,1062.5,258.9975377,0.2437623884
0.2959789957,laser0,1062.5,258.9571065,0.2437243355
0.2960460124,laser0,1062.5,258.9499327,0.2437175838
0.2961130292,laser0,1062.5,258.9018942,0.243672371
0.2961800459,laser0,1062.5,257.7240291,0.2425637921
0.2962470626,laser0,1062.5,257.6989181,0.2425401582
0.2963140794,laser0,1062.5,257.6831114,0.2425252813
0.2963810961,laser0,1062.5,257.6672258,0.2425103301
0.2964481129,laser0,1062.5,257.6682355,0.2425112805
0.2965151296,laser0,1062.5,257.6666146,0.2425097549
0.2965821463,laser0,1062.5,257.6645598,0.242507821
0.2966491631,laser0,1062.5,257.6594868,0.2425030464
0.2967161798,laser0,1062.5,257.6652862,0.2425085047
0.2967845927,laser0,1062.5,257.6643774,0.2425076493
0.2968530057,laser0,1062.5,257.6556955,0.2424994782
0.2969214186,laser0,1062.5,257.6494841,0.2424936321
0.2969898315,laser0,1062.5,257.6481198,0.2424923481
0.2970582444,laser0,1062.5,257.6464483,0.2424907749
0.2971266573,laser0,1062.5,257.6456515,0.242490025
0.2971950703,laser0,1062.5,257.662691,0.2425060621
0.2972634832,laser0,1062.5,257.6671193,0.2425102299
0.2973318961,laser0,1062.5,257.6934553,0.2425350168
0.297400309,laser0,1062.5,257.700918,0.2425420405
0.2974687219,laser0,1062.5,257.6967165,0.2425380862
0.2975371349,laser0,1062.5,257.6834522,0.242525602
0.2976055478,laser0,1062.5,257.6914481,0.2425331277
0.2976739607,laser0,1062.5,257.6990078,0.2425402426
0.2977423736,laser0,1062.5,257.7264859,0.2425661043
0.2978107865,laser0,1062.5,257.7372995,0.2425762819
0.2978814063,laser0,1062.5,257.7498541,0.242588098
0.2979520261,laser0,1062.5,257.7553495,0.2425932701
0.2980226459,laser0,1062.5,257.7600001,0.2425976471
0.2980932657,laser0,1062.5,257.7666915,0.2426039449
0.2981638855,laser0,1062.5,257.7799284,0.2426164032
0.2982345053,laser0,1062.5,257.7797244,0.2426162112
0.2983051251,laser0,1062.5,257.8018136,0.2426370011
0.2983757449,laser0,1062.5,257.8131947,0.2426477126
0.2984463646,laser0,1062.5,257.8355978,0.242668798
0.2985169844,laser0,1062.5,257.8446768,0.2426773429
0.2985876042,laser0,1062.5,257.8668297,0.2426981926
0.298658224,laser0,1062.5,257.8826041,0.2427130392
0.2987288438,laser0,1062.5,257.9027916,0.2427320391
0.2987994636,laser0,1062.5,257.8941822,0.2427239362
0.2988700834,laser0,1062.5,257.8933065,0.242723112
0.2989407032,laser0,1062.5,257.8839541,0.2427143097
0.299011323,laser0,1062.5,257.878571,0.2427092433
0.2990819427,laser0,1062.5,257.8583783,0.2426902384
0.2991525625,laser0,1062.5,257.8557188,0.2426877353
0.2992231823,laser0,1062.5,257.8412629,0.2426741298
0.2992938021,laser0,1062.5,257.8454126,0.2426780354
0.2993644219,laser0,1062.5,257.8330628,0.242666412
0.2994350417,laser0,1062.5,257.8369195,0.2426700419
0.2995056615,laser0,1062.5,257.8267504,0.2426604709
0.2995762813,laser0,1062.5,257.8310112,0.2426644811
0.2996469011,laser0,1062.5,257.8261073,0.2426598657
0.2997175208,laser0,1062.5,257.8419078,0.2426747368
0.2997881406,laser0,1062.5,257.8406497,0.2426735526
0.2998587604,laser0,1062.5,257.8448037,0.2426774623
0.2999293802,laser0,1062.5,257.9047383,0.2427338713
0.3,laser0,1062.5,257.961204,0.2427870155
0.3000704225,laser0,1062.5,257.9743717,0.2427994086
0.3001408451,laser0,1062.5,258.0115736,0.2428344222
0.3002112676,laser0,1062.5,258.0255312,0.2428475588
0.3002816901,laser0,1062.5,258.0546961,0.2428750081
0.3003521127,laser0,1062.5,258.0745227,0.2428936684
0.3004225352,laser0,1062.5,258.0884153,0.2429067438
0.3004929577,laser0,1062.5,258.0918413,0.2429099683
0.3005633803,laser0,1062.5,258.109709,0.242926785
0.3006338028,laser0,1062.5,258.1189597,0.2429354915
0.3007042254,laser0,1062.5,258.1287025,0.2429446611
0.3007746479,laser0,1062.5,258.1387066,0.2429540768
0.3008450704,laser0,1062.5,258.1556109,0.2429699867
0.300915493,laser0,1062.5,258.1651416,0.2429789568
0.3009859155,laser0,1062.5,258.17194,0.2429853553
0.301056338,laser0,1062.5,258.1842432,0.2429969348
0.3011267606,laser0,1062.5,258.190324,0.2430026579
0.3011971831,laser0,1062.5,258.1927266,0.2430049191
0.3012676056,laser0,1062.5,258.1938367,0.2430059639
0.3013380282,laser0,1062.5,258.1959692,0.243007971
0.3014084507,laser0,1062.5,258.1950767,0.243007131
0.3014788732,laser0,1062.5,258.1900652,0.2430024143
0.3015492958,laser0,1062.5,258.1844118,0.2429970934
0.3016197183,laser0,1062.5,258.1805988,0.2429935047
0.3016901408,laser0,1062.5,258.1766059,0.2429897467
0.3017620943,laser0,1062.5,258.1803632,0.2429932831
0.3018340478,laser0,1062.5,258.1738079,0.2429871133
0.3019060012,laser0,1062.5,258.1688102,0.2429824096
0.3019779547,laser0,1062.5,258.1633036,0.2429772269
0.3020499081,laser0,1062.5,258.1606459,0.2429747256
0.3021218616,laser0,1062.5,258.157366,0.2429716386
0.3021938151,laser0,1062.5,258.1599882,0.2429741065
0.3022657685,laser0,1062.5,258.1613806,0.2429754171
0.302337722,laser0,1062.5,258.1630295,0.242976969
0.3024096754,laser0,1062.5,258.1645096,0.242978362
0.3024816289,laser0,1062.5,258.1812289,0.2429940978
0.3025515837,laser0,1062.5,258.1913854,0.2430036569
0.3026215384,laser0,1062.5,258.1980204,0.2430099015
0.3026914932,laser0,1062.5,258.1975733,0.2430094808
0.3027593904,laser0,1062.5,258.2014046,0.2430130867
0.3028272877,laser0,1062.5,258.2046813,0.2430161706
0.3028951849,laser0,1062.5,258.2071298,0.2430184751
0.3029609604,laser0,1062.5,258.2129211,0.2430239257
0.3030267359,laser0,1062.5,258.2160316,0.2430268532
0.3030903896,laser0,1062.5,258.2167853,0.2430275626
0.3031540432,laser0,1062.5,258.2093696,0.2430205832
0.3032155751,laser0,1062.5,258.2131371,0.243024129
0.303275056,laser0,1062.5,258.207843,0.2430191464
0.3033345368,laser0,1062.5,258.2351081,0.2430448077
0.3033940176,laser0,1062.5,258.257407,0.2430657948
0.3034534985,laser0,1062.5,258.4079065,0.2432074415
0.3035129793,laser0,1062.5,258.4315859,0.2432297279
0.3035724601,laser0,1062.5,258.457654,0.2432542626
0.3036319409,laser0,1062.5,258.4732755,0.2432689652
0.3036914218,laser0,1062.5,258.4920596,0.2432866443
0.3037509026,laser0,1062.5,258.4971191,0.2432914062
0.3038103834,laser0,1062.5,258.5012454,0.2432952898
0.3038698643,laser0,1062.5,258.4837825,0.2432788541
0.3039293451,laser0,1062.5,258.4619893,0.2432583428
0.3039888259,laser0,1062.5,258.4322524,0.2432303552
0.3040483067,laser0,1062.5,258.4071937,0.2432067705
0.3041077876,laser0,1062.5,258.3866271,0.2431874138
0.3041672684,laser0,1062.5,258.3707719,0.2431724912
0.3042267492,laser0,1062.5,258.3506492,0.2431535522
0.3042862301,laser0,1062.5,258.3423964,0.2431457848
0.3043457109,laser0,1062.5,258.3340221,0.2431379031
0.3044051917,laser0,1062.5,258.3329691,0.2431369121
0.3044646725,laser0,1062.5,258.3292931,0.2431334523
0.3045241534,laser0,1062.5,258.3356122,0.2431393998
0.3045836342,laser0,1062.5,258.3423246,0.2431457172
0.304643115,laser0,1062.5,258.3467389,0.2431498719
0.3047025959,laser0,1062.5,258.34959,0.2431525553
0.3047620767,laser0,1062.5,258.3429182,0.2431462759
0.3048215575,laser0,1062.5,258.3437482,0.2431470571
0.3048810383,laser0,1062.5,258.3448188,0.2431480647
0.3049405192,laser0,1062.5,258.356346,0.2431589138
0.305,laser0,1062.5,258.9928616,0.2437579874
0.3050581395,laser0,1062.5,259.0215444,0.2437849829
0.3051162791,laser0,1062.5,258.9946148,0.2437596374
0.3051744186,laser0,1062.5,258.9885641,0.2437539427
0.305231866,laser0,1062.5,259.0511442,0.2438128416
0.3052893134,laser0,1062.5,259.100958,0.2438597252
0.3053467608,laser0,1062.5,259.1573486,0.2439127987
0.3054042082,laser0,1062.5,259.173811,0.2439282927
0.3054616556,laser0,1062.5,259.2052454,0.243957878
0.305519103,laser0,1062.5,259.2761432,0.2440246053
0.3055765504,laser0,1062.5,259.289992,0.2440376395
0.3056339978,laser0,1062.5,259.3509416,0.2440950039
0.3056906991,laser0,1062.5,259.4534018,0.244191437
0.3057474004,laser0,1062.5,259.4935843,0.2442292558
0.3058041018,laser0,1062.5,259.5724971,0.2443035267
0.3058608031,laser0,1062.5,259.6833314,0.2444078413
0.3059175044,laser0,1062.5,259.711772,0.2444346089
0.3059742057,laser0,1062.5,259.7611677,0.244481099
0.3060309071,laser0,1062.5,259.7897478,0.2445079979
0.3060876084,laser0,1062.5,259.8423699,0.2445575246
0.3061443097,laser0,1062.5,259.8707585,0.2445842433
0.3062010111,laser0,1062.5,259.7959331,0.2445138194
0.3062577124,laser0,1062.5,259.8614057,0.2445754407
0.3063144137,laser0,1062.5,259.9208374,0.2446313764
0.306371115,laser0,1062.5,259.9804095,0.2446874443
0.3064278164,laser0,1062.5,260.0401402,0.2447436614
0.3064845177,laser0,1062.5,260.0929383,0.2447933537
0.306541219,laser0,1062.5,260.1401839,0.2448378202
0.3065979204,laser0,1062.5,260.1941963,0.2448886553
0.3066546217,laser0,1062.5,260.8259848,0.2454832798
0.306711323,laser0,1062.5,260.8804505,0.2455345416
0.3067680243,laser0,1062.5,260.9442256,0.2455945653
0.3068247257,laser0,1062.5,260.9578129,0.2456073533
0.306881427,laser0,1062.5,260.9535468,0.2456033381
0.3069381283,laser0,1062.5,260.9809835,0.2456291609
0.3069948296,laser0,1062.5,261.0042176,0.2456510284
0.307051531,laser0,1062.5,261.0250216,0.2456706085
0.3071082323,laser0,1062.5,261.0660249,0.2457091999
0.3071649336,laser0,1062.5,261.0523896,0.2456963667
0.307221635,laser0,1062.5,261.0174298,0.2456634633
0.3072783363,laser0,1062.5,261.0327087,0.2456778435
0.3073350376,laser0,1062.5,261.0654773,0.2457086845
0.3073917389,laser0,1062.5,261.1151768,0.2457554605
0.3074484403,laser0,1062.5,261.1208226,0.2457607742
0.3075051416,laser0,1062.5,261.1488874,0.2457871881
0.3075618429,laser0,1062.5,261.1675945,0.2458047948
0.3076185442,laser0,1062.5,261.2208282,0.2458548971
0.3076752456,laser0,1062.5,261.2485618,0.2458809993
0.3077319469,laser0,1062.5,261.2379816,0.2458710415
0.3077886482,laser0,1062.5,261.2535177,0.2458856637
0.3078453496,laser0,1062.5,261.2979673,0.2459274986
0.3079020509,laser0,1062.5,261.2870462,0.24591722
0.3079587522,laser0,1062.5,261.2483849,0.2458808328
0.3080154535,laser0,1062.5,261.1740556,0.2458108759
0.3080721549,laser0,1062.5,261.1602422,0.245797875
0.3081288562,laser0,1062.5,261.1434838,0.2457821024
0.3081873294,laser0,1062.5,261.1693174,0.2458064164
0.3082458027,laser0,1062.5,261.1454879,0.2457839886
0.3083042759,laser0,1062.5,261.6170609,0.246227822
0.3083627492,laser0,1062.5,261.548718,0.2461634993
0.3084212224,laser0,1062.5,261.5759983,0.2461891749
0.3084796957,laser0,1062.5,261.6017756,0.2462134359
0.3085381689,laser0,1062.5,261.6524976,0.2462611742
0.3085966421,laser0,1062.5,261.6974189,0.2463034531
0.3086551154,laser0,1062.5,261.7061051,0.2463116284
0.3087135886,laser0,1062.5,261.7276441,0.2463319004
0.3087720619,laser0,1062.5,261.755981,0.2463585704
0.3088305351,laser0,1062.5,261.7530934,0.2463558526
0.3088890084,laser0,1062.5,261.7460503,0.2463492238
0.3089474816,laser0,1062.5,261.7349042,0.2463387334
0.3090059549,laser0,1062.5,261.754553,0.2463572264
0.3090644281,laser0,1062.5,261.7902223,0.2463907975
0.3091229013,laser0,1062.5,261.7981145,0.2463982254
0.3091813746,laser0,1062.5,261.7757189,0.2463771472
0.3092398478,laser0,1062.5,261.784864,0.2463857544
0.3092983211,laser0,1062.5,261.7695785,0.246371368
0.3093567943,laser0,1062.5,261.7574397,0.2463599433
0.3094152676,laser0,1062.5,261.7673777,0.2463692967
0.3094737408,laser0,1062.5,261.7312144,0.2463352606
0.309532214,laser0,1062.5,261.7242112,0.2463286693
0.3095906873,laser0,1062.5,261.7083621,0.2463137525
0.3096491605,laser0,1062.5,261.6995411,0.2463054504
0.3097076338,laser0,1062.5,261.6967022,0.2463027786
0.309766107,laser0,1062.5,261.6954099,0.2463015622
0.3098245803,laser0,1062.5,261.6736163,0.2462810506
0.3098830535,laser0,1062.5,261.4625101,0.2460823624
0.3099415268,laser0,1062.5,261.6884985,0.2462950574
0.31,laser0,1062.5,261.6941476,0.2463003742
0.310060241,laser0,1062.5,261.6797378,0.246286812
0.3101197561,laser0,1062.5,261.6924862,0.2462988106
0.3101792713,laser0,1062.5,261.6611666,0.2462693332
0.3102387865,laser0,1062.5,261.66541,0.2462733271
0.3102983016,laser0,1062.5,261.1155267,0.2457557899
0.3103578168,laser0,1062.5,261.1470884,0.245785495
0.310417332,laser0,1062.5,261.2034581,0.2458385488
0.3104792599,laser0,1062.5,261.0753647,0.2457179903
0.3105395365,laser0,1062.5,261.2673762,0.245898707
0.310599813,laser0,1062.5,261.3484613,0.2459750224
0.310659275,laser0,1062.5,261.38527,0.2460096659
0.310718737,laser0,1062.5,261.4188886,0.2460413069
0.310778199,laser0,1062.5,261.0487178,0.2456929109
0.3108376609,laser0,1062.5,261.0518388,0.2456958483
0.3108979847,laser0,1062.5,261.0415747,0.245686188
0.3109583084,laser0,1062.5,261.0379221,0.2456827502
0.3110186322,laser0,1062.5,261.0480257,0.2456922594
0.3110808411,laser0,1062.5,261.0069867,0.2456536345
0.3111420779,laser0,1062.5,261.0680235,0.245711081
0.3112033148,laser0,1062.5,261.1023036,0.2457433446
0.3112645516,laser0,1062.5,261.1163061,0.2457565234
0.3113257885,laser0,1062.5,258.27885,0.2430859765
0.3113860215,laser0,1062.5,257.7401097,0.2425789268
0.3114462545,laser0,1062.5,257.5912401,0.2424388143
0.3115064874,laser0,1062.5,257.5655494,0.2424146347
0.3115667204,laser0,1062.5,257.5848865,0.2424328344
0.3116269534,laser0,1062.5,257.6344676,0.2424794989
0.3116905958,laser0,1062.5,257.6697226,0.24251268
0.3117530374,laser0,1062.5,257.7664916,0.2426037568
0.3118143008,laser0,1062.5,257.8236006,0.2426575065
0.3118755643,laser0,1062.5,257.8951196,0.2427248185
0.3119368277,laser0,1062.5,258.2281942,0.2430383004
0.3119980911,laser0,1062.5,258.2864322,0.2430931127
0.3120593546,laser0,1062.5,258.3436838,0.2431469966
0.312120618,laser0,1062.5,258.3863591,0.2431871615
0.3121818815,laser0,1062.5,259.0042294,0.2437686865
0.3122431449,laser0,1062.5,259.0190031,0.2437825911
0.3123072578,laser0,1062.5,258.9672169,0.2437338512
0.3123698797,laser0,1062.5,258.9582432,0.2437254054
0.3124325017,laser0,1062.5,258.8946249,0.2436655293
0.3124936326,laser0,1062.5,258.82199,0.2435971671
0.3125547635,laser0,1062.5,258.7467114,0.2435263166
0.3126158944,laser0,1062.5,258.6567901,0.2434416848
0.3126770253,laser0,1062.5,258.5412902,0.2433329791
0.3127381562,laser0,1062.5,258.4234598,0.2432220798
0.3127992871,laser0,1062.5,258.2891232,0.2430956453
0.3128604181,laser0,1062.5,258.1575774,0.2429718376
0.3129233469,laser0,1062.5,258.0179019,0.2428403783
0.3129862758,laser0,1062.5,257.8920012,0.2427218834
0.3130492047,laser0,1062.5,257.7426286,0.2425812975
0.3131121336,laser0,1062.5,257.6386956,0.2424834782
0.3131750625,laser0,1062.5,257.5199333,0.2423717019
0.3132379913,laser0,1062.5,257.3807185,0.2422406763
0.3133009202,laser0,1062.5,257.2012016,0.2420717191
0.3133638491,laser0,1062.5,257.0118928,0.2418935462
0.313426778,laser0,1062.5,256.8127428,0.2417061109
0.3134872865,laser0,1062.5,256.6221986,0.2415267752
0.3135503162,laser0,1062.5,256.4572742,0.2413715522
0.3136107197,laser0,1062.5,256.2970935,0.2412207939
0.3136711232,laser0,1062.5,256.1333095,0.2410666443
0.3137315267,laser0,1062.5,255.9843101,0.2409264095
0.3137919302,laser0,1062.5,255.8422375,0.2407926941
0.3138523337,laser0,1062.5,255.7130958,0.240671149
0.3139127372,laser0,1062.5,255.5989408,0.240563709
0.3139731407,laser0,1062.5,255.4995389,0.2404701543
0.3140335442,laser0,1062.5,255.4077836,0.2403837963
0.3140939477,laser0,1062.5,255.3241853,0.2403051156
0.3141586657,laser0,1062.5,255.2439506,0.2402296006
0.314218761,laser0,1062.5,255.1824466,0.2401717145
0.3142788563,laser0,1062.5,255.1431715,0.2401347497
0.3143389516,laser0,1062.5,255.0824976,0.2400776448
0.3143990469,laser0,1062.5,255.0177021,0.2400166608
0.3144591422,laser0,1062.5,254.9504406,0.2399533558
0.3145192375,laser0,1062.5,254.8837348,0.239890574
0.3145793328,laser0,1062.5,254.7955444,0.2398075712
0.3146394281,laser0,1062.5,254.743687,0.2397587643
0.3146995235,laser0,1062.5,254.6989304,0.2397166404
0.3147596188,laser0,1062.5,254.6591503,0.2396792003
0.3148197141,laser0,1062.5,254.6356125,0.239657047
0.3148798094,laser0,1062.5,254.6175221,0.2396400208
0.3149399047,laser0,1062.5,254.611801,0.2396346362
0.315,laser0,1062.5,254.6127742,0.2396355522
0.315060241,laser0,1062.5,254.6092973,0.2396322798
0.3151197561,laser0,1062.5,254.6084399,0.2396314728
0.3151800061,laser0,1062.5,254.6113124,0.2396341764
0.315240256,laser0,1062.5,254.6060174,0.2396291928
0.3153005059,laser0,1062.5,254.5992775,0.2396228494
0.3153631658,laser0,1062.5,254.5832406,0.2396077559
0.3154241768,laser0,1062.5,254.5862124,0.2396105528
0.315484385,laser0,1062.5,254.5842763,0.2396087306
0.3155445932,laser0,1062.5,254.5868955,0.2396111958
0.3156048014,laser0,1062.5,254.5969686,0.2396206763
0.3156650096,laser0,1062.5,254.6094947,0.2396324656
0.3157252178,laser0,1062.5,254.6258955,0.2396479016
0.315785426,laser0,1062.5,254.648103,0.2396688028
0.3158456342,laser0,1062.5,254.6747649,0.2396938964
0.3159058424,laser0,1062.5,254.7052585,0.2397225962
0.3159678751,laser0,1062.5,254.7168741,0.2397335286
0.3160289679,laser0,1062.5,255.088492,0.2400832866
0.3160900607,laser0,1062.5,255.1285813,0.2401210177
0.3161502136,laser0,1062.5,255.1751906,0.2401648852
0.3162103665,laser0,1062.5,255.2204196,0.2402074537
0.3162705194,laser0,1062.5,255.2735656,0.2402574735
0.3163316585,laser0,1062.5,255.3262238,0.2403070342
0.3163927975,laser0,1062.5,255.3829168,0.2403603923
0.3164549906,laser0,1062.5,255.4396139,0.2404137543
0.3165171838,laser0,1062.5,255.5035237,0.2404739046
0.3165805077,laser0,1062.5,255.5381027,0.2405064496
0.3166438316,laser0,1062.5,255.6254148,0.2405886257
0.3167083733,laser0,1062.5,255.6920536,0.2406513446
0.316772915,laser0,1062.5,255.7679021,0.2407227314
0.3168387739,laser0,1062.5,255.8372353,0.2407879861
0.316906034,laser0,1062.5,255.9605788,0.2409040741
0.3169732942,laser0,1062.5,256.0861131,0.2410222241
0.3170420829,laser0,1062.5,256.1919545,0.2411218395
0.3171108717,laser0,1062.5,256.2859858,0.2412103396
0.3171813383,laser0,1062.5,256.3778604,0.2412968098
0.3172536116,laser0,1062.5,256.4529152,0.2413674496
0.317325885,laser0,1062.5,256.5127916,0.2414238039
0.317400166,laser0,1062.5,256.5864511,0.2414931304
0.317474447,laser0,1062.5,256.6673767,0.2415692957
0.3175509789,laser0,1062.5,256.7212263,0.2416199777
0.3176299795,laser0,1062.5,256.7860417,0.2416809804
0.3177089802,laser0,1062.5,256.8227156,0.2417154971
0.3177879809,laser0,1062.5,256.863183,0.241753584
0.3178669816,laser0,1062.5,256.8867482,0.241775763
0.3179490208,laser0,1062.5,256.9042607,0.2417922453
0.3180310599,laser0,1062.5,256.9117991,0.2417993403
0.3181130991,laser0,1062.5,256.9197334,0.2418068079
0.3181951383,laser0,1062.5,256.9202665,0.2418073097
0.3182771774,laser0,1062.5,256.9225131,0.2418094241
0.3183592166,laser0,1062.5,256.9237158,0.2418105561
0.3184412558,laser0,1062.5,256.9230655,0.241809944
0.3185232949,laser0,1062.5,256.9142964,0.2418016907
0.3186053341,laser0,1062.5,257.1910592,0.2420621733
0.3186925007,laser0,1062.5,257.1804963,0.2420522318
0.3187796674,laser0,1062.5,257.1954677,0.2420663225
0.318866834,laser0,1062.5,256.1733064,0.2411042883
0.3189540006,laser0,1062.5,256.0961806,0.2410316994
0.3190411672,laser0,1062.5,256.128925,0.2410625177
0.3191283338,laser0,1062.5,256.213204,0.2411418391
0.3192155004,laser0,1062.5,256.2968535,0.241220568
0.3193026671,laser0,1062.5,256.4251056,0.2413412759
0.3193898337,laser0,1062.5,256.5604099,0.2414686211
0.3194770003,laser0,1062.5,256.7087365,0.2416082226
0.3195641669,laser0,1062.5,256.8529252,0.2417439296
0.3196513335,laser0,1062.5,256.9934927,0.2418762285
0.3197385001,laser0,1062.5,257.1823769,0.2420540018
0.3198256668,laser0,1062.5,257.3803311,0.2422403116
0.3199128334,laser0,1062.5,257.5579866,0.2424075168
0.32,laser0,1062.5,257.7303352,0.2425697272
0.3200877193,laser0,1062.5,257.9000588,0.2427294671
0.3201754386,laser0,1062.5,258.0649056,0.242884617
0.3202631579,laser0,1062.5,258.2685362,0.2430762694
0.3203525323,laser0,1062.5,259.0138054,0.2437776992
0.3204419067,laser0,1062.5,259.2068443,0.2439593828
0.320531281,laser0,1062.5,259.3604281,0.2441039323
0.3206224794,laser0,1062.5,259.4138817,0.2441542416
0.3207136777,laser0,1062.5,259.5514283,0.2442836973
0.3208048761,laser0,1062.5,259.9148402,0.2446257319
0.3208960744,laser0,1062.5,260.0406941,0.2447441827
0.3209893455,laser0,1062.5,260.1331597,0.2448312091
0.3210826165,laser0,1062.5,260.2319417,0.2449241805
0.3211758875,laser0,1062.5,260.3485145,0.245033896
0.3212691586,laser0,1062.5,260.173372,0.244869056
0.3213624296,laser0,1062.5,260.2727448,0.2449625833
0.3214557006,laser0,1062.5,260.3727676,0.2450567225
0.3215489717,laser0,1062.5,260.4685953,0.2451469133
0.3216422427,laser0,1062.5,260.5806803,0.245252405
0.3217329929,laser0,1062.5,260.6830981,0.2453487982
0.3218237431,laser0,1062.5,260.7928125,0.2454520588
0.3219144933,laser0,1062.5,260.8724655,0.2455270264
0.3220052435,laser0,1062.5,261.002012,0.2456489525
0.3220959937,laser0,1062.5,261.0938582,0.245735396
0.3221867439,laser0,1062.5,261.2232363,0.2458571635
0.3222774941,laser0,1062.5,261.3474868,0.2459741052
0.3223682443,laser0,1062.5,261.4655554,0.2460852286
0.3224589945,laser0,1062.5,261.5622468,0.2461762322
0.3225466154,laser0,1062.5,261.6460626,0.2462551177
0.3226342362,laser0,1062.5,261.6755518,0.2462828723
0.3227218571,laser0,1062.5,261.6805638,0.2462875894
0.3228062328,laser0,1062.5,261.734575,0.2463384235
0.3228906084,laser0,1062.5,261.8023061,0.2464021705
0.3229749841,laser0,1062.5,261.8761738,0.246471693
0.3230593598,laser0,1062.5,261.954394,0.246545312
0.3231437354,laser0,1062.5,262.0358841,0.2466220086
0.3232281111,laser0,1062.5,262.1126179,0.2466942286
0.3233086515,laser0,1062.5,262.2038914,0.2467801331
0.3233891919,laser0,1062.5,262.2671492,0.2468396698
0.3234697323,laser0,1062.5,262.3130645,0.2468828843
0.3235502727,laser0,1062.5,262.3568593,0.2469241028
0.3236308131,laser0,1062.5,262.3939315,0.2469589943
0.3237113535,laser0,1062.5,262.4141841,0.2469780556
0.3237918939,laser0,1062.5,262.4270828,0.2469901955
0.3238724343,laser0,1062.5,262.4248058,0.2469880525
0.3239529747,laser0,1062.5,262.3648462,0.2469316199
0.3240335151,laser0,1062.5,262.3180183,0.2468875466
0.3241140555,laser0,1062.5,262.2845022,0.246856002
0.324194596,laser0,1062.5,262.2497678,0.2468233109
0.3242751364,laser0,1062.5,262.2163284,0.2467918385
0.3243556768,laser0,1062.5,262.1803411,0.2467579681
0.3244362172,laser0,1062.5,262.1370802,0.246717252
0.3245167576,laser0,1062.5,262.0881169,0.2466711689
0.324597298,laser0,1062.5,262.0575353,0.2466423862
0.3246778384,laser0,1062.5,262.0393492,0.2466252698
0.3247583788,laser0,1062.5,262.028011,0.2466145985
0.3248389192,laser0,1062.5,262.0176206,0.2466048194
0.3249194596,laser0,1062.5,262.0387597,0.246624715
0.325,laser0,1062.5,261.9722379,0.2465621062
0.3250806452,laser0,1062.5,261.9411279,0.2465328263
0.3251612903,laser0,1062.5,261.8964063,0.2464907354
0.3252406134,laser0,1062.5,260.6404662,0.2453086741
0.3253199365,laser0,1062.5,260.4209463,0.2451020671
0.3253992597,laser0,1062.5,260.2849139,0.2449740366
0.3254785828,laser0,1062.5,260.1905102,0.244885186
0.3255579059,laser0,1062.5,260.1621903,0.2448585321
0.325637229,laser0,1062.5,260.1354381,0.2448333535
0.3257165521,laser0,1062.5,260.118374,0.2448172931
0.3257958752,laser0,1062.5,260.0827358,0.2447837514
0.3258751983,laser0,1062.5,260.0434255,0.2447467534
0.3259530248,laser0,1062.5,259.9986197,0.2447045833
0.3260308512,laser0,1062.5,259.9423052,0.2446515813
0.3261086776,laser0,1062.5,259.8396638,0.2445549777
0.3261865041,laser0,1062.5,259.7748628,0.2444939885
0.326262774,laser0,1062.5,259.7242349,0.2444463387
0.3263390439,laser0,1062.5,259.6859867,0.2444103404
0.3264153139,laser0,1062.5,259.6503061,0.2443767587
0.3264915838,laser0,1062.5,259.6255946,0.2443535008
0.3265678537,laser0,1062.5,259.6073818,0.2443363594
0.3266441236,laser0,1062.5,259.5884213,0.2443185142
0.3267203935,laser0,1062.5,259.5676437,0.2442989588
0.3267966634,laser0,1062.5,259.5357574,0.2442689482
0.3268729334,laser0,1062.5,259.4611511,0.2441987304
0.3269492033,laser0,1062.5,259.349845,0.2440939717
0.3270254732,laser0,1062.5,259.2474367,0.2439975875
0.3271017431,laser0,1062.5,259.1896957,0.243943243
0.327178013,laser0,1062.5,259.163896,0.243918961
0.3272542829,laser0,1062.5,259.1462832,0.2439023842
0.3273305529,laser0,1062.5,259.1326904,0.243889591
0.3274068228,laser0,1062.5,259.1214455,0.2438790075
0.3274830927,laser0,1062.5,259.1033431,0.24386197
0.3275593626,laser0,1062.5,259.0775597,0.2438377033
0.3276356325,laser0,1062.5,259.0470453,0.2438089838
0.3277119025,laser0,1062.5,259.0084637,0.2437726717
0.3277881724,laser0,1062.5,258.9681059,0.2437346879
0.3278644423,laser0,1062.5,258.882782,0.2436543831
0.3279407122,laser0,1062.5,258.784077,0.2435614842
0.3280199156,laser0,1062.5,258.6360893,0.2434222017
0.328099119,laser0,1062.5,258.1432907,0.2429583912
0.3281783223,laser0,1062.5,258.1909511,0.2430032481
0.3282575257,laser0,1062.5,258.1514178,0.2429660403
0.3283367291,laser0,1062.5,258.1074585,0.2429246669
0.3284159325,laser0,1062.5,258.0361085,0.2428575139
0.3284951358,laser0,1062.5,257.9704156,0.2427956853
0.3285743392,laser0,1062.5,257.9079022,0.2427368492
0.3286535426,laser0,1062.5,257.8832697,0.2427136656
0.328732746,laser0,1062.5,257.8296408,0.2426631914
0.3288119494,laser0,1062.5,257.7682767,0.2426054369
0.3288911527,laser0,1062.5,257.7058658,0.2425466973
0.3289703561,laser0,1062.5,257.620442,0.2424662983
0.3290495595,laser0,1062.5,257.5536537,0.2424034387
0.3291287629,laser0,1062.5,257.509113,0.2423615181
0.3292079662,laser0,1062.5,257.44462,0.2423008189
0.3292871696,laser0,1062.5,257.3913837,0.2422507141
0.329366373,laser0,1062.5,257.4056166,0.2422641097
0.3294568911,laser0,1062.5,257.321491,0.2421849327
0.3295474093,laser0,1062.5,257.265203,0.2421319558
0.3296379274,laser0,1062.5,257.2806628,0.2421465061
0.3297284456,laser0,1062.5,257.1687693,0.2420411946
0.3298189637,laser0,1062.5,257.115618,0.2419911699
0.3299094819,laser0,1062.5,257.0412547,0.2419211809
0.33,laser0,1062.5,257.0402824,0.2419202658
0.3300925926,laser0,1062.5,257.0410726,0.2419210095
0.3301869658,laser0,1062.5,257.0660559,0.2419445232
0.3302832265,laser0,1062.5,257.047463,0.241927024
0.3303814926,laser0,1062.5,257.0504133,0.2419298008
0.3304818949,laser0,1062.5,257.0004681,0.2418827935
0.3305822973,laser0,1062.5,256.9112302,0.2417988049
0.3306826996,laser0,1062.5,256.7711307,0.2416669465
0.3307831019,laser0,1062.5,256.7125983,0.2416118573
0.3308835043,laser0,1062.5,256.6340767,0.2415379545
0.3309839066,laser0,1062.5,256.5186948,0.2414293598
0.331084309,laser0,1062.5,256.4614653,0.2413754967
0.3311847113,laser0,1062.5,256.4610893,0.2413751429
0.3312825392,laser0,1062.5,256.4126539,0.2413295566
0.3313778587,laser0,1062.5,256.3374928,0.2412588167
0.3314684122,laser0,1062.5,256.3161748,0.2412387528
0.3315567019,laser0,1062.5,256.2536089,0.2411798672
0.3316406848,laser0,1062.5,256.1916384,0.241121542
0.3317226193,laser0,1062.5,256.1325387,0.2410659188
0.3318006522,laser0,1062.5,256.090141,0.241026015
0.3318786851,laser0,1062.5,256.0525665,0.2409906508
0.331956718,laser0,1062.5,256.0255318,0.2409652064
0.3320328,laser0,1062.5,256.027162,0.2409667407
0.3321088821,laser0,1062.5,255.976694,0.2409192414
0.3321849641,laser0,1062.5,255.9657976,0.240908986
0.3322610462,laser0,1062.5,255.9675493,0.2409106347
0.3323371282,laser0,1062.5,255.922492,0.2408682278
0.3324132103,laser0,1062.5,255.8726113,0.2408212812
0.3324892923,laser0,1062.5,255.8586362,0.2408081282
0.3325653744,laser0,1062.5,255.8281924,0.2407794752
0.3326414564,laser0,1062.5,255.8246077,0.2407761014
0.3327175385,laser0,1062.5,255.8075202,0.240760019
0.3327911663,laser0,1062.5,255.7945337,0.2407477965
0.332864794,laser0,1062.5,255.7858872,0.2407396585
0.3329384218,laser0,1062.5,255.8002592,0.2407531851
0.3330120496,laser0,1062.5,255.7828968,0.240736844
0.3330856774,laser0,1062.5,255.8007385,0.2407536362
0.3331565783,laser0,1062.5,255.8436355,0.2407940099
0.3332274791,laser0,1062.5,255.7994128,0.2407523885
0.3332983799,laser0,1062.5,255.7723666,0.2407269332
0.3333692808,laser0,1062.5,255.7403345,0.2406967854
0.3334401816,laser0,1062.5,255.7054166,0.2406639215
0.3335110824,laser0,1062.5,255.6845082,0.240644243
0.3335819833,laser0,1062.5,255.6331895,0.240595943
0.3336566157,laser0,1062.5,255.6338732,0.2405965866
0.3337312482,laser0,1062.5,255.6272242,0.2405903286
0.3338058807,laser0,1062.5,255.8008982,0.2407537866
0.3338805131,laser0,1062.5,255.8200207,0.2407717842
0.3339551456,laser0,1062.5,255.8437394,0.2407941077
0.334029778,laser0,1062.5,255.8638087,0.2408129964
0.3341044105,laser0,1062.5,255.9123374,0.2408586705
0.3341790429,laser0,1062.5,255.9169227,0.2408629861
0.3342536754,laser0,1062.5,255.9745312,0.2409172058
0.3343283079,laser0,1062.5,256.0190947,0.240959148
0.3344029403,laser0,1062.5,256.0862236,0.2410223281
0.3344775728,laser0,1062.5,256.124503,0.2410583558
0.3345522052,laser0,1062.5,256.1188842,0.2410530674
0.3346268377,laser0,1062.5,256.0972421,0.2410326985
0.3347014702,laser0,1062.5,256.0930299,0.241028734
0.3347761026,laser0,1062.5,256.1069753,0.2410418591
0.3348507351,laser0,1062.5,256.087988,0.2410239887
0.3349253675,laser0,1062.5,256.1292226,0.2410627978
0.335,laser0,1062.5,256.151054,0.241083345
0.3350769231,laser0,1062.5,256.215235,0.2411437506
0.3351550672,laser0,1062.5,256.256941,0.2411830033
0.3352332112,laser0,1062.5,256.3709093,0.2412902676
0.3353113553,laser0,1062.5,256.4620207,0.2413760194
0.3353894994,laser0,1062.5,256.5454352,0.2414545272
0.3354676435,laser0,1062.5,256.5983882,0.2415043654
0.3355457875,laser0,1062.5,256.6879001,0.2415886118
0.3356239316,laser0,1062.5,256.7446013,0.2416419777
0.3357020757,laser0,1062.5,256.8233823,0.2417161245
0.3357802198,laser0,1062.5,256.898613,0.2417869299
0.3358583639,laser0,1062.5,256.9806315,0.2418641238
0.3359365079,laser0,1062.5,257.0168901,0.2418982495
0.336014652,laser0,1062.5,257.0556815,0.241934759
0.3360927961,laser0,1062.5,257.1325512,0.242007107
0.3361709402,laser0,1062.5,257.1742638,0.2420463659
0.3362475214,laser0,1062.5,257.2316072,0.2421003362
0.3363241026,laser0,1062.5,257.2696281,0.2421361206
0.3364006838,laser0,1062.5,257.3777554,0.2422378875
0.336477265,laser0,1062.5,257.5928629,0.2424403416
0.3365538462,laser0,1062.5,257.6548624,0.242498694
0.3366304274,laser0,1062.5,257.8482593,0.2426807147
0.3367053067,laser0,1062.5,257.9162667,0.2427447216
0.3367801861,laser0,1062.5,258.0253637,0.2428474011
0.3368550655,laser0,1062.5,258.0825043,0.2429011805
0.3369299449,laser0,1062.5,257.9769993,0.2428018817
0.3370048243,laser0,1062.5,257.9933257,0.2428172478
0.3370816237,laser0,1062.5,258.027452,0.2428493666
0.3371604987,laser0,1062.5,258.0673309,0.2428868997
0.3372393738,laser0,1062.5,258.1069091,0.2429241497
0.3373182488,laser0,1062.5,258.1641479,0.2429780216
0.3373971238,laser0,1062.5,258.2360521,0.2430456961
0.3374759989,laser0,1062.5,258.2688733,0.2430765867
0.3375548739,laser0,1062.5,258.5869397,0.2433759432
0.3376363781,laser0,1062.5,258.6768635,0.2434605774
0.3377178823,laser0,1062.5,258.7626891,0.2435413544
0.3377993865,laser0,1062.5,258.8606051,0.2436335106
0.3378808907,laser0,1062.5,258.93476,0.2437033036
0.3379623949,laser0,1062.5,259.0057002,0.2437700708
0.3380472951,laser0,1062.5,259.0861015,0.2438457426
0.3381321953,laser0,1062.5,259.1731249,0.243927647
0.3382170956,laser0,1062.5,259.2578445,0.2440073831
0.3383019958,laser0,1062.5,259.3256287,0.2440711799
0.338386896,laser0,1062.5,259.3896177,0.2441314049
0.3384717962,laser0,1062.5,259.4710101,0.2442080095
0.3385566964,laser0,1062.5,259.5650523,0.2442965198
0.3386415966,laser0,1062.5,259.6445054,0.2443712992
0.3387264968,laser0,1062.5,259.7360883,0.2444574948
0.338811397,laser0,1062.5,259.8447886,0.244559801
0.3388962972,laser0,1062.5,260.0364637,0.2447402012
0.3389811975,laser0,1062.5,260.1383932,0.2448361348
0.3390660977,laser0,1062.5,260.1047882,0.2448045066
0.3391439229,laser0,1062.5,260.1649265,0.2448611073
0.3392217481,laser0,1062.5,260.2153517,0.2449085663
0.3392995733,laser0,1062.5,260.2691726,0.2449592212
0.3393773984,laser0,1062.5,260.2957575,0.2449842423
0.3394552236,laser0,1062.5,260.3573328,0.2450421955
0.3395330488,laser0,1062.5,260.3743739,0.2450582343
0.339610874,laser0,1062.5,260.4158035,0.2450972268
0.3396886992,laser0,1062.5,260.4361477,0.2451163743
0.3397665244,laser0,1062.5,260.4607106,0.2451394924
0.3398443496,laser0,1062.5,260.4907455,0.2451677604
0.3399221748,laser0,1062.5,260.5327098,0.2452072562
0.34,laser0,1062.5,260.5798997,0.2452516703
0.3400694444,laser0,1062.5,260.6329518,0.2453016017
0.3401379244,laser0,1062.5,260.6825791,0.2453483097
0.3402054532,laser0,1062.5,260.7357568,0.2453983594
0.3402720441,laser0,1062.5,260.7981615,0.2454570932
0.3403386351,laser0,1062.5,260.8609162,0.2455161565
0.3404042881,laser0,1062.5,260.9280016,0.2455792956
0.3404699411,laser0,1062.5,260.9898264,0.2456374837
0.3405355941,laser0,1062.5,261.0673233,0.2457104219
0.3406032367,laser0,1062.5,261.1980703,0.2458334779
0.3406730266,laser0,1062.5,261.3159338,0.2459444083
0.3407451428,laser0,1062.5,261.4065165,0.2460296626
0.3408211224,laser0,1062.5,261.4211117,0.2460433993
0.3408999691,laser0,1062.5,261.3405374,0.2459675646
0.3409819697,laser0,1062.5,261.2785222,0.2459091974
0.3410656787,laser0,1062.5,261.2414544,0.24587431
0.3411493877,laser0,1062.5,261.2277673,0.245861428
0.3412330966,laser0,1062.5,261.1670838,0.2458043141
0.3413168056,laser0,1062.5,257.5619681,0.2424112641
0.3414005146,laser0,1062.5,257.1360673,0.2420104163
0.3414842235,laser0,1062.5,257.0205337,0.2419016788
0.3415679325,laser0,1062.5,256.9045444,0.2417925124
0.3416537342,laser0,1062.5,257.1489719,0.2420225618
0.3417395359,laser0,1062.5,257.2934527,0.2421585437
0.3418276565,laser0,1062.5,257.4153165,0.2422732391
0.3419182949,laser0,1062.5,257.45253,0.2423082636
0.3420089333,laser0,1062.5,257.3573255,0.2422186593
0.3421024041,laser0,1062.5,257.384712,0.2422444348
0.342195875,laser0,1062.5,257.4558717,0.2423114087
0.3422893458,laser0,1062.5,257.5170876,0.2423690236
0.3423861549,laser0,1062.5,257.582327,0.2424304254
0.3424829639,laser0,1062.5,257.5979749,0.2424451528
0.342579773,laser0,1062.5,257.5309441,0.2423820651
0.3426806158,laser0,1062.5,257.4489906,0.2423049323
0.3427814586,laser0,1062.5,257.3347472,0.2421974091
0.3428823014,laser0,1062.5,257.1466247,0.2420203526
0.3429831442,laser0,1062.5,256.9051661,0.2417930975
0.343083987,laser0,1062.5,256.6195927,0.2415243225
0.3431848298,laser0,1062.5,256.3799448,0.2412987715
0.3432856726,laser0,1062.5,256.1350282,0.2410682619
0.3433865153,laser0,1062.5,255.8856592,0.2408335616
0.3434873581,laser0,1062.5,255.9044643,0.2408512605
0.3435882009,laser0,1062.5,255.6817755,0.2406416711
0.3436890437,laser0,1062.5,255.5087591,0.2404788321
0.3437898865,laser0,1062.5,255.5096673,0.2404796869
0.3438907293,laser0,1062.5,255.9110137,0.2408574247
0.3439915721,laser0,1062.5,255.8652779,0.2408143792
0.3440924149,laser0,1062.5,255.8269501,0.240778306
0.3441932577,laser0,1062.5,255.8068258,0.2407593654
0.3442941005,laser0,1062.5,255.7955597,0.2407487621
0.3443949433,laser0,1062.5,255.7908397,0.2407443197
0.344495786,laser0,1062.5,255.8002449,0.2407531717
0.3445966288,laser0,1062.5,255.8110388,0.2407633307
0.3446974716,laser0,1062.5,255.827167,0.2407785101
0.3447983144,laser0,1062.5,255.8564646,0.2408060844
0.3448991572,laser0,1062.5,255.8898969,0.24083755
0.345,laser0,1062.5,255.9361348,0.2408810681
0.3451,laser0,1062.5,255.982244,0.2409244649
0.3452,laser0,1062.5,256.0331562,0.2409723823
0.3453,laser0,1062.5,256.0806309,0.2410170643
0.3454,laser0,1062.5,256.121274,0.2410553167
0.3455,laser0,1062.5,256.4709308,0.2413844054
0.3456,laser0,1062.5,256.4897034,0.2414020738
0.3457,laser0,1062.5,256.8387702,0.2417306072
0.3458,laser0,1062.5,256.8751405,0.2417648381
0.3459,laser0,1062.5,256.9266561,0.2418133234
0.346,laser0,1062.5,256.9835228,0.241866845
0.3461,laser0,1062.5,257.0482728,0.2419277862
0.3462,laser0,1062.5,257.119937,0.2419952348
0.3463,laser0,1062.5,257.1972122,0.2420679644
0.3464,laser0,1062.5,257.2804829,0.2421463369
0.3465,laser0,1062.5,257.3765704,0.2422367721
0.3466,laser0,1062.5,257.4809766,0.2423350368
0.3467,laser0,1062.5,257.6948597,0.2425363385
0.3468,laser0,1062.5,257.8225657,0.2426565324
0.3469,laser0,1062.5,257.9926764,0.2428166366
0.347,laser0,1062.5,258.125311,0.2429414692
0.3471,laser0,1062.5,258.281512,0.2430884819
0.3472,laser0,1062.5,258.4192682,0.2432181348
0.3473,laser0,1062.5,258.5476862,0.2433389987
0.3474,laser0,1062.5,258.6634026,0.2434479083
0.3475,laser0,1062.5,258.7762764,0.2435541425
0.3476,laser0,1062.5,258.8539857,0.2436272806
0.3477,laser0,1062.5,258.9533337,0.2437207846
0.3478,laser0,1062.5,259.0175349,0.2437812093
0.3479,laser0,1062.5,259.0579978,0.2438192921
0.348,laser0,1062.5,259.1126106,0.2438706923
0.3481,laser0,1062.5,259.1417021,0.2438980726
0.3482,laser0,1062.5,259.1740481,0.2439285159
0.3483,laser0,1062.5,259.2059265,0.243958519
0.3484,laser0,1062.5,259.2316656,0.2439827441
0.3485,laser0,1062.5,259.2455173,0.243995781
0.3486,laser0,1062.5,259.2534006,0.2440032006
0.3487,laser0,1062.5,259.6981306,0.2444217699
0.3488,laser0,1062.5,259.6912644,0.2444153077
0.3489,laser0,1062.5,258.9059746,0.2436762113
0.349,laser0,1062.5,259.0814897,0.2438414021
0.3491,laser0,1062.5,259.3881565,0.2441300297
0.3492,laser0,1062.5,259.723379,0.2444455332
0.3493,laser0,1062.5,260.0818603,0.2447829274
0.3494,laser0,1062.5,260.531746,0.2452063491
0.3495,laser0,1062.5,260.8203883,0.2454780125
0.3496,laser0,1062.5,261.0456313,0.245690006
0.3497,laser0,1062.5,261.2110439,0.2458456884
0.3498,laser0,1062.5,261.3609227,0.2459867508
0.3499,laser0,1062.5,261.2746111,0.2459055164
0.35,laser0,1062.5,261.477437,0.2460964113
0.3501,laser0,1062.5,261.5404434,0.2461557114
0.350198,laser0,1062.5,261.6408754,0.2462502357
0.35029404,laser0,1062.5,261.7653854,0.2463674215
0.3503881592,laser0,1062.5,261.8653146,0.2464614725
0.3504822784,laser0,1062.5,261.9412771,0.2465329667
0.3505744768,laser0,1062.5,262.0431367,0.2466288345
0.3506666752,laser0,1062.5,262.1948685,0.246771641
0.3507569528,laser0,1062.5,262.3145577,0.2468842896
0.3508472304,laser0,1062.5,262.4344668,0.2469971452
0.3509355872,laser0,1062.5,262.6983145,0.2472454724
0.351023944,laser0,1062.5,262.800168,0.2473413346
0.35111038,laser0,1062.5,262.9209672,0.247455028
0.351196816,laser0,1062.5,263.029086,0.2475567868
0.351283252,laser0,1062.5,263.1413608,0.2476624572
0.3513677235,laser0,1062.5,263.2330069,0.2477487124
0.3514521951,laser0,1062.5,263.325289,0.2478355661
0.3515347022,laser0,1062.5,263.4358264,0.2479396013
0.3516172093,laser0,1062.5,263.477419,0.2479787473
0.3516997164,laser0,1062.5,263.5320504,0.2480301651
0.3517822235,laser0,1062.5,263.5852416,0.2480802274
0.3518647305,laser0,1062.5,263.52021,0.2480190212
0.3519472376,laser0,1062.5,263.4221746,0.2479267526
0.3520297447,laser0,1062.5,263.3863572,0.247893042
0.3521122518,laser0,1062.5,263.2963695,0.2478083478
0.3521947589,laser0,1062.5,263.3680287,0.2478757917
0.352277266,laser0,1062.5,263.2156191,0.2477323474
0.3523597731,laser0,1062.5,263.2144308,0.247731229
0.3524422802,laser0,1062.5,263.2005377,0.2477181531
0.3525247873,laser0,1062.5,263.189236,0.2477075162
0.3526072944,laser0,1062.5,263.1450452,0.2476659249
0.3526927481,laser0,1062.5,263.1029123,0.2476262704
0.3527782019,laser0,1062.5,263.307998,0.2478192923
0.3528636557,laser0,1062.5,263.2507709,0.2477654314
0.3529491095,laser0,1062.5,263.1503811,0.2476709469
0.3530345632,laser0,1062.5,263.0622721,0.2475880208
0.353120017,laser0,1062.5,262.9872055,0.2475173699
0.3532054708,laser0,1062.5,262.8978218,0.2474332441
0.3532909245,laser0,1062.5,262.8213209,0.2473612432
0.3533763783,laser0,1062.5,262.6693737,0.2472182341
0.3534618321,laser0,1062.5,262.5356932,0.2470924171
0.3535523126,laser0,1062.5,262.4042589,0.2469687143
0.3536374706,laser0,1062.5,262.2854666,0.2468569097
0.3537226287,laser0,1062.5,262.160374,0.2467391756
0.3538077868,laser0,1062.5,262.0702323,0.2466543363
0.3538929449,laser0,1062.5,261.9591676,0.2465498048
0.353978103,laser0,1062.5,261.8707903,0.2464666261
0.3540632611,laser0,1062.5,261.7831296,0.246384122
0.3541484192,laser0,1062.5,261.6908105,0.2462972334
0.3542335772,laser0,1062.5,261.5873522,0.2461998609
0.3543187353,laser0,1062.5,261.4982105,0.2461159628
0.3544038934,laser0,1062.5,261.4162263,0.2460388012
0.3544890515,laser0,1062.5,261.3396869,0.2459667642
0.3545742096,laser0,1062.5,261.2642881,0.2458958006
0.3546593677,laser0,1062.5,261.2065077,0.245841419
0.3547445257,laser0,1062.5,261.132602,0.2457718607
0.3548296838,laser0,1062.5,261.0657635,0.2457089539
0.3549148419,laser0,1062.5,260.9802928,0.2456285109
0.355,laser0,1062.5,260.8153475,0.2454732682
0.3550806452,laser0,1062.5,260.6664792,0.2453331569
0.3551612903,laser0,1062.5,260.497017,0.245173663
0.3552419355,laser0,1062.5,259.0860744,0.2438457171
0.3553225806,laser0,1062.5,258.7052995,0.2434873407
0.3554032258,laser0,1062.5,258.4279078,0.2432262662
0.355483871,laser0,1062.5,258.1921056,0.2430043347
0.3555645161,laser0,1062.5,257.9378979,0.2427650804
0.3556451613,laser0,1062.5,257.6927251,0.2425343295
0.3557258065,laser0,1062.5,257.4612267,0.2423164487
0.3558064516,laser0,1062.5,256.8391106,0.2417309276
0.3558870968,laser0,1062.5,256.6462382,0.2415494006
0.3559677419,laser0,1062.5,256.8919523,0.241780661
0.3560483871,laser0,1062.5,256.7163207,0.2416153607
0.3561290323,laser0,1062.5,256.5617341,0.2414698674
0.3562096774,laser0,1062.5,256.4046528,0.2413220262
0.3562903226,laser0,1062.5,256.2799146,0.2412046255
0.3563709677,laser0,1062.5,256.1129479,0.2410474803
0.3564516129,laser0,1062.5,255.9944669,0.2409359688
0.3565341335,laser0,1062.5,255.8844353,0.2408324097
0.3566166542,laser0,1062.5,255.7970889,0.2407502013
0.3566991748,laser0,1062.5,255.6828542,0.2406426863
0.3567838113,laser0,1062.5,255.58823,0.2405536282
0.3568684479,laser0,1062.5,255.4750618,0.240447117
0.3569554354,laser0,1062.5,255.3865837,0.2403638434
0.357042423,laser0,1062.5,255.2719167,0.2402559216
0.3571294106,laser0,1062.5,255.1418147,0.2401334726
0.3572163981,laser0,1062.5,255.0830872,0.2400781997
0.3573061917,laser0,1062.5,255.0579527,0.2400545437
0.3573959853,laser0,1062.5,255.0359155,0.2400338028
0.3574889859,laser0,1062.5,255.0060925,0.2400057341
0.3575819864,laser0,1062.5,254.9352441,0.2399390532
0.3576749869,laser0,1062.5,254.8568636,0.2398652834
0.3577679874,laser0,1062.5,254.7786181,0.2397916406
0.357860988,laser0,1062.5,254.6996454,0.2397173133
0.3579501135,laser0,1062.5,254.5814865,0.2396061049
0.358039239,laser0,1062.5,254.46406,0.2394955859
0.3581283645,laser0,1062.5,254.347311,0.2393857044
0.35821749,laser0,1062.5,254.2759933,0.2393185819
0.3583066155,laser0,1062.5,254.1812352,0.2392293979
0.358395741,laser0,1062.5,254.1059637,0.2391585541
0.3584848665,laser0,1062.5,254.0223069,0.2390798182
0.358573992,laser0,1062.5,253.9561665,0.2390175685
0.3586631175,laser0,1062.5,253.8818731,0.2389476453
0.358752243,laser0,1062.5,253.8260415,0.2388950979
0.3588413685,laser0,1062.5,253.7528978,0.2388262567
0.358930494,laser0,1062.5,253.6835285,0.238760968
0.3590196195,laser0,1062.5,253.598916,0.2386813327
0.359108745,laser0,1062.5,253.5284827,0.2386150425
0.3591978705,laser0,1062.5,253.464242,0.2385545807
0.359286996,laser0,1062.5,252.9976266,0.2381154133
0.3593761215,laser0,1062.5,252.9600516,0.2380800485
0.359465247,laser0,1062.5,252.9308955,0.2380526076
0.3595543725,laser0,1062.5,252.901969,0.2380253826
0.359643498,laser0,1062.5,252.8775007,0.2380023536
0.3597326235,laser0,1062.5,252.85931,0.237985233
0.359821749,laser0,1062.5,252.8380788,0.2379652506
0.3599108745,laser0,1062.5,252.8057032,0.2379347794
0.36,laser0,1062.5,252.841765,0.23796872
0.3600862069,laser0,1062.5,252.7214585,0.2378554904
0.3601724138,laser0,1062.5,252.5918377,0.2377334943
0.3602571083,laser0,1062.5,252.4969114,0.2376441519
0.3603418028,laser0,1062.5,252.4458385,0.2375960833
0.3604264973,laser0,1062.5,252.4249825,0.2375764541
0.3605096519,laser0,1062.5,252.418335,0.2375701976
0.3605928065,laser0,1062.5,252.4085719,0.2375610088
0.3606744212,laser0,1062.5,252.4147874,0.2375668587
0.3607560359,laser0,1062.5,252.4256475,0.23757708
0.3608361107,laser0,1062.5,252.4392533,0.2375898855
0.3609161854,laser0,1062.5,252.4512557,0.2376011818
0.3609947203,laser0,1062.5,252.4677548,0.2376167104
0.361071745,laser0,1062.5,252.4809447,0.2376291244
0.3611487696,laser0,1062.5,252.4931722,0.2376406327
0.3612242839,laser0,1062.5,252.5138834,0.2376601256
0.3612997982,laser0,1062.5,252.530584,0.2376758437
0.3613753125,laser0,1062.5,252.5595553,0.2377031109
0.3614508269,laser0,1062.5,252.5946425,0.2377361342
0.3615263412,laser0,1062.5,252.6344344,0.2377735853
0.3616018555,laser0,1062.5,252.6761629,0.2378128592
0.3616773698,laser0,1062.5,252.711895,0.2378464895
0.3617528841,laser0,1062.5,252.740542,0.2378734513
0.3618283985,laser0,1062.5,252.7515701,0.2378838307
0.3619039128,laser0,1062.5,252.7559724,0.237887974
0.3619794271,laser0,1062.5,252.7523436,0.2378845587
0.3620549414,laser0,1062.5,252.7539445,0.2378860654
0.3621304558,laser0,1062.5,252.7661058,0.2378975114
0.3622040338,laser0,1062.5,252.7893523,0.2379193904
0.3622776119,laser0,1062.5,252.8242813,0.2379522647
0.3623511899,laser0,1062.5,252.8934097,0.2380173268
0.362424768,laser0,1062.5,253.0948095,0.2382068796
0.362498346,laser0,1062.5,253.2028007,0.2383085183
0.3625719241,laser0,1062.5,253.3406772,0.2384382844
0.3626433381,laser0,1062.5,253.4868446,0.2385758538
0.3627169838,laser0,1062.5,253.6086847,0.2386905268
0.3627930843,laser0,1062.5,253.7160655,0.238791591
0.3628691849,laser0,1062.5,253.7847598,0.2388562445
0.3629452854,laser0,1062.5,253.8277406,0.238896697
0.3630213859,laser0,1062.5,253.8567773,0.2389240256
0.3631005305,laser0,1062.5,253.8961143,0.2389610487
0.3631796751,laser0,1062.5,253.9419787,0.2390042152
0.3632588196,laser0,1062.5,253.9580381,0.23901933
0.3633379642,laser0,1062.5,253.9695798,0.2390301928
0.3634171088,laser0,1062.5,253.9562911,0.2390176858
0.3635004188,laser0,1062.5,253.9497515,0.2390115308
0.3635837289,laser0,1062.5,253.986699,0.239046305
0.363667039,laser0,1062.5,254.0072662,0.2390656623
0.363750349,laser0,1062.5,254.0763626,0.2391306942
0.3638336591,laser0,1062.5,254.2022492,0.2392491757
0.3639169691,laser0,1062.5,254.2917196,0.2393333832
0.3640002792,laser0,1062.5,254.3373089,0.2393762908
0.3640835893,laser0,1062.5,254.4199938,0.2394541119
0.3641668993,laser0,1062.5,254.5090275,0.2395379082
0.3642502094,laser0,1062.5,254.6034454,0.2396267722
0.3643335195,laser0,1062.5,254.700267,0.2397178983
0.364428731,laser0,1062.5,254.7952058,0.2398072525
0.3645239425,laser0,1062.5,254.9272125,0.2399314941
0.364619154,laser0,1062.5,255.0268023,0.2400252257
0.3647143655,laser0,1062.5,255.1268932,0.2401194289
0.364809577,laser0,1062.5,255.2310671,0.240217475
0.3649047885,laser0,1062.5,255.3357866,0.2403160345
0.365,laser0,1062.5,255.4712168,0.2404434982
0.3650925926,laser0,1062.5,255.622748,0.2405861158
0.3651834705,laser0,1062.5,255.7678429,0.2407226757
0.3652743484,laser0,1062.5,255.9545301,0.2408983813
0.3653652263,laser0,1062.5,256.1270178,0.2410607226
0.3654561043,laser0,1062.5,256.2914227,0.2412154566
0.3655469822,laser0,1062.5,256.4521554,0.2413667345
0.3656378601,laser0,1062.5,256.6093694,0.2415147006
0.365728738,laser0,1062.5,256.7614673,0.2416578516
0.3658196159,laser0,1062.5,256.9077402,0.2417955202
0.3659104938,laser0,1062.5,257.0431536,0.2419229681
0.3660013717,laser0,1062.5,257.1667673,0.2420393104
0.3660922497,laser0,1062.5,257.290307,0.2421555831
0.3661831276,laser0,1062.5,257.4212041,0.2422787803
0.366276222,laser0,1062.5,257.5418906,0.2423923676
0.3663693165,laser0,1062.5,257.6533365,0.2424972578
0.3664624109,laser0,1062.5,257.7589686,0.2425966764
0.3665555054,laser0,1062.5,257.8578206,0.2426897135
0.3666485998,laser0,1062.5,258.2539938,0.2430625824
0.3667416943,laser0,1062.5,258.3291099,0.2431332799
0.3668347887,laser0,1062.5,258.4044945,0.2432042301
0.3669278832,laser0,1062.5,258.4807065,0.2432759591
0.3670209776,laser0,1062.5,258.5535839,0.2433445496
0.3671140721,laser0,1062.5,258.6144721,0.2434018561
0.3672102697,laser0,1062.5,258.6996048,0.243481981
0.3673064673,laser0,1062.5,258.7908218,0.2435678323
0.3674026649,laser0,1062.5,258.8843312,0.2436558411
0.3674988625,laser0,1062.5,258.9811133,0.2437469302
0.3675950601,laser0,1062.5,259.0562841,0.2438176792
0.3676912577,laser0,1062.5,259.1449532,0.2439011325
0.3677874553,laser0,1062.5,259.2317797,0.2439828515
0.3678836528,laser0,1062.5,259.3139478,0.2440601862
0.3679798504,laser0,1062.5,259.3929468,0.2441345382
0.368076048,laser0,1062.5,259.4681768,0.2442053429
0.3681722456,laser0,1062.5,259.5374381,0.24427053
0.3682684432,laser0,1062.5,259.5963672,0.2443259926
0.3683646408,laser0,1062.5,259.6423693,0.2443692887
0.3684608384,laser0,1062.5,259.7004682,0.24442397
0.368557036,laser0,1062.5,259.7723764,0.2444916484
0.3686532336,laser0,1062.5,259.8183069,0.2445348771
0.3687494312,laser0,1062.5,259.5501907,0.2442825324
0.3688456288,laser0,1062.5,259.6025955,0.2443318545
0.3689418264,laser0,1062.5,259.7494543,0.2444700746
0.369038024,laser0,1062.5,259.8106778,0.2445276967
0.3691342216,laser0,1062.5,259.8740368,0.2445873287
0.3692304192,laser0,1062.5,259.9399747,0.244649388
0.3693266168,laser0,1062.5,259.9920596,0.244698409
0.3694228144,laser0,1062.5,260.1166964,0.2448157142
0.369519012,laser0,1062.5,260.1347153,0.2448326732
0.3696152096,laser0,1062.5,260.1645523,0.2448607551
0.3697114072,laser0,1062.5,260.2043932,0.2448982524
0.3698076048,laser0,1062.5,260.2536601,0.2449446212
0.3699038024,laser0,1062.5,260.3040395,0.2449920372
0.37,laser0,1062.5,260.3602924,0.245044981
0.3700961538,laser0,1062.5,260.4108184,0.2450925349
0.3701923077,laser0,1062.5,260.4680384,0.2451463891
0.3702884615,laser0,1062.5,260.5348457,0.2452092665
0.3703846154,laser0,1062.5,260.6122682,0.2452821348
0.3704828151,laser0,1062.5,260.6825285,0.2453482622
0.3705810147,laser0,1062.5,260.7720062,0.2454324764
0.3706814462,laser0,1062.5,260.8532372,0.2455089291
0.3707818777,laser0,1062.5,260.9313051,0.2455824048
0.3708823092,laser0,1062.5,260.998433,0.245645584
0.3709827407,laser0,1062.5,261.273056,0.2459040527
0.3710831721,laser0,1062.5,261.7458179,0.2463490051
0.3711836036,laser0,1062.5,261.7957609,0.2463960103
0.3712840351,laser0,1062.5,261.8400865,0.2464377285
0.3713844666,laser0,1062.5,258.6210419,0.2434080394
0.3714848981,laser0,1062.5,258.3546366,0.243157305
0.3715853296,laser0,1062.5,258.3164787,0.2431213917
0.371685761,laser0,1062.5,258.372359,0.2431739849
0.3717861925,laser0,1062.5,258.469933,0.2432658193
0.371886624,laser0,1062.5,258.5721439,0.2433620178
0.3719870555,laser0,1062.5,258.6677776,0.243452026
0.372087487,laser0,1062.5,258.6700853,0.2434541979
0.3721879185,laser0,1062.5,258.7671349,0.2435455388
0.3722883499,laser0,1062.5,258.826744,0.2436016415
0.3723887814,laser0,1062.5,258.6779069,0.2434615595
0.3724892129,laser0,1062.5,258.520778,0.2433136734
0.3725896444,laser0,1062.5,258.2837742,0.243090611
0.3726900759,laser0,1062.5,258.0227443,0.2428449359
0.3727905074,laser0,1062.5,257.7934656,0.2426291441
0.3728909388,laser0,1062.5,257.6080985,0.2424546809
0.3729913703,laser0,1062.5,257.4641261,0.2423191775
0.3730918018,laser0,1062.5,257.3525998,0.2422142116
0.3731922333,laser0,1062.5,257.3145722,0.2421784209
0.3732926648,laser0,1062.5,257.2399459,0.2421081843
0.3733930963,laser0,1062.5,257.0738814,0.2419518884
0.3734935277,laser0,1062.5,256.8774008,0.2417669654
0.3735939592,laser0,1062.5,256.6648454,0.2415669133
0.3736943907,laser0,1062.5,256.4602939,0.2413743943
0.3737948222,laser0,1062.5,256.2898307,0.2412139583
0.3738952537,laser0,1062.5,256.1572723,0.2410891975
0.3739956852,laser0,1062.5,256.0693495,0.2410064466
0.3740961166,laser0,1062.5,256.0153377,0.240955612
0.3741965481,laser0,1062.5,255.9913305,0.240933017
0.3742969796,laser0,1062.5,256.3128372,0.2412356115
0.3743974111,laser0,1062.5,256.3327926,0.2412543931
0.3744978426,laser0,1062.5,256.6138067,0.2415188769
0.3745982741,laser0,1062.5,256.7723847,0.2416681267
0.3746987055,laser0,1062.5,256.8182627,0.2417113061
0.374799137,laser0,1062.5,256.8610943,0.2417516182
0.3748995685,laser0,1062.5,256.8737994,0.2417635759
0.375,laser0,1062.5,256.8848418,0.2417739688
0.3750980392,laser0,1062.5,256.9167202,0.2418039719
0.3751941561,laser0,1062.5,256.9497444,0.2418350535
0.375290273,laser0,1062.5,256.999691,0.2418820622
0.3753863899,laser0,1062.5,257.0312799,0.2419117928
0.3754825067,laser0,1062.5,257.0843751,0.2419617648
0.3755786236,laser0,1062.5,257.1377197,0.2420119715
0.3756747405,laser0,1062.5,257.2112515,0.2420811779
0.3757708574,laser0,1062.5,257.2733065,0.2421395826
0.3758669742,laser0,1062.5,257.346676,0.2422086363
0.3759630911,laser0,1062.5,257.4187682,0.2422764877
0.3760615523,laser0,1062.5,257.5180504,0.2423699298
0.3761600135,laser0,1062.5,257.6099608,0.2424564336
0.3762584747,laser0,1062.5,257.7085854,0.2425492569
0.3763569359,laser0,1062.5,257.7977021,0.2426331314
0.3764553971,laser0,1062.5,257.9025473,0.2427318092
0.3765538583,laser0,1062.5,257.9972871,0.2428209761
0.3766552154,laser0,1062.5,258.1070432,0.242924276
0.3767565725,laser0,1062.5,258.2141851,0.2430251154
0.3768579296,laser0,1062.5,258.3054974,0.2431110564
0.3769592867,laser0,1062.5,258.4268667,0.2432252863
0.3770606438,laser0,1062.5,258.3211,0.2431257411
0.3771620009,laser0,1062.5,258.3865065,0.2431873002
0.377263358,laser0,1062.5,258.8295428,0.2436042755
0.3773647151,laser0,1062.5,258.8769452,0.2436488896
0.3774660723,laser0,1062.5,258.912276,0.2436821421
0.3775674294,laser0,1062.5,258.8963893,0.24366719
0.3776687865,laser0,1062.5,259.3770429,0.2441195698
0.3777701436,laser0,1062.5,259.9349445,0.2446446536
0.3778715007,laser0,1062.5,259.9484035,0.2446573209
0.3779728578,laser0,1062.5,259.9053006,0.2446167535
0.3780742149,laser0,1062.5,259.8975093,0.2446094205
0.378175572,laser0,1062.5,259.8623645,0.244576343
0.3782769291,laser0,1062.5,259.8226291,0.244538945
0.3783782862,laser0,1062.5,259.7708604,0.2444902216
0.3784796434,laser0,1062.5,259.7224202,0.2444446308
0.3785810005,laser0,1062.5,259.6859518,0.2444103076
0.3786823576,laser0,1062.5,259.6620581,0.2443878194
0.3787837147,laser0,1062.5,259.6102604,0.2443390686
0.3788850718,laser0,1062.5,258.7869439,0.2435641825
0.3789864289,laser0,1062.5,258.7388616,0.2435189286
0.379087786,laser0,1062.5,258.7724974,0.2435505858
0.3791891431,laser0,1062.5,258.8523203,0.2436257132
0.3792905002,laser0,1062.5,258.9216059,0.2436909232
0.3793918573,laser0,1062.5,258.9890052,0.2437543578
0.3794932145,laser0,1062.5,258.477871,0.2432732903
0.3795945716,laser0,1062.5,258.618171,0.2434053374
0.3796959287,laser0,1062.5,258.7706863,0.2435488812
0.3797972858,laser0,1062.5,258.9416834,0.2437098197
0.3798986429,laser0,1062.5,259.1241902,0.2438815907
0.38,laser0,1062.5,259.2887705,0.2440364899
0.3800980392,laser0,1062.5,259.5071769,0.2442420488
0.3801960784,laser0,1062.5,259.7061468,0.2444293147
0.3802941176,laser0,1062.5,259.8658226,0.2445795977
0.3803921569,laser0,1062.5,260.024804,0.2447292273
0.3804901961,laser0,1062.5,260.2176842,0.2449107616
0.3805861494,laser0,1062.5,260.3545787,0.2450396035
0.3806821026,laser0,1062.5,260.5039965,0.245180232
0.3807780559,laser0,1062.5,260.6683991,0.2453349639
0.3808740092,laser0,1062.5,260.8437275,0.2454999788
0.3809699625,laser0,1062.5,261.0048378,0.245651612
0.3810659157,laser0,1062.5,261.1622495,0.2457997642
0.381161869,laser0,1062.5,261.2980156,0.2459275441
0.3812578223,laser0,1062.5,261.423612,0.2460457525
0.3813537756,laser0,1062.5,261.5329784,0.2461486856
0.3814497288,laser0,1062.5,261.6279406,0.2462380617
0.3815456821,laser0,1062.5,261.697204,0.2463032508
0.381639042,laser0,1062.5,261.7291958,0.2463333608
0.381732402,laser0,1062.5,261.7647062,0.2463667823
0.3818257619,laser0,1062.5,261.8177019,0.2464166606
0.3819191219,laser0,1062.5,261.8914914,0.2464861096
0.3820124818,laser0,1062.5,262.0036197,0.2465916421
0.3821058418,laser0,1062.5,262.1209939,0.2467021119
0.3821992017,laser0,1062.5,262.2243867,0.2467994228
0.3822925616,laser0,1062.5,262.3194836,0.2468889258
0.3823828096,laser0,1062.5,262.4025577,0.2469671131
0.3824730575,laser0,1062.5,262.4720468,0.2470325147
0.3825633055,laser0,1062.5,262.9841652,0.2475145084
0.3826535534,laser0,1062.5,263.0101386,0.2475389539
0.3827438014,laser0,1062.5,262.9925074,0.2475223599
0.3828340493,laser0,1062.5,262.9610376,0.2474927413
0.3829242973,laser0,1062.5,262.920291,0.2474543915
0.3830145452,laser0,1062.5,262.8751563,0.2474119118
0.3831047932,laser0,1062.5,262.8292938,0.2473687471
0.3831909389,laser0,1062.5,262.7849692,0.2473270298
0.3832770847,laser0,1062.5,262.735621,0.2472805845
0.3833632305,laser0,1062.5,262.6851708,0.2472331019
0.3834493762,laser0,1062.5,262.6400291,0.2471906157
0.383535522,laser0,1062.5,262.6001664,0.2471530978
0.3836216677,laser0,1062.5,262.5697162,0.2471244388
0.3837027461,laser0,1062.5,262.5424128,0.2470987415
0.3837838245,laser0,1062.5,262.4606313,0.2470217707
0.3838649029,laser0,1062.5,262.4001137,0.2469648129
0.3839459812,laser0,1062.5,262.3238531,0.2468930382
0.3840212683,laser0,1062.5,262.2462716,0.2468200203
0.3840965553,laser0,1062.5,262.1689107,0.2467472101
0.3841718424,laser0,1062.5,262.1200234,0.2467011985
0.3842471294,laser0,1062.5,262.0631277,0.2466476496
0.3843224165,laser0,1062.5,261.9610242,0.2465515522
0.3843977036,laser0,1062.5,261.8531184,0.2464499937
0.3844729906,laser0,1062.5,261.7413677,0.2463448167
0.3845482777,laser0,1062.5,261.6303213,0.2462403024
0.3846235647,laser0,1062.5,261.4961971,0.2461140679
0.3846988518,laser0,1062.5,261.3642227,0.2459898566
0.3847741388,laser0,1062.5,261.2138519,0.2458483312
0.3848494259,laser0,1062.5,261.055639,0.2456994249
0.3849247129,laser0,1062.5,260.8906297,0.2455441221
0.385,laser0,1062.5,260.6597129,0.2453267886
0.3850793651,laser0,1062.5,260.4591933,0.2451380642
0.3851600312,laser0,1062.5,260.2102441,0.2449037592
0.3852420646,laser0,1062.5,258.6184735,0.2434056221
0.385324098,laser0,1062.5,258.1862888,0.24299886
0.385404717,laser0,1062.5,257.9099447,0.2427387715
0.3854826031,laser0,1062.5,257.7183212,0.2425584199
0.3855591692,laser0,1062.5,257.5478134,0.242397942
0.3856344375,laser0,1062.5,257.3966225,0.2422556447
0.3857097058,laser0,1062.5,257.2500641,0.2421177074
0.3857836764,laser0,1062.5,257.1183227,0.2419937155
0.385857647,laser0,1062.5,256.9892514,0.2418722366
0.3859303198,laser0,1062.5,256.8562904,0.2417470969
0.3860029927,laser0,1062.5,256.7154661,0.2416145564
0.3860756656,laser0,1062.5,256.5885354,0.2414950922
0.3861470171,laser0,1062.5,256.4722929,0.2413856874
0.3862183686,laser0,1062.5,256.3754847,0.2412945739
0.3862897202,laser0,1062.5,256.292772,0.2412167266
0.3863610717,laser0,1062.5,256.220801,0.2411489891
0.3864310511,laser0,1062.5,256.1865375,0.2411167412
0.3865010305,laser0,1062.5,256.1990358,0.2411285043
0.3865710099,laser0,1062.5,256.2790453,0.2412038073
0.3866409893,laser0,1062.5,256.3981881,0.2413159417
0.3867109687,laser0,1062.5,256.4366254,0.241352118
0.3867824693,laser0,1062.5,256.4200167,0.2413364863
0.38685397,laser0,1062.5,255.9597583,0.2409033019
0.3869254707,laser0,1062.5,255.921491,0.2408672856
0.3869969714,laser0,1062.5,255.8935189,0.240840959
0.3870684721,laser0,1062.5,255.8708243,0.2408195994
0.3871399727,laser0,1062.5,255.8581545,0.2408076748
0.3872114734,laser0,1062.5,255.854227,0.2408039784
0.3872829741,laser0,1062.5,255.8544134,0.2408041538
0.3873544748,laser0,1062.5,255.8659034,0.2408149679
0.3874259755,laser0,1062.5,255.8745179,0.2408230757
0.3874974762,laser0,1062.5,255.8925504,0.2408400475
0.3875689768,laser0,1062.5,255.8886399,0.240836367
0.3876404775,laser0,1062.5,255.8951304,0.2408424757
0.3877119782,laser0,1062.5,255.878066,0.2408264151
0.3877834789,laser0,1062.5,255.8668375,0.2408158471
0.3878549796,laser0,1062.5,255.868896,0.2408177844
0.3879264802,laser0,1062.5,255.8534748,0.2408032704
0.3879979809,laser0,1062.5,255.8429732,0.2407933866
0.3880694816,laser0,1062.5,255.8248998,0.2407763763
0.3881409823,laser0,1062.5,255.8103528,0.240762685
0.388212483,laser0,1062.5,255.7885937,0.2407422058
0.3882812336,laser0,1062.5,255.7768834,0.2407311844
0.3883499843,laser0,1062.5,255.7569526,0.240712426
0.3884187349,laser0,1062.5,255.7267949,0.2406840423
0.3884874856,laser0,1062.5,255.7076259,0.2406660008
0.3885562362,laser0,1062.5,255.6872581,0.2406468311
0.3886249869,laser0,1062.5,255.6747311,0.240635041
0.3886937376,laser0,1062.5,255.6595602,0.2406207625
0.3887624882,laser0,1062.5,255.6477373,0.2406096351
0.3888312389,laser0,1062.5,255.628806,0.2405918174
0.3888999895,laser0,1062.5,255.6180515,0.2405816955
0.3889687402,laser0,1062.5,255.5971871,0.2405620585
0.3890374908,laser0,1062.5,255.5755856,0.2405417276
0.3891062415,laser0,1062.5,255.5413746,0.240509529
0.3891749921,laser0,1062.5,255.5245789,0.2404937214
0.3892437428,laser0,1062.5,255.5082741,0.2404783757
0.3893124934,laser0,1062.5,255.5018805,0.2404723581
0.3893812441,laser0,1062.5,255.4884638,0.2404597306
0.3894499948,laser0,1062.5,255.4874144,0.2404587429
0.3895187454,laser0,1062.5,255.4637703,0.2404364897
0.3895874961,laser0,1062.5,255.447342,0.2404210278
0.3896562467,laser0,1062.5,255.4160387,0.2403915658
0.3897249974,laser0,1062.5,255.4029372,0.240379235
0.389793748,laser0,1062.5,255.3771191,0.2403549357
0.3898624987,laser0,1062.5,255.3692829,0.2403475603
0.3899312493,laser0,1062.5,255.4205272,0.2403957903
0.39,laser0,1062.5,255.4432807,0.2404172054
0.3900746269,laser0,1062.5,255.4835576,0.240455113
0.3901492537,laser0,1062.5,255.5267865,0.2404957991
0.3902238806,laser0,1062.5,255.5518761,0.2405194128
0.390299692,laser0,1062.5,255.5694428,0.2405359461
0.3903755034,laser0,1062.5,255.5837905,0.2405494499
0.3904513149,laser0,1062.5,255.6071394,0.2405714253
0.3905284112,laser0,1062.5,255.6241392,0.2405874251
0.3906055076,laser0,1062.5,255.6553461,0.2406167963
0.3906826039,laser0,1062.5,255.6758309,0.2406360762
0.390761102,laser0,1062.5,255.705441,0.2406639445
0.3908396002,laser0,1062.5,255.7246828,0.2406820544
0.3909180983,laser0,1062.5,255.756197,0.2407117149
0.3909981355,laser0,1062.5,255.7938788,0.24074718
0.3910781728,laser0,1062.5,255.8234205,0.240774984
0.3911582101,laser0,1062.5,255.8453003,0.2407955767
0.3912399503,laser0,1062.5,255.8475883,0.2407977302
0.3913216905,laser0,1062.5,255.8633075,0.2408125247
0.3914034308,laser0,1062.5,255.8890409,0.2408367444
0.3914870719,laser0,1062.5,255.918423,0.2408643982
0.391570713,laser0,1062.5,255.9430734,0.2408875985
0.3916543542,laser0,1062.5,255.9649453,0.2409081838
0.3917379953,laser0,1062.5,255.9946764,0.240936166
0.3918216365,laser0,1062.5,256.0217586,0.2409616552
0.3919052776,laser0,1062.5,256.056896,0.2409947256
0.3919912421,laser0,1062.5,256.0934502,0.2410291296
0.3920772066,laser0,1062.5,256.1341008,0.241067389
0.3921631712,laser0,1062.5,256.1769013,0.2411076718
0.3922491357,laser0,1062.5,256.2100338,0.2411388553
0.3923351002,laser0,1062.5,256.2475647,0.2411741785
0.3924210647,laser0,1062.5,256.2783354,0.2412031392
0.3925070292,laser0,1062.5,256.3061921,0.2412293573
0.3925929937,laser0,1062.5,256.3342366,0.2412557521
0.3926789582,laser0,1062.5,256.358347,0.2412784442
0.3927649227,laser0,1062.5,256.3772487,0.2412962341
0.3928508872,laser0,1062.5,256.3996938,0.2413173589
0.3929368518,laser0,1062.5,256.4203794,0.2413368277
0.3930228163,laser0,1062.5,256.4392911,0.2413546269
0.3931087808,laser0,1062.5,256.4587271,0.2413729196
0.3931947453,laser0,1062.5,256.4767655,0.2413898969
0.3932807098,laser0,1062.5,256.4984595,0.2414103148
0.3933666743,laser0,1062.5,256.5268953,0.2414370779
0.3934483406,laser0,1062.5,256.5573397,0.2414657315
0.3935300069,laser0,1062.5,256.5863251,0.2414930118
0.3936116732,laser0,1062.5,256.6200682,0.2415247701
0.3936933394,laser0,1062.5,256.6564371,0.2415589996
0.3937750057,laser0,1062.5,256.6919104,0.2415923862
0.393856672,laser0,1062.5,256.7259001,0.2416243766
0.3939383383,laser0,1062.5,256.7552457,0.241651996
0.3940141713,laser0,1062.5,256.7816574,0.241676854
0.3940900043,laser0,1062.5,256.7984901,0.2416926965
0.3941658372,laser0,1062.5,256.8061938,0.2416999471
0.3942416702,laser0,1062.5,256.824176,0.2417168715
0.3943175032,laser0,1062.5,256.8471726,0.2417385154
0.3943933362,laser0,1062.5,256.8759376,0.2417655883
0.3944691691,laser0,1062.5,257.3682565,0.2422289473
0.3945450021,laser0,1062.5,257.2430816,0.2421111356
0.3946208351,laser0,1062.5,257.0766784,0.2419545208
0.3946966681,laser0,1062.5,257.0347882,0.2419150948
0.3947725011,laser0,1062.5,257.0420981,0.2419219747
0.394848334,laser0,1062.5,257.0778514,0.2419556249
0.394924167,laser0,1062.5,257.1194119,0.2419947406
0.395,laser0,1062.5,257.0916375,0.2419686
0.3950757576,laser0,1062.5,257.0433008,0.2419231066
0.3951503673,laser0,1062.5,256.9792525,0.2418628259
0.395224977,laser0,1062.5,256.9748463,0.2418586789
0.3952995868,laser0,1062.5,256.97949,0.2418630494
0.3953741965,laser0,1062.5,256.9863279,0.2418694851
0.3954488062,laser0,1062.5,256.9990042,0.2418814157
0.395523416,laser0,1062.5,257.0109254,0.2418926357
0.3955980257,laser0,1062.5,257.0165516,0.2418979309
0.3956726354,laser0,1062.5,257.0170983,0.2418984454
0.3957459806,laser0,1062.5,257.0603996,0.2419391996
0.3958193258,laser0,1062.5,257.1192395,0.2419945784
0.3958914064,laser0,1062.5,257.1832996,0.2420548702
0.3959634869,laser0,1062.5,257.2442451,0.2421122307
0.3960355675,laser0,1062.5,257.3139077,0.2421777955
0.3961076481,laser0,1062.5,257.3886008,0.2422480949
0.3961797287,laser0,1062.5,257.4651599,0.2423201505
0.3962518093,laser0,1062.5,257.5365066,0.2423873004
0.3963253032,laser0,1062.5,257.612482,0.2424588066
0.3963987972,laser0,1062.5,257.6912002,0.2425328944
0.3964722911,laser0,1062.5,258.0907783,0.2429089678
0.3965457851,laser0,1062.5,258.1608647,0.2429749315
0.396619279,laser0,1062.5,258.2251264,0.2430354131
0.3966927729,laser0,1062.5,258.294426,0.2431006362
0.3967662669,laser0,1062.5,258.3601184,0.2431624644
0.3968397608,laser0,1062.5,258.4276413,0.2432260153
0.3969132547,laser0,1062.5,258.4880184,0.2432828408
0.3969867487,laser0,1062.5,258.5419631,0.2433336123
0.3970602426,laser0,1062.5,258.593169,0.2433818061
0.3971337365,laser0,1062.5,258.6398639,0.2434257543
0.3972072305,laser0,1062.5,258.6848165,0.2434680625
0.3972807244,laser0,1062.5,258.719841,0.2435010268
0.3973562598,laser0,1062.5,258.7566048,0.243535628
0.3974317953,laser0,1062.5,258.7954804,0.2435722168
0.3975073307,laser0,1062.5,258.8350604,0.2436094686
0.3975828661,laser0,1062.5,258.8669901,0.2436395201
0.3976608382,laser0,1062.5,258.8875734,0.2436588926
0.3977388103,laser0,1062.5,258.9032881,0.2436736829
0.3978167823,laser0,1062.5,258.8995894,0.2436702018
0.3978947544,laser0,1062.5,258.8631555,0.243635911
0.3979727264,laser0,1062.5,258.8249742,0.2435999757
0.3980506985,laser0,1062.5,258.7759048,0.2435537928
0.3981286706,laser0,1062.5,258.7231989,0.2435041872
0.3982066426,laser0,1062.5,258.6529289,0.2434380508
0.3982846147,laser0,1062.5,258.5666487,0.2433568459
0.3983625867,laser0,1062.5,258.4721781,0.2432679323
0.3984405588,laser0,1062.5,258.3726185,0.2431742292
0.3985185309,laser0,1062.5,258.2532886,0.2430619187
0.3985965029,laser0,1062.5,258.1786206,0.2429916429
0.398674475,laser0,1062.5,258.0952014,0.2429131307
0.398752447,laser0,1062.5,258.0104984,0.2428334103
0.3988304191,laser0,1062.5,257.9077227,0.2427366802
0.3989083912,laser0,1062.5,257.338635,0.2422010682
0.3989863632,laser0,1062.5,257.273309,0.242139585
0.3990643353,laser0,1062.5,257.2280379,0.2420969768
0.3991423073,laser0,1062.5,257.1444399,0.2420182964
0.3992202794,laser0,1062.5,257.0900133,0.2419670714
0.3992982515,laser0,1062.5,257.045297,0.2419249854
0.3993762235,laser0,1062.5,257.0053892,0.2418874251
0.3994541956,laser0,1062.5,256.9805252,0.2418640237
0.3995321676,laser0,1062.5,256.9617624,0.2418463646
0.3996101397,laser0,1062.5,256.9546248,0.2418396469
0.3996881118,laser0,1062.5,256.959333,0.2418440781
0.3997660838,laser0,1062.5,256.9705472,0.2418546326
0.3998440559,laser0,1062.5,256.9814378,0.2418648826
0.3999220279,laser0,1062.5,257.0004989,0.2418828225
0.4,laser0,1062.5,257.0206187,0.2419017588
0.400078125,laser0,1062.5,257.0406719,0.2419206324
0.40015625,laser0,1062.5,257.0624357,0.241941116
0.400234375,laser0,1062.5,257.096113,0.2419728122
0.4003125,laser0,1062.5,257.141141,0.2420151915
0.400390625,laser0,1062.5,257.6489705,0.2424931487
0.40046875,laser0,1062.5,257.6957229,0.242537151
0.400546875,laser0,1062.5,257.7199889,0.2425599896
0.400625,laser0,1062.5,257.7606163,0.2425982271
0.400703125,laser0,1062.5,257.7898405,0.2426257322
0.40078125,laser0,1062.5,257.857811,0.2426897044
0.400859375,laser0,1062.5,257.9272854,0.2427550922
0.4009375,laser0,1062.5,257.996593,0.2428203228
0.401015625,laser0,1062.5,258.0621512,0.2428820246
0.40109375,laser0,1062.5,258.1227914,0.2429390978
0.401171875,laser0,1062.5,258.1849609,0.2429976102
0.40125,laser0,1062.5,258.2434228,0.2430526333
0.401328125,laser0,1062.5,256.0499981,0.2409882335
0.40140625,laser0,1062.5,255.6031939,0.2405677119
0.401484375,laser0,1062.5,255.4320506,0.2404066359
0.4015625,laser0,1062.5,255.3459988,0.2403256459
0.401640625,laser0,1062.5,255.3506976,0.2403300684
0.40171875,laser0,1062.5,255.3894288,0.2403665212
0.401796875,laser0,1062.5,255.5592334,0.2405263373
0.401875,laser0,1062.5,255.6128679,0.2405768168
0.401953125,laser0,1062.5,255.6677944,0.2406285123
0.40203125,laser0,1062.5,255.73324,0.2406901083
0.402109375,laser0,1062.5,255.7843187,0.2407381823
0.4021875,laser0,1062.5,255.8522433,0.2408021113
0.402265625,laser0,1062.5,255.9022789,0.2408492037
0.4023460478,laser0,1062.5,255.9275519,0.24087299
0.4024264706,laser0,1062.5,255.9022066,0.2408491356
0.4025068934,laser0,1062.5,255.8048454,0.2407575015
0.4025899969,laser0,1062.5,255.6618756,0.2406229417
0.4026731005,laser0,1062.5,255.4755043,0.2404475335
0.402756204,laser0,1062.5,255.2898889,0.2402728366
0.4028393076,laser0,1062.5,255.1037219,0.2400976206
0.4029224112,laser0,1062.5,254.9250624,0.2399294705
0.4030089774,laser0,1062.5,254.8739635,0.2398813774
0.4030955436,laser0,1062.5,254.710674,0.2397276932
0.403178346,laser0,1062.5,254.6253599,0.2396473976
0.4032611485,laser0,1062.5,254.5426851,0.239569586
0.4033439509,laser0,1062.5,254.4298099,0.2394633505
0.4034228104,laser0,1062.5,254.2980307,0.239339323
0.4035016699,laser0,1062.5,254.1711081,0.2392198665
0.4035805294,laser0,1062.5,254.0490391,0.239104978
0.4036552383,laser0,1062.5,253.9214838,0.2389849259
0.4037299473,laser0,1062.5,253.8049585,0.2388752551
0.4038046563,laser0,1062.5,253.7005305,0.2387769699
0.4038793653,laser0,1062.5,253.6098951,0.238691666
0.4039540743,laser0,1062.5,253.8799374,0.2389458234
0.4040287832,laser0,1062.5,253.8380976,0.2389064448
0.4041034922,laser0,1062.5,253.7927015,0.2388637191
0.4041782012,laser0,1062.5,253.7617907,0.2388346265
0.4042529102,laser0,1062.5,253.7432808,0.2388172054
0.4043276192,laser0,1062.5,253.7110212,0.2387868435
0.4044023282,laser0,1062.5,254.2177205,0.2392637369
0.4044770371,laser0,1062.5,254.2264732,0.2392719747
0.4045517461,laser0,1062.5,254.2434523,0.2392879551
0.4046264551,laser0,1062.5,254.2430741,0.2392875991
0.4047011641,laser0,1062.5,254.2493422,0.2392934985
0.4047758731,laser0,1062.5,254.2638998,0.2393071998
0.404850582,laser0,1062.5,254.2865314,0.2393285002
0.404925291,laser0,1062.5,254.3172547,0.2393574162
0.405,laser0,1062.5,254.1018348,0.239154668
0.4050746269,laser0,1062.5,254.1543314,0.2392040767
0.4051492537,laser0,1062.5,254.2088399,0.2392553787
0.4052238806,laser0,1062.5,254.2655641,0.2393087662
0.4052985075,laser0,1062.5,254.3235311,0.2393633234
0.4053731343,laser0,1062.5,254.385683,0.2394218193
0.4054477612,laser0,1062.5,254.4435141,0.2394762486
0.4055223881,laser0,1062.5,254.5093152,0.239538179
0.4055970149,laser0,1062.5,254.5749427,0.2395999461
0.4056716418,laser0,1062.5,254.6378204,0.239659125
0.4057462687,laser0,1062.5,254.7011834,0.2397187608
0.4058208955,laser0,1062.5,254.769192,0.2397827689
0.4058955224,laser0,1062.5,254.8402144,0.2398496135
0.4059701493,laser0,1062.5,254.9155284,0.2399204973
0.4060447761,laser0,1062.5,254.9922952,0.2399927485
0.406119403,laser0,1062.5,255.0761369,0.2400716583
0.4061940299,laser0,1062.5,255.1597101,0.2401503154
0.4062686567,laser0,1062.5,255.2470985,0.2402325633
0.4063448066,laser0,1062.5,255.3386556,0.2403187347
0.4064209564,laser0,1062.5,255.4334327,0.2404079367
0.4064971063,laser0,1062.5,255.5333186,0.2405019469
0.4065732562,laser0,1062.5,255.6329786,0.2405957446
0.406649406,laser0,1062.5,255.734781,0.2406915586
0.4067255559,laser0,1062.5,255.828972,0.240780209
0.4068017058,laser0,1062.5,255.920374,0.2408662343
0.4068797129,laser0,1062.5,256.0555254,0.2409934356
0.4069577201,laser0,1062.5,256.1789203,0.2411095721
0.4070357273,laser0,1062.5,256.2858866,0.2412102462
0.4071137345,laser0,1062.5,256.3813231,0.2413000688
0.4071917416,laser0,1062.5,256.4634339,0.2413773496
0.4072697488,laser0,1062.5,256.4816819,0.2413945241
0.407347756,laser0,1062.5,256.5385771,0.2414480726
0.4074257632,laser0,1062.5,256.5696133,0.2414772831
0.4075037703,laser0,1062.5,256.6186968,0.2415234793
0.4075817775,laser0,1062.5,256.6557591,0.2415583615
0.4076597847,laser0,1062.5,256.7023019,0.2416021665
0.4077377919,laser0,1062.5,256.7195522,0.2416184021
0.4078157991,laser0,1062.5,256.7443249,0.2416417175
0.4078966954,laser0,1062.5,256.7750442,0.2416706299
0.4079775917,laser0,1062.5,256.7724091,0.2416681497
0.408058488,laser0,1062.5,256.7833624,0.2416784587
0.4081393844,laser0,1062.5,256.7799229,0.2416752216
0.4082202807,laser0,1062.5,256.7857342,0.241680691
0.408301177,laser0,1062.5,256.7944908,0.2416889325
0.4083820734,laser0,1062.5,257.0421702,0.2419220426
0.4084629697,laser0,1062.5,256.9862299,0.2418693929
0.408543866,laser0,1062.5,257.1730735,0.2420452456
0.4086247624,laser0,1062.5,257.1733779,0.2420455321
0.4087056587,laser0,1062.5,257.1768465,0.2420487967
0.408786555,laser0,1062.5,257.1484824,0.2420221011
0.4088674514,laser0,1062.5,256.1629142,0.2410945075
0.4089483477,laser0,1062.5,256.0643392,0.241001731
0.409029244,laser0,1062.5,256.1447722,0.2410774327
0.4091101404,laser0,1062.5,256.2545611,0.2411807634
0.4091910367,laser0,1062.5,256.3199795,0.2412423337
0.409271933,laser0,1062.5,256.3228574,0.2412450422
0.4093528293,laser0,1062.5,256.3750692,0.2412941828
0.4094337257,laser0,1062.5,256.4070821,0.2413243126
0.409514622,laser0,1062.5,256.3856113,0.2413041047
0.4095955183,laser0,1062.5,256.3231899,0.2412453552
0.4096764147,laser0,1062.5,256.2220443,0.2411501593
0.409757311,laser0,1062.5,256.220695,0.2411488894
0.4098382073,laser0,1062.5,256.2182105,0.241146551
0.4099191037,laser0,1062.5,256.1979803,0.2411275109
0.41,laser0,1062.5,256.0585259,0.2409962597
0.4100847458,laser0,1062.5,256.0651993,0.2410025405
0.4101694915,laser0,1062.5,256.0821428,0.2410184873
0.4102542373,laser0,1062.5,256.0968239,0.2410323049
0.4103389831,laser0,1062.5,256.1234268,0.2410573428
0.4104237288,laser0,1062.5,256.1371435,0.2410702527
0.4105084746,laser0,1062.5,256.1683879,0.2410996592
0.4105932203,laser0,1062.5,256.1894217,0.2411194557
0.4106779661,laser0,1062.5,256.2260678,0.2411539461
0.4107644068,laser0,1062.5,256.2558835,0.241182008
0.4108508475,laser0,1062.5,256.302673,0.2412260452
0.4109372881,laser0,1062.5,256.3369227,0.2412582802
0.4110237288,laser0,1062.5,256.3882994,0.2413066347
0.4111101695,laser0,1062.5,256.4287748,0.2413447292
0.4111966102,laser0,1062.5,256.4827318,0.2413955123
0.4112830508,laser0,1062.5,256.5186961,0.241429361
0.4113694915,laser0,1062.5,256.5697579,0.2414774192
0.4114559322,laser0,1062.5,256.6078302,0.241513252
0.4115423729,laser0,1062.5,256.6541102,0.2415568096
0.4116288136,laser0,1062.5,256.6720462,0.2415736905
0.4117130932,laser0,1062.5,256.7051192,0.2416048181
0.4117973729,laser0,1062.5,256.7581954,0.2416547721
0.4118816525,laser0,1062.5,256.8478092,0.2417391146
0.4119659322,laser0,1062.5,256.9242664,0.2418110743
0.412047934,laser0,1062.5,257.0059981,0.2418879982
0.4121277196,laser0,1062.5,257.1147923,0.2419903927
0.4122075052,laser0,1062.5,257.2762229,0.2421423274
0.4122850745,laser0,1062.5,257.4576499,0.2423130823
0.4123626438,laser0,1062.5,257.6246013,0.242470213
0.4124402131,laser0,1062.5,257.7746222,0.2426114092
0.4125177824,laser0,1062.5,257.9249476,0.2427528919
0.4125930011,laser0,1062.5,257.9997546,0.2428232985
0.4126682198,laser0,1062.5,258.0499434,0.242870535
0.4127434385,laser0,1062.5,258.0423946,0.2428634302
0.4128186572,laser0,1062.5,258.0319368,0.2428535876
0.412893876,laser0,1062.5,257.9333478,0.2427607979
0.4129690947,laser0,1062.5,258.0092573,0.2428322422
0.413041627,laser0,1062.5,258.0082993,0.2428313405
0.4131141593,laser0,1062.5,258.0276357,0.2428495395
0.4131866917,laser0,1062.5,258.0572016,0.2428773662
0.413259224,laser0,1062.5,258.113915,0.2429307436
0.4133317563,laser0,1062.5,258.1837736,0.2429964928
0.4134042887,laser0,1062.5,258.249276,0.2430581421
0.413476821,laser0,1062.5,258.2588427,0.2430671461
0.41355298,laser0,1062.5,258.2739874,0.2430813999
0.4136291389,laser0,1062.5,258.265085,0.2430730212
0.4137052979,laser0,1062.5,258.2667758,0.2430746125
0.4137814568,laser0,1062.5,258.2657541,0.2430736509
0.4138576158,laser0,1062.5,258.2913811,0.2430977704
0.4139337747,laser0,1062.5,258.317655,0.2431224989
0.4140099337,laser0,1062.5,258.3627325,0.2431649247
0.4140860926,laser0,1062.5,258.4022204,0.2432020898
0.4141622516,laser0,1062.5,258.4563763,0.24325306
0.4142384105,laser0,1062.5,258.503958,0.2432978428
0.4143145695,laser0,1062.5,258.5536264,0.2433445896
0.4143907284,laser0,1062.5,258.6097898,0.2433974492
0.4144668874,laser0,1062.5,258.6696376,0.2434537766
0.4145430463,laser0,1062.5,258.7366286,0.2435168269
0.4146192053,laser0,1062.5,258.7974127,0.2435740355
0.4146953642,laser0,1062.5,258.8499358,0.243623469
0.4147715232,laser0,1062.5,258.9085985,0.2436786809
0.4148476821,laser0,1062.5,258.9482834,0.2437160314
0.4149238411,laser0,1062.5,258.9936166,0.243758698
0.415,laser0,1062.5,258.9855098,0.2437510681
0.4150769231,laser0,1062.5,258.9869663,0.2437524389
0.4151538462,laser0,1062.5,258.9812321,0.243747042
0.4152295673,laser0,1062.5,258.4640692,0.2432603004
0.4153052885,laser0,1062.5,257.9575048,0.2427835339
0.4153798077,laser0,1062.5,257.6389205,0.2424836898
0.4154543269,laser0,1062.5,257.4480032,0.242304003
0.4155288462,laser0,1062.5,257.3061394,0.2421704842
0.4156033654,laser0,1062.5,257.1862599,0.2420576564
0.4156778846,laser0,1062.5,257.0925646,0.2419694725
0.4157524038,laser0,1062.5,257.0062733,0.2418882573
0.4158269231,laser0,1062.5,256.9224668,0.2418093805
0.4159014423,laser0,1062.5,256.8506314,0.2417417707
0.4159759615,laser0,1062.5,256.7889515,0.241683719
0.4160504808,laser0,1062.5,256.7250082,0.2416235371
0.416125,laser0,1062.5,256.6774116,0.2415787403
0.4161995192,laser0,1062.5,256.6280712,0.2415323023
0.4162740385,laser0,1062.5,256.5943968,0.2415006088
0.4163485577,laser0,1062.5,256.5533482,0.2414619747
0.4164246294,laser0,1062.5,256.528319,0.2414384179
0.4165007011,laser0,1062.5,256.478883,0.2413918899
0.4165767728,laser0,1062.5,256.4547189,0.2413691472
0.4166528446,laser0,1062.5,256.4518931,0.2413664876
0.4167289163,laser0,1062.5,256.4810543,0.2413939335
0.416804988,laser0,1062.5,256.4993048,0.2414111104
0.4168810597,laser0,1062.5,256.5372652,0.2414468378
0.4169571314,laser0,1062.5,256.5385027,0.2414480026
0.4170332031,laser0,1062.5,256.5614198,0.2414695715
0.417107373,laser0,1062.5,256.5656696,0.2414735714
0.417181543,laser0,1062.5,256.5828482,0.2414897395
0.4172557129,laser0,1062.5,256.5812472,0.2414882327
0.4173298828,laser0,1062.5,256.5942651,0.2415004848
0.4174040527,laser0,1062.5,256.5914456,0.2414978312
0.4174782227,laser0,1062.5,256.611279,0.2415164978
0.4175523926,laser0,1062.5,256.6171106,0.2415219865
0.4176265625,laser0,1062.5,256.6410559,0.2415445232
0.4177007324,laser0,1062.5,256.6439533,0.2415472501
0.4177749023,laser0,1062.5,256.6612361,0.2415635163
0.4178490723,laser0,1062.5,256.6633626,0.2415655178
0.4179232422,laser0,1062.5,256.6789428,0.2415801815
0.4179974121,laser0,1062.5,256.6791344,0.2415803618
0.418071582,laser0,1062.5,256.6899436,0.2415905352
0.418145752,laser0,1062.5,256.7052479,0.2416049392
0.4182199219,laser0,1062.5,256.7067592,0.2416063616
0.4182940918,laser0,1062.5,256.7217968,0.2416205147
0.4183682617,laser0,1062.5,256.7242842,0.2416228558
0.4184424316,laser0,1062.5,256.7385933,0.2416363231
0.4185166016,laser0,1062.5,256.741875,0.2416394118
0.4185907715,laser0,1062.5,256.7566779,0.2416533439
0.4186649414,laser0,1062.5,256.7710138,0.2416668365
0.4187391113,laser0,1062.5,256.7666799,0.2416627575
0.4188132812,laser0,1062.5,256.7727355,0.241668457
0.4188874512,laser0,1062.5,256.6366924,0.2415404164
0.4189616211,laser0,1062.5,256.6561208,0.2415587019
0.419035791,laser0,1062.5,256.6794777,0.2415806849
0.4191099609,laser0,1062.5,256.6788996,0.2415801408
0.4191841309,laser0,1062.5,256.6953055,0.2415955817
0.4192583008,laser0,1062.5,256.7040474,0.2416038093
0.4193324707,laser0,1062.5,256.7194819,0.2416183359
0.4194066406,laser0,1062.5,256.7260199,0.2416244893
0.4194808105,laser0,1062.5,256.7394896,0.2416371666
0.4195549805,laser0,1062.5,256.7408184,0.2416384174
0.4196291504,laser0,1062.5,256.7555813,0.2416523118
0.4197033203,laser0,1062.5,256.7775746,0.2416730113
0.4197774902,laser0,1062.5,256.7711529,0.2416669675
0.4198516602,laser0,1062.5,256.7815286,0.2416767328
0.4199258301,laser0,1062.5,256.854139,0.241745072
0.42,laser0,1062.5,258.3043934,0.2431100173
0.4200735294,laser0,1062.5,256.9759819,0.2418597476
0.4201470588,laser0,1062.5,257.0388475,0.2419189153
0.4202205882,laser0,1062.5,257.0769963,0.24195482
0.4202952665,laser0,1062.5,257.0987166,0.2419752627
0.4203699449,laser0,1062.5,257.1555942,0.2420287945
0.4204446232,laser0,1062.5,257.2043893,0.2420747194
0.4205193015,laser0,1062.5,257.204811,0.2420751163
0.4205952455,laser0,1062.5,257.2128764,0.2420827072
0.4206711896,laser0,1062.5,257.2134987,0.2420832929
0.4207471336,laser0,1062.5,257.1981666,0.2420688627
0.4208273764,laser0,1062.5,257.2899798,0.2421552751
0.4209076191,laser0,1062.5,257.176224,0.2420482108
0.4209863188,laser0,1062.5,257.1765226,0.2420484919
0.4210635049,laser0,1062.5,257.1353227,0.2420097155
0.4211406911,laser0,1062.5,257.179408,0.2420512075
0.4212178773,laser0,1062.5,257.1934806,0.2420644523
0.4212950635,laser0,1062.5,257.1868212,0.2420581846
0.4213722496,laser0,1062.5,257.1867575,0.2420581247
0.4214511138,laser0,1062.5,257.2433868,0.2421114229
0.4215299779,laser0,1062.5,257.2869227,0.2421523979
0.4216125975,laser0,1062.5,257.3926909,0.2422519444
0.4216952171,laser0,1062.5,257.3878633,0.2422474007
0.4217758215,laser0,1062.5,257.450269,0.2423061355
0.42185446,laser0,1062.5,257.5024039,0.2423552037
0.4219311805,laser0,1062.5,257.5257506,0.2423771771
0.422007901,laser0,1062.5,257.5823439,0.2424304413
0.4220846215,laser0,1062.5,257.6325843,0.2424777264
0.422161342,laser0,1062.5,257.7190212,0.2425590787
0.4222360435,laser0,1062.5,257.8986108,0.2427281043
0.422310745,laser0,1062.5,257.9876688,0.2428119236
0.4223947842,laser0,1062.5,258.0407502,0.2428618825
0.4224737302,laser0,1062.5,258.1094209,0.2429265138
0.4225502838,laser0,1062.5,258.1228973,0.2429391975
0.4226245176,laser0,1062.5,258.1955849,0.2430076094
0.4226987515,laser0,1062.5,258.2444741,0.2430536227
0.4227729853,laser0,1062.5,258.3087695,0.243114136
0.4228472191,laser0,1062.5,258.381225,0.2431823294
0.4229189785,laser0,1062.5,258.443136,0.2432405986
0.4229907378,laser0,1062.5,258.4816988,0.243276893
0.4230624972,laser0,1062.5,258.5797601,0.243369186
0.4231432265,laser0,1062.5,258.6654447,0.2434498303
0.4232174974,laser0,1062.5,258.7256227,0.2435064684
0.4232917684,laser0,1062.5,258.8795723,0.2436513622
0.4233629447,laser0,1062.5,258.7774587,0.2435552552
0.423434121,laser0,1062.5,258.8352897,0.2436096845
0.4235052973,laser0,1062.5,258.8374284,0.2436116973
0.4235764736,laser0,1062.5,258.8617331,0.2436345724
0.42364765,laser0,1062.5,258.8728166,0.2436450038
0.4237188263,laser0,1062.5,258.8467825,0.2436205012
0.4237900026,laser0,1062.5,258.891133,0.2436622428
0.4238656274,laser0,1062.5,258.8179822,0.243593395
0.4239412523,laser0,1062.5,258.8627965,0.2436355732
0.4240168771,laser0,1062.5,258.9919549,0.2437571341
0.4240871002,laser0,1062.5,258.9883411,0.2437537328
0.4241573232,laser0,1062.5,259.0205727,0.2437840684
0.4242275463,laser0,1062.5,258.8968969,0.2436676677
0.4242977694,laser0,1062.5,258.8580355,0.2436310923
0.4243679924,laser0,1062.5,258.8174741,0.2435929168
0.4244382155,laser0,1062.5,258.7536801,0.2435328754
0.4245084386,laser0,1062.5,258.6327906,0.243419097
0.4245786616,laser0,1062.5,258.5151267,0.2433083545
0.4246488847,laser0,1062.5,258.4259229,0.2432243981
0.4247191077,laser0,1062.5,258.3648757,0.2431669418
0.4247893308,laser0,1062.5,258.2140847,0.2430250209
0.4248595539,laser0,1062.5,258.1416038,0.2429568036
0.4249297769,laser0,1062.5,258.1447845,0.2429597972
0.425,laser0,1062.5,258.0832545,0.2429018866
0.4250757576,laser0,1062.5,258.0889262,0.2429072247
0.4251526989,laser0,1062.5,258.0871334,0.2429055373
0.4252296402,laser0,1062.5,258.2988595,0.2431048089
0.4253078428,laser0,1062.5,258.3946066,0.2431949239
0.4253860454,laser0,1062.5,258.46109,0.2432574965
0.425464248,laser0,1062.5,258.5045025,0.2432983553
0.4255438226,laser0,1062.5,258.5490676,0.2433402989
0.4256233972,laser0,1062.5,258.5695533,0.2433595796
0.4257029718,laser0,1062.5,258.6132259,0.2434006832
0.4257825464,laser0,1062.5,258.6269422,0.2434135926
0.425862121,laser0,1062.5,258.6513992,0.243436611
0.4259432559,laser0,1062.5,258.6489073,0.2434342657
0.4260243908,laser0,1062.5,258.6682112,0.2434524341
0.4261089782,laser0,1062.5,258.6656306,0.2434500052
0.4261917659,laser0,1062.5,258.6582597,0.2434430679
0.4262745536,laser0,1062.5,258.6908956,0.2434737841
0.4263573413,laser0,1062.5,258.7377959,0.2435179255
0.426440129,laser0,1062.5,258.7611368,0.2435398935
0.4265210351,laser0,1062.5,258.7959419,0.2435726512
0.4266019413,laser0,1062.5,258.8163908,0.2435918972
0.4266828475,laser0,1062.5,258.8603272,0.2436332491
0.4267618273,laser0,1062.5,258.8862257,0.2436576242
0.4268408071,laser0,1062.5,258.93071,0.2436994918
0.4269197869,laser0,1062.5,259.3995958,0.2441407961
0.4269987668,laser0,1062.5,259.4421866,0.2441808815
0.4270777466,laser0,1062.5,259.4673655,0.2442045793
0.427154648,laser0,1062.5,259.5121765,0.2442467543
0.4272315494,laser0,1062.5,259.5431118,0.2442758699
0.4273084508,laser0,1062.5,259.5961825,0.2443258189
0.4273853522,laser0,1062.5,259.6351106,0.2443624571
0.4274645839,laser0,1062.5,259.6984272,0.2444220492
0.4275414147,laser0,1062.5,259.7482258,0.2444689184
0.4276182455,laser0,1062.5,259.8124666,0.2445293803
0.4276950763,laser0,1062.5,259.9448718,0.244653997
0.4277694287,laser0,1062.5,259.9985303,0.2447044991
0.4278437811,laser0,1062.5,260.0380268,0.2447416722
0.427915655,laser0,1062.5,260.1024779,0.2448023321
0.427987529,laser0,1062.5,260.147023,0.2448442569
0.4280569246,laser0,1062.5,260.1972041,0.2448914862
0.4281263201,laser0,1062.5,260.2262577,0.2449188307
0.4281957157,laser0,1062.5,260.2827848,0.2449720327
0.4282651112,laser0,1062.5,260.3218219,0.2450087735
0.4283345068,laser0,1062.5,260.4014015,0.245083672
0.4284039023,laser0,1062.5,260.4476038,0.2451271565
0.4284732979,laser0,1062.5,260.5124649,0.2451882023
0.4285426934,laser0,1062.5,260.5581909,0.2452312385
0.428612089,laser0,1062.5,260.6194869,0.2452889289
0.4286814845,laser0,1062.5,260.6613873,0.2453283645
0.4287508801,laser0,1062.5,260.7230647,0.2453864138
0.4288202756,laser0,1062.5,260.7638113,0.2454247636
0.4288896712,laser0,1062.5,260.8223448,0.2454798539
0.4289590667,laser0,1062.5,260.8656105,0.2455205746
0.4290284623,laser0,1062.5,260.9251814,0.2455766413
0.4290978578,laser0,1062.5,260.9620925,0.2456113812
0.4291672534,laser0,1062.5,261.021486,0.245667281
0.4292366489,laser0,1062.5,261.0564066,0.2457001474
0.4293060445,laser0,1062.5,261.115034,0.2457553262
0.42937544,laser0,1062.5,261.1517291,0.2457898627
0.4294448356,laser0,1062.5,261.2130134,0.2458475421
0.4295142311,laser0,1062.5,261.2518916,0.2458841333
0.4295836267,laser0,1062.5,261.3132933,0.2459419231
0.4296530222,laser0,1062.5,261.3568167,0.2459828863
0.4297224178,laser0,1062.5,261.4310664,0.2460527683
0.4297918133,laser0,1062.5,261.571698,0.2461851275
0.4298612089,laser0,1062.5,261.589142,0.2462015454
0.4299306044,laser0,1062.5,261.5955468,0.2462075734
0.43,laser0,1062.5,261.652979,0.2462616273
0.4300684932,laser0,1062.5,261.6912763,0.2462976718
0.4301369863,laser0,1062.5,261.7324351,0.2463364095
0.4302054795,laser0,1062.5,261.7722194,0.2463738536
0.4302739726,laser0,1062.5,261.8324377,0.2464305296
0.4303424658,laser0,1062.5,261.8698011,0.2464656952
0.4304109589,laser0,1062.5,261.9153841,0.2465085968
0.4304826627,laser0,1062.5,262.0145297,0.2466019103
0.4305532461,laser0,1062.5,262.042964,0.246628672
0.4306227266,laser0,1062.5,262.0597402,0.2466444614
0.4306911215,laser0,1062.5,262.0898386,0.2466727892
0.4307595164,laser0,1062.5,262.0917152,0.2466745555
0.4308279113,laser0,1062.5,262.10394,0.2466860611
0.4308963062,laser0,1062.5,262.0980127,0.2466804826
0.4309647011,laser0,1062.5,262.1062472,0.2466882327
0.431033096,laser0,1062.5,262.0879343,0.246670997
0.4311014909,laser0,1062.5,262.0849348,0.2466681739
0.4311698858,laser0,1062.5,262.066683,0.2466509958
0.4312382807,laser0,1062.5,262.0643676,0.2466488165
0.4313066756,laser0,1062.5,258.567864,0.2433579896
0.4313750705,laser0,1062.5,258.0529653,0.2428733791
0.4314434654,laser0,1062.5,257.9437721,0.242770609
0.4315118603,laser0,1062.5,257.9486817,0.2427752298
0.4315802552,laser0,1062.5,257.9684384,0.2427938244
0.4316486501,laser0,1062.5,258.0387547,0.2428600044
0.4317170449,laser0,1062.5,258.1009186,0.2429185117
0.4317854398,laser0,1062.5,258.1929204,0.2430051016
0.4318538347,laser0,1062.5,258.2626664,0.2430707449
0.4319237495,laser0,1062.5,258.3551545,0.2431577925
0.4319936643,laser0,1062.5,258.4204443,0.2432192417
0.4320635791,laser0,1062.5,258.4998019,0.2432939312
0.4321334939,laser0,1062.5,258.5453666,0.2433368156
0.4322034087,laser0,1062.5,258.6205733,0.2434075984
0.4322733234,laser0,1062.5,258.662731,0.2434472763
0.4323432382,laser0,1062.5,258.7213945,0.2435024889
0.432413153,laser0,1062.5,258.7420275,0.2435219082
0.4324830678,laser0,1062.5,258.7595699,0.2435384187
0.4325529826,laser0,1062.5,258.7410514,0.2435209895
0.4326228974,laser0,1062.5,258.7390882,0.2435191419
0.4326928121,laser0,1062.5,258.9573382,0.2437245536
0.4327627269,laser0,1062.5,258.9014214,0.243671926
0.432834897,laser0,1062.5,258.811945,0.243587713
0.4329070671,laser0,1062.5,258.735981,0.2435162174
0.4329792372,laser0,1062.5,258.6288472,0.2434153856
0.4330514073,laser0,1062.5,258.5072167,0.2433009098
0.4331235774,laser0,1062.5,258.3814565,0.2431825473
0.4331986343,laser0,1062.5,258.2578371,0.2430661997
0.4332736912,laser0,1062.5,258.1113727,0.2429283508
0.4333487481,laser0,1062.5,257.9468515,0.2427735073
0.433423805,laser0,1062.5,257.7215897,0.2425614962
0.4334988619,laser0,1062.5,257.4948505,0.2423480946
0.4335739188,laser0,1062.5,257.2265599,0.2420955858
0.4336489757,laser0,1062.5,256.9764344,0.2418601736
0.4337240326,laser0,1062.5,256.7204947,0.2416192892
0.4337990896,laser0,1062.5,256.5099628,0.2414211415
0.4338741465,laser0,1062.5,256.3023185,0.2412257115
0.4339492034,laser0,1062.5,256.148586,0.2410810221
0.4340242603,laser0,1062.5,255.9897435,0.2409315233
0.4340993172,laser0,1062.5,255.8687859,0.2408176809
0.4341743741,laser0,1062.5,255.7392619,0.2406957759
0.4342569367,laser0,1062.5,255.640998,0.2406032922
0.4343394993,laser0,1062.5,255.5249577,0.2404940778
0.4344220618,laser0,1062.5,255.4521777,0.240425579
0.4345046244,laser0,1062.5,255.3624408,0.2403411207
0.434587187,laser0,1062.5,255.306021,0.2402880198
0.4346697496,laser0,1062.5,255.5525322,0.2405200303
0.4347523122,laser0,1062.5,255.5122381,0.2404821064
0.4348348748,laser0,1062.5,255.4533714,0.2404267025
0.4349174374,laser0,1062.5,255.4284233,0.2404032219
0.435,laser0,1062.5,255.3817331,0.2403592782
0.4350806452,laser0,1062.5,255.3645555,0.240343111
0.4351612903,laser0,1062.5,255.3241884,0.2403051185
0.4352419355,laser0,1062.5,255.3049056,0.24028697
0.4353225806,laser0,1062.5,255.4726885,0.2404448833
0.4354032258,laser0,1062.5,255.4141872,0.2403898232
0.435483871,laser0,1062.5,255.3323483,0.2403127984
0.4355645161,laser0,1062.5,255.2917087,0.2402745494
0.4356451613,laser0,1062.5,255.2388395,0.2402247901
0.4357243402,laser0,1062.5,255.2262004,0.2402128945
0.4358035191,laser0,1062.5,255.2060279,0.2401939086
0.4358826979,laser0,1062.5,255.2321277,0.2402184731
0.4359618768,laser0,1062.5,255.2413974,0.2402271975
0.4360410557,laser0,1062.5,255.285524,0.2402687285
0.4361202346,laser0,1062.5,255.3123775,0.2402940023
0.4361994135,laser0,1062.5,255.374951,0.2403528951
0.4362785924,laser0,1062.5,255.4130964,0.2403887966
0.4363577713,laser0,1062.5,255.4904181,0.24046157
0.4364369501,laser0,1062.5,255.5407838,0.240508973
0.436516129,laser0,1062.5,255.6299188,0.2405928648
0.4365953079,laser0,1062.5,255.6906897,0.2406500608
0.436676372,laser0,1062.5,255.7872341,0.2407409262
0.4367574361,laser0,1062.5,255.8600346,0.2408094443
0.4368385002,laser0,1062.5,255.951355,0.2408953929
0.4369195643,laser0,1062.5,256.054877,0.2409928254
0.4370006284,laser0,1062.5,256.1751694,0.2411060418
0.4370816925,laser0,1062.5,256.2865374,0.2412108587
0.4371627566,laser0,1062.5,256.8889587,0.2417778435
0.4372462049,laser0,1062.5,256.9617397,0.2418463432
0.4373296533,laser0,1062.5,257.0436854,0.2419234686
0.4374131016,laser0,1062.5,257.0868644,0.2419641076
0.4374965499,laser0,1062.5,257.1304721,0.2420051502
0.4375799983,laser0,1062.5,257.1309008,0.2420055536
0.4376634466,laser0,1062.5,257.1726181,0.242044817
0.4377468949,laser0,1062.5,257.157241,0.2420303444
0.4378303433,laser0,1062.5,257.1622435,0.2420350527
0.4379171295,laser0,1062.5,257.1849591,0.2420564321
0.4380039158,laser0,1062.5,257.1975553,0.2420682873
0.4380907021,laser0,1062.5,257.1739747,0.2420460938
0.4381774884,laser0,1062.5,257.1144815,0.2419901003
0.4382642746,laser0,1062.5,257.0877331,0.2419649253
0.4383510609,laser0,1062.5,257.0203666,0.2419015216
0.4384378472,laser0,1062.5,256.9781153,0.2418617555
0.4385246334,laser0,1062.5,256.8854543,0.2417745453
0.4386114197,laser0,1062.5,256.8524979,0.2417435274
0.438698206,laser0,1062.5,256.837779,0.2417296743
0.4387849922,laser0,1062.5,256.764692,0.2416608866
0.4388717785,laser0,1062.5,255.6518735,0.240613528
0.4389585648,laser0,1062.5,255.4943208,0.2404652431
0.439045351,laser0,1062.5,255.5593702,0.240526466
0.4391321373,laser0,1062.5,255.6838941,0.240643665
0.4392189236,laser0,1062.5,255.8656216,0.2408147027
0.4393057098,laser0,1062.5,256.0414979,0.2409802333
0.4393924961,laser0,1062.5,256.2528327,0.2411791367
0.4394792824,laser0,1062.5,256.4385945,0.2413539713
0.4395660687,laser0,1062.5,256.6190216,0.241523785
0.4396528549,laser0,1062.5,256.7951248,0.2416895292
0.4397396412,laser0,1062.5,256.9760556,0.241859817
0.4398264275,laser0,1062.5,257.1196841,0.2419949968
0.4399132137,laser0,1062.5,257.3669924,0.2422277576
0.44,laser0,1062.5,257.635395,0.2424803718
0.4400819672,laser0,1062.5,257.9500608,0.2427765278
0.4401639344,laser0,1062.5,257.9154816,0.2427439827
0.4402473149,laser0,1062.5,257.8562155,0.2426882028
0.4403306953,laser0,1062.5,257.8023096,0.2426374678
0.4404126129,laser0,1062.5,257.8027974,0.242637927
0.4404945306,laser0,1062.5,257.8317934,0.2426652173
0.4405749854,laser0,1062.5,257.8864347,0.2427166444
0.4406554402,laser0,1062.5,257.924405,0.2427523812
0.440735895,laser0,1062.5,257.9906849,0.2428147622
0.4408163498,laser0,1062.5,258.0731542,0.2428923804
0.4408968046,laser0,1062.5,258.246309,0.2430553497
0.4409757122,laser0,1062.5,258.4376363,0.2432354224
0.4410546198,laser0,1062.5,258.5167862,0.2433099164
0.4411319802,laser0,1062.5,258.5510104,0.2433421275
0.4412078237,laser0,1062.5,258.5655687,0.2433558294
0.4412821801,laser0,1062.5,258.5585903,0.2433492615
0.4413565365,laser0,1062.5,258.5804248,0.2433698115
0.4414294058,laser0,1062.5,258.6369493,0.2434230111
0.4415022751,laser0,1062.5,258.6959669,0.2434785571
0.4415751443,laser0,1062.5,258.7358883,0.2435161302
0.4416464955,laser0,1062.5,258.7824333,0.2435599372
0.4417178467,laser0,1062.5,258.8183077,0.2435937014
0.4417891978,laser0,1062.5,258.8742907,0.2436463913
0.441860549,laser0,1062.5,258.9217127,0.2436910237
0.4419319001,laser0,1062.5,258.953412,0.2437208584
0.4420016297,laser0,1062.5,259.0005914,0.2437652625
0.4420713592,laser0,1062.5,259.0158566,0.2437796298
0.4421410888,laser0,1062.5,258.9859937,0.2437515235
0.4422108183,laser0,1062.5,258.9642531,0.2437310617
0.4422805479,laser0,1062.5,258.9447333,0.2437126902
0.4423502774,laser0,1062.5,258.9377187,0.2437060882
0.4424200069,laser0,1062.5,258.9258344,0.243694903
0.4424897365,laser0,1062.5,258.9197194,0.2436891477
0.442559466,laser0,1062.5,258.9186686,0.2436881586
0.4426291956,laser0,1062.5,258.9560986,0.2437233869
0.4427010381,laser0,1062.5,259.0075654,0.2437718263
0.4427728807,laser0,1062.5,259.0401163,0.2438024624
0.4428447232,laser0,1062.5,259.0872329,0.2438468074
0.4429165658,laser0,1062.5,259.1057464,0.2438642319
0.4429884084,laser0,1062.5,259.1224614,0.2438799637
0.4430602509,laser0,1062.5,259.134038,0.2438908593
0.4431320935,laser0,1062.5,259.1596087,0.2439149259
0.443203936,laser0,1062.5,259.1806538,0.243934733
0.4432757786,laser0,1062.5,259.199704,0.2439526626
0.4433476212,laser0,1062.5,259.2980687,0.2440452411
0.4434194637,laser0,1062.5,259.3127319,0.2440590418
0.4434913063,laser0,1062.5,259.3386046,0.2440833926
0.4435631488,laser0,1062.5,259.3707177,0.2441136166
0.4436349914,laser0,1062.5,259.3840245,0.2441261407
0.4437068339,laser0,1062.5,259.404019,0.2441449591
0.4437786765,laser0,1062.5,259.416314,0.2441565308
0.4438505191,laser0,1062.5,259.4383322,0.2441772538
0.4439223616,laser0,1062.5,259.4347183,0.2441738525
0.4439942042,laser0,1062.5,259.4461953,0.2441846544
0.4440660467,laser0,1062.5,259.4692464,0.2442063495
0.4441378893,laser0,1062.5,259.4920805,0.2442278405
0.4442097319,laser0,1062.5,259.5082653,0.2442430732
0.4442815744,laser0,1062.5,259.52088,0.2442549458
0.444353417,laser0,1062.5,259.5331871,0.244266529
0.4444252595,laser0,1062.5,259.5650501,0.2442965177
0.4444971021,laser0,1062.5,259.5608482,0.244292563
0.4445689446,laser0,1062.5,259.4507003,0.2441888944
0.4446407872,laser0,1062.5,259.4686353,0.2442057744
0.4447126298,laser0,1062.5,259.4933501,0.2442290354
0.4447844723,laser0,1062.5,259.5054933,0.2442404643
0.4448563149,laser0,1062.5,259.545707,0.2442783125
0.4449281574,laser0,1062.5,259.5684607,0.2442997277
0.445,laser0,1062.5,259.5772979,0.2443080451
0.4450684932,laser0,1062.5,259.572464,0.2443034955
0.4451369863,laser0,1062.5,259.5781198,0.2443088186
0.4452045282,laser0,1062.5,258.8944073,0.2436653245
0.44527207,laser0,1062.5,258.6655914,0.2434499684
0.4453396119,laser0,1062.5,258.5142445,0.2433075242
0.4454061888,laser0,1062.5,258.4258134,0.243224295
0.4454727658,laser0,1062.5,258.3286141,0.2431328133
0.4455393428,laser0,1062.5,258.2568576,0.2430652777
0.4456049407,laser0,1062.5,258.1754368,0.2429886464
0.4456705386,laser0,1062.5,258.1210925,0.2429374988
0.4457351574,laser0,1062.5,258.0510621,0.2428715878
0.4457997762,laser0,1062.5,258.0189533,0.2428413679
0.4458643951,laser0,1062.5,257.9879957,0.2428122313
0.4459290139,laser0,1062.5,257.9841199,0.2428085834
0.4459936327,laser0,1062.5,257.9469418,0.2427735923
0.4460582516,laser0,1062.5,257.9392938,0.2427663941
0.4461228704,laser0,1062.5,257.9318556,0.2427593935
0.4461864299,laser0,1062.5,257.9440631,0.2427708829
0.4462499894,laser0,1062.5,257.9259201,0.2427538072
0.4463135489,laser0,1062.5,257.9418494,0.2427687995
0.4463771084,laser0,1062.5,257.9339567,0.242761371
0.4464406679,laser0,1062.5,257.9423223,0.2427692445
0.4465042274,laser0,1062.5,257.9337642,0.2427611898
0.4465677869,laser0,1062.5,257.9680436,0.2427934528
0.4466313464,laser0,1062.5,257.9792001,0.2428039531
0.4466949059,laser0,1062.5,258.005715,0.2428289082
0.4467584654,laser0,1062.5,258.0386429,0.2428598992
0.4468220249,laser0,1062.5,258.0652845,0.2428849737
0.4468855844,laser0,1062.5,258.0998127,0.2429174708
0.4469491439,laser0,1062.5,258.1305603,0.2429464097
0.4470127034,laser0,1062.5,258.160971,0.2429750315
0.4470762629,laser0,1062.5,258.1909611,0.2430032575
0.4471398224,laser0,1062.5,258.2308083,0.2430407607
0.4472048264,laser0,1062.5,258.2703346,0.243077962
0.4472698305,laser0,1062.5,258.3079763,0.2431133895
0.4473348345,laser0,1062.5,258.342549,0.2431459284
0.4473998386,laser0,1062.5,258.3643746,0.2431664702
0.4474648426,laser0,1062.5,258.3874968,0.2431882323
0.4475298466,laser0,1062.5,258.3923589,0.2431928083
0.4475948507,laser0,1062.5,258.4229974,0.2432216446
0.4476616604,laser0,1062.5,258.4455128,0.2432428356
0.4477284701,laser0,1062.5,258.4836794,0.2432787571
0.4477952798,laser0,1062.5,258.4992516,0.2432934133
0.4478620895,laser0,1062.5,258.5154294,0.2433086394
0.4479288992,laser0,1062.5,258.5364493,0.2433284228
0.4479957089,laser0,1062.5,258.5537794,0.2433447336
0.4480648224,laser0,1062.5,258.5772175,0.2433667929
0.4481339359,laser0,1062.5,258.6160226,0.2434033154
0.4482030493,laser0,1062.5,258.6427565,0.2434284767
0.4482721628,laser0,1062.5,258.6733819,0.2434573006
0.4483412763,laser0,1062.5,258.7018995,0.2434841407
0.4484103898,laser0,1062.5,258.7370489,0.2435172225
0.4484795033,laser0,1062.5,258.774003,0.2435520029
0.4485486168,laser0,1062.5,258.8061904,0.2435822968
0.4486177303,laser0,1062.5,258.8349821,0.243609395
0.4486868438,laser0,1062.5,258.8622903,0.2436350967
0.4487559572,laser0,1062.5,258.8818193,0.2436534769
0.4488250707,laser0,1062.5,258.9009289,0.2436714625
0.4488941842,laser0,1062.5,258.9154273,0.2436851081
0.4489632977,laser0,1062.5,258.9091819,0.2436792301
0.4490324112,laser0,1062.5,258.9001846,0.243670762
0.4491015247,laser0,1062.5,258.8817223,0.2436533856
0.4491706382,laser0,1062.5,258.8689615,0.2436413755
0.4492397516,laser0,1062.5,258.8449953,0.2436188191
0.4493088651,laser0,1062.5,258.8144026,0.2435900259
0.4493779786,laser0,1062.5,258.7822619,0.2435597759
0.4494470921,laser0,1062.5,258.7544805,0.2435336287
0.4495162056,laser0,1062.5,258.7285957,0.2435092665
0.4495853191,laser0,1062.5,258.7057325,0.2434877482
0.4496544326,laser0,1062.5,258.7014359,0.2434837044
0.4497235461,laser0,1062.5,258.6806651,0.2434641554
0.4497926595,laser0,1062.5,258.6787624,0.2434623647
0.449861773,laser0,1062.5,258.659588,0.2434443181
0.4499308865,laser0,1062.5,258.7171858,0.2434985278
0.45,laser0,1062.5,258.7462013,0.2435258365
0.4500724638,laser0,1062.5,258.7730831,0.2435511371
0.4501460091,laser0,1062.5,258.8056994,0.2435818347
0.4502195544,laser0,1062.5,258.8309851,0.2436056331
0.4502930997,laser0,1062.5,258.8574505,0.2436305416
0.450366645,laser0,1062.5,258.8847959,0.2436562785
0.4504401904,laser0,1062.5,258.8851407,0.243656603
0.4505137357,laser0,1062.5,258.9000596,0.2436706443
0.450587281,laser0,1062.5,258.8990605,0.243669704
0.4506620728,laser0,1062.5,258.9073797,0.2436775339
0.4507368647,laser0,1062.5,258.8758087,0.24364782
0.4508116565,laser0,1062.5,258.8726007,0.2436448006
0.4508864484,laser0,1062.5,258.8507885,0.2436242715
0.4509612402,laser0,1062.5,258.8481233,0.2436217631
0.4510360321,laser0,1062.5,258.8496577,0.2436232072
0.4511122622,laser0,1062.5,258.8453637,0.2436191659
0.4511884924,laser0,1062.5,258.8399829,0.2436141016
0.4512647225,laser0,1062.5,258.8565041,0.2436296509
0.4513409527,laser0,1062.5,258.8408318,0.2436149005
0.4514171828,laser0,1062.5,258.8550415,0.2436282744
0.451493413,laser0,1062.5,258.8758441,0.2436478532
0.4515696431,laser0,1062.5,258.9190268,0.2436884958
0.4516476058,laser0,1062.5,258.9197708,0.243689196
0.4517255685,laser0,1062.5,258.952619,0.243720112
0.4518035311,laser0,1062.5,258.961152,0.243728143
0.4518814938,laser0,1062.5,258.9955299,0.2437604987
0.4519594564,laser0,1062.5,259.0315782,0.2437944265
0.4520374191,laser0,1062.5,259.0350648,0.243797708
0.4521153817,laser0,1062.5,259.0369198,0.243799454
0.45219551,laser0,1062.5,259.0617552,0.2438228284
0.4522756383,laser0,1062.5,259.0553239,0.2438167754
0.4523557666,laser0,1062.5,259.0789115,0.2438389755
0.4524358949,laser0,1062.5,259.0934635,0.2438526715
0.4525160232,laser0,1062.5,259.1258184,0.2438831232
0.4525961514,laser0,1062.5,259.1121489,0.2438702577
0.4526762797,laser0,1062.5,259.1348362,0.2438916105
0.4527592697,laser0,1062.5,259.1299471,0.2438870091
0.4528422597,laser0,1062.5,259.1540075,0.2439096541
0.4529252498,laser0,1062.5,259.1701896,0.2439248844
0.4530082398,laser0,1062.5,259.1682484,0.2439230573
0.4530912298,laser0,1062.5,259.1696542,0.2439243804
0.4531742198,laser0,1062.5,259.1735744,0.24392807
0.4532572098,laser0,1062.5,259.1926714,0.2439460437
0.4533401998,laser0,1062.5,259.1952653,0.243948485
0.4534231898,laser0,1062.5,259.2220079,0.2439736545
0.4535061798,laser0,1062.5,259.2398565,0.2439904532
0.4535940516,laser0,1062.5,259.2586782,0.2440081678
0.4536819234,laser0,1062.5,259.2964692,0.2440437357
0.4537697952,laser0,1062.5,259.2711244,0.2440198818
0.4538576669,laser0,1062.5,259.2808652,0.2440290496
0.4539455387,laser0,1062.5,259.2819433,0.2440300643
0.4540334105,laser0,1062.5,259.309027,0.2440555548
0.4541212823,laser0,1062.5,259.3223412,0.2440680858
0.454209154,laser0,1062.5,259.3633634,0.244106695
0.4542970258,laser0,1062.5,259.4207547,0.2441607103
0.4543848976,laser0,1062.5,259.4857497,0.2442218821
0.4544727694,laser0,1062.5,259.5213006,0.2442553417
0.4545606411,laser0,1062.5,259.5918729,0.2443217627
0.4546485129,laser0,1062.5,259.6421303,0.2443690638
0.4547363847,laser0,1062.5,259.7090921,0.2444320867
0.4548242565,laser0,1062.5,259.7448739,0.2444657636
0.4549121282,laser0,1062.5,259.7990745,0.244516776
0.455,laser0,1062.5,259.836575,0.2445520706
0.4550877193,laser0,1062.5,259.8314894,0.2445472841
0.4551754386,laser0,1062.5,259.7905408,0.2445087442
0.4552631579,laser0,1062.5,259.8236471,0.2445399031
0.4553508772,laser0,1062.5,259.8661043,0.2445798629
0.4554385965,laser0,1062.5,259.9187769,0.2446294371
0.4555263158,laser0,1062.5,260.0164254,0.2447213415
0.4556157895,laser0,1062.5,260.0713132,0.2447730007
0.4557052632,laser0,1062.5,260.1655756,0.2448617182
0.4557947368,laser0,1062.5,260.203735,0.2448976329
0.4558842105,laser0,1062.5,260.2805207,0.2449699018
0.4559736842,laser0,1062.5,260.3486162,0.2450339917
0.4560631579,laser0,1062.5,260.4496249,0.2451290588
0.4561506433,laser0,1062.5,260.5322173,0.2452067928
0.4562381287,laser0,1062.5,260.6016568,0.2452721476
0.456325614,laser0,1062.5,260.6563933,0.2453236642
0.4564130994,laser0,1062.5,260.720605,0.2453840988
0.4565005848,laser0,1062.5,260.789843,0.245449264
0.4565880702,laser0,1062.5,260.8476485,0.2455036692
0.4566755556,laser0,1062.5,260.9117515,0.2455640014
0.4567630409,laser0,1062.5,260.9770762,0.2456254834
0.4568505263,laser0,1062.5,261.04562,0.2456899953
0.4569380117,laser0,1062.5,261.1184662,0.2457585565
0.4570254971,laser0,1062.5,261.1920542,0.2458278157
0.4571129825,laser0,1062.5,261.2666498,0.2458980233
0.4572004678,laser0,1062.5,261.3475925,0.2459742047
0.4572879532,laser0,1062.5,261.4150749,0.2460377176
0.4573754386,laser0,1062.5,261.583896,0.246196608
0.457462924,laser0,1062.5,261.6606261,0.2462688245
0.4575504094,laser0,1062.5,261.7423538,0.2463457448
0.4576378947,laser0,1062.5,261.8279243,0.2464262817
0.4577253801,laser0,1062.5,261.915998,0.2465091746
0.4578128655,laser0,1062.5,262.0057173,0.2465936163
0.4579003509,laser0,1062.5,262.0957261,0.2466783305
0.4579878363,laser0,1062.5,262.1851748,0.2467625175
0.4580753216,laser0,1062.5,262.2802273,0.2468519787
0.458162807,laser0,1062.5,262.3711308,0.2469375349
0.4582502924,laser0,1062.5,262.4576942,0.2470190063
0.4583377778,laser0,1062.5,262.5514799,0.2471072752
0.4584252632,laser0,1062.5,262.6733413,0.2472219682
0.4585127485,laser0,1062.5,262.7946761,0.2473361657
0.4586002339,laser0,1062.5,262.9244452,0.2474583014
0.4586877193,laser0,1062.5,263.0488484,0.2475753867
0.4587752047,laser0,1062.5,263.171102,0.2476904489
0.4588626901,laser0,1062.5,263.2856129,0.2477982239
0.4589501754,laser0,1062.5,263.4064829,0.2479119839
0.459045614,laser0,1062.5,263.5229387,0.2480215894
0.4591410526,laser0,1062.5,263.5763001,0.2480718119
0.4592364912,laser0,1062.5,263.7034944,0.2481915242
0.4593319298,laser0,1062.5,263.8331241,0.2483135286
0.4594273684,laser0,1062.5,263.9632711,0.2484360198
0.459522807,laser0,1062.5,264.0922305,0.2485573934
0.4596182456,laser0,1062.5,264.2157472,0.2486736444
0.4597136842,laser0,1062.5,264.3357448,0.2487865834
0.4598091228,laser0,1062.5,264.4591912,0.2489027682
0.4599045614,laser0,1062.5,264.571402,0.2490083784
0.46,laser0,1062.5,264.6867574,0.2491169482
0.4600980392,laser0,1062.5,264.7982571,0.249221889
0.4601960784,laser0,1062.5,264.9252934,0.2493414527
0.4602941176,laser0,1062.5,265.0591592,0.2494674439
0.4603942428,laser0,1062.5,265.2031684,0.249602982
0.460494368,laser0,1062.5,265.3274182,0.249719923
0.4605944931,laser0,1062.5,265.4723941,0.249856371
0.4606946183,laser0,1062.5,265.5937401,0.249970579
0.4607947434,laser0,1062.5,265.7490959,0.2501167961
0.4608948686,laser0,1062.5,265.8939018,0.250253084
0.4609949937,laser0,1062.5,266.0372918,0.2503880394
0.4610951189,laser0,1062.5,266.1692967,0.2505122793
0.4611952441,laser0,1062.5,266.3096695,0.2506443948
0.4612953692,laser0,1062.5,266.4396529,0.2507667322
0.4613954944,laser0,1062.5,263.3336924,0.2478434752
0.4614956195,laser0,1062.5,262.8383611,0.2473772811
0.4615957447,laser0,1062.5,262.7192933,0.2472652172
0.4616958698,laser0,1062.5,262.711609,0.2472579849
0.461795995,laser0,1062.5,262.7644218,0.2473076911
0.4618961202,laser0,1062.5,262.8398293,0.2473786628
0.4619962453,laser0,1062.5,262.9422901,0.2474750965
0.4620963705,laser0,1062.5,263.280624,0.2477935284
0.4621964956,laser0,1062.5,263.4002233,0.2479060926
0.4622966208,laser0,1062.5,263.3276273,0.2478377668
0.4623967459,laser0,1062.5,263.2058629,0.247723165
0.4624968711,laser0,1062.5,263.0151822,0.2475437009
0.4625969962,laser0,1062.5,262.8486555,0.2473869699
0.4626971214,laser0,1062.5,262.6413983,0.2471919043
0.4627972466,laser0,1062.5,262.4298728,0.2469928215
0.4628973717,laser0,1062.5,262.2240856,0.2467991394
0.4629974969,laser0,1062.5,262.0241701,0.2466109836
0.463097622,laser0,1062.5,261.7944118,0.2463947405
0.4631977472,laser0,1062.5,261.6671424,0.2462749575
0.4632978723,laser0,1062.5,261.4854831,0.2461039841
0.4633979975,laser0,1062.5,261.2081037,0.2458429211
0.4634981227,laser0,1062.5,260.9221497,0.2455737879
0.4635982478,laser0,1062.5,260.6610761,0.2453280716
0.463698373,laser0,1062.5,260.6736584,0.2453399138
0.4637984981,laser0,1062.5,260.4994733,0.2451759749
0.4638986233,laser0,1062.5,260.3631122,0.245047635
0.4639987484,laser0,1062.5,260.2874639,0.2449764366
0.4640988736,laser0,1062.5,260.219526,0.244912495
0.4641989987,laser0,1062.5,260.1853655,0.244880344
0.4642991239,laser0,1062.5,260.1420989,0.2448396225
0.4643992491,laser0,1062.5,260.1383405,0.2448360852
0.4644993742,laser0,1062.5,260.172675,0.2448684
0.4645994994,laser0,1062.5,260.2044746,0.2448983291
0.4646996245,laser0,1062.5,260.2382924,0.2449301576
0.4647997497,laser0,1062.5,260.3176687,0.2450048647
0.4648998748,laser0,1062.5,260.3706463,0.2450547259
0.465,laser0,1062.5,260.7167252,0.2453804472
0.4651,laser0,1062.5,261.1893355,0.245825257
0.4652,laser0,1062.5,261.5158428,0.2461325579
0.4653,laser0,1062.5,261.562409,0.246176385
0.4654,laser0,1062.5,261.6086815,0.2462199355
0.4655,laser0,1062.5,261.7650676,0.2463671225
0.4656,laser0,1062.5,261.8225887,0.24642126
0.4657,laser0,1062.5,261.88195,0.2464771294
0.4658,laser0,1062.5,261.9327984,0.2465249868
0.4659,laser0,1062.5,262.0014061,0.2465895586
0.466,laser0,1062.5,262.0652777,0.2466496731
0.4661,laser0,1062.5,262.1394594,0.2467194912
0.4662,laser0,1062.5,262.2107742,0.246786611
0.4663,laser0,1062.5,262.2873243,0.2468586581
0.4664,laser0,1062.5,262.3382064,0.2469065472
0.4665,laser0,1062.5,262.4043428,0.2469687932
0.4666,laser0,1062.5,262.4665549,0.2470273458
0.4667,laser0,1062.5,262.5441947,0.2471004185
0.4668,laser0,1062.5,262.6093338,0.2471617259
0.4669,laser0,1062.5,262.7421058,0.2472866878
0.467,laser0,1062.5,262.8060124,0.2473468352
0.4671,laser0,1062.5,262.8785353,0.247415092
0.4672,laser0,1062.5,262.9348663,0.2474681095
0.4673,laser0,1062.5,262.9893749,0.2475194117
0.4674,laser0,1062.5,263.0279169,0.2475556865
0.4675,laser0,1062.5,263.0729438,0.2475980648
0.4676,laser0,1062.5,263.099178,0.2476227558
0.4677,laser0,1062.5,263.1397836,0.2476609728
0.4678,laser0,1062.5,263.1665507,0.2476861653
0.4679,laser0,1062.5,263.2003199,0.2477179482
0.468,laser0,1062.5,263.2231635,0.247739448
0.4681,laser0,1062.5,263.2552511,0.2477696481
0.4682,laser0,1062.5,263.2783812,0.2477914176
0.4683,laser0,1062.5,263.3182707,0.2478289606
0.4684,laser0,1062.5,263.3185375,0.2478292117
0.4685,laser0,1062.5,263.339289,0.2478487426
0.4686,laser0,1062.5,263.3349652,0.2478446732
0.4687,laser0,1062.5,263.3293615,0.2478393991
0.4688,laser0,1062.5,263.2964744,0.2478084465
0.4689,laser0,1062.5,262.1976795,0.2467742866
0.469,laser0,1062.5,262.099057,0.2466814654
0.4691,laser0,1062.5,262.1223075,0.2467033482
0.4692,laser0,1062.5,262.1428506,0.2467226829
0.4693,laser0,1062.5,262.182339,0.2467598484
0.4694,laser0,1062.5,262.2199707,0.2467952665
0.4695,laser0,1062.5,262.2302699,0.2468049599
0.4696,laser0,1062.5,262.2366505,0.2468109651
0.4697,laser0,1062.5,262.2156256,0.2467911771
0.4698,laser0,1062.5,262.2003794,0.2467768276
0.4699,laser0,1062.5,262.1968157,0.2467734736
0.47,laser0,1062.5,262.1567922,0.2467358044
0.4700909091,laser0,1062.5,262.1230554,0.2467040522
0.4701801653,laser0,1062.5,262.4863583,0.2470459843
0.4702694215,laser0,1062.5,262.4635118,0.2470244817
0.4703586777,laser0,1062.5,262.4550525,0.24701652
0.4704479339,laser0,1062.5,262.4387117,0.2470011404
0.4705354736,laser0,1062.5,262.433145,0.2469959011
0.4706230134,laser0,1062.5,262.3797265,0.246945625
0.4707105531,laser0,1062.5,262.2986485,0.2468693162
0.470796342,laser0,1062.5,261.976828,0.2465664264
0.470882131,laser0,1062.5,261.9253822,0.2465180067
0.4709661691,laser0,1062.5,261.9307625,0.2465230706
0.4710502072,laser0,1062.5,261.9735355,0.2465633276
0.4711324946,laser0,1062.5,262.0053952,0.2465933132
0.4712147819,laser0,1062.5,262.0059403,0.2465938262
0.4712953185,laser0,1062.5,262.0309442,0.2466173592
0.4713758551,laser0,1062.5,262.0286883,0.246615236
0.4714546408,laser0,1062.5,262.0465578,0.2466320544
0.4715334266,laser0,1062.5,262.0135081,0.2466009488
0.4716104615,laser0,1062.5,262.1222058,0.2467032525
0.4716874965,laser0,1062.5,262.1218838,0.2467029495
0.4717645315,laser0,1062.5,262.1650351,0.2467435625
0.4718415664,laser0,1062.5,262.186925,0.2467641647
0.4719186014,laser0,1062.5,262.2169485,0.2467924221
0.4719956364,laser0,1062.5,262.2385909,0.2468127914
0.4720726713,laser0,1062.5,262.2871343,0.2468584793
0.4721497063,laser0,1062.5,262.2876066,0.2468589238
0.4722267413,laser0,1062.5,262.3082676,0.2468783695
0.4723037762,laser0,1062.5,262.2806764,0.2468524014
0.4723808112,laser0,1062.5,262.298055,0.2468687577
0.4724578462,laser0,1062.5,262.2897967,0.2468609851
0.4725348811,laser0,1062.5,262.2471132,0.2468208124
0.4726119161,laser0,1062.5,262.1323039,0.2467127567
0.472688951,laser0,1062.5,262.094175,0.2466768705
0.472765986,laser0,1062.5,262.0603575,0.2466450424
0.472843021,laser0,1062.5,262.0101241,0.2465977639
0.4729200559,laser0,1062.5,261.9544456,0.2465453606
0.4729970909,laser0,1062.5,261.868585,0.2464645506
0.4730741259,laser0,1062.5,261.7747643,0.2463762487
0.4731511608,laser0,1062.5,261.6368198,0.2462464186
0.4732281958,laser0,1062.5,261.5594638,0.2461736129
0.4733052308,laser0,1062.5,261.4165408,0.2460390972
0.4733822657,laser0,1062.5,261.3724746,0.2459976232
0.4734593007,laser0,1062.5,261.2515834,0.2458838432
0.4735326673,laser0,1062.5,261.2043576,0.2458393954
0.473606034,laser0,1062.5,261.1245121,0.2457642467
0.4736794006,laser0,1062.5,261.0631475,0.2457064918
0.4737527672,laser0,1062.5,260.9938109,0.2456412338
0.4738261339,laser0,1062.5,260.9433108,0.2455937043
0.4738995005,laser0,1062.5,260.9143502,0.2455664472
0.4739728671,laser0,1062.5,260.8713268,0.2455259546
0.4740462338,laser0,1062.5,260.8213854,0.2454789509
0.4741196004,laser0,1062.5,260.755003,0.2454164734
0.474192967,laser0,1062.5,260.7028195,0.2453673595
0.4742663337,laser0,1062.5,260.6200457,0.2452894548
0.4743397003,laser0,1062.5,260.5544459,0.2452277138
0.4744130669,laser0,1062.5,260.4670868,0.2451454935
0.4744782817,laser0,1062.5,260.4002156,0.2450825559
0.4745434965,laser0,1062.5,260.3255004,0.2450122356
0.4746087113,laser0,1062.5,260.2745596,0.2449642914
0.4746739261,laser0,1062.5,260.1948556,0.2448892758
0.4747391409,laser0,1062.5,260.1476894,0.2448448842
0.4748043556,laser0,1062.5,260.0789144,0.2447801547
0.4748695704,laser0,1062.5,260.0389852,0.2447425743
0.4749347852,laser0,1062.5,259.9742294,0.2446816277
0.475,laser0,1062.5,259.8844571,0.2445971361
0.4750657895,laser0,1062.5,259.7759954,0.2444950545
0.4751315789,laser0,1062.5,259.6939289,0.2444178154
0.4751973684,laser0,1062.5,258.3481752,0.2431512237
0.4752631579,laser0,1062.5,258.0423046,0.2428633455
0.4753289474,laser0,1062.5,257.9143772,0.2427429432
0.4753938231,laser0,1062.5,257.8220873,0.2426560822
0.4754586988,laser0,1062.5,257.7337525,0.2425729435
0.4755235746,laser0,1062.5,257.6600047,0.2425035339
0.4755884503,laser0,1062.5,257.5667062,0.2424157235
0.475653326,laser0,1062.5,257.4737573,0.2423282422
0.4757182018,laser0,1062.5,257.3824888,0.2422423424
0.4757830775,laser0,1062.5,257.2638041,0.2421306391
0.4758479532,laser0,1062.5,257.1512749,0.2420247293
0.4759128289,laser0,1062.5,257.0265764,0.241907366
0.475976691,laser0,1062.5,256.9318403,0.2418182026
0.4760415831,laser0,1062.5,256.8421095,0.2417337501
0.4761064752,laser0,1062.5,256.7904169,0.2416850982
0.4761713672,laser0,1062.5,256.7546012,0.2416513893
0.4762362593,laser0,1062.5,256.7150727,0.2416141861
0.4763011514,laser0,1062.5,256.6963963,0.2415966083
0.4763660435,laser0,1062.5,256.6678528,0.2415697438
0.4764309356,laser0,1062.5,256.6407579,0.2415442428
0.4764946689,laser0,1062.5,256.642381,0.2415457703
0.4765584021,laser0,1062.5,256.6313035,0.2415353445
0.476623338,laser0,1062.5,256.6379204,0.2415415721
0.4766882738,laser0,1062.5,256.6131045,0.241518216
0.4767532096,laser0,1062.5,256.5975015,0.2415035309
0.4768181454,laser0,1062.5,256.5712256,0.2414788006
0.4768817825,laser0,1062.5,256.509054,0.2414202862
0.4769454196,laser0,1062.5,256.4478755,0.2413627064
0.4770090567,laser0,1062.5,256.3902159,0.2413084384
0.4770726938,laser0,1062.5,256.3439558,0.2412648996
0.4771363308,laser0,1062.5,256.308901,0.2412319069
0.4771999679,laser0,1062.5,256.263027,0.2411887313
0.477263605,laser0,1062.5,256.2249781,0.2411529206
0.4773272421,laser0,1062.5,256.1804873,0.2411110468
0.4773908792,laser0,1062.5,256.1838263,0.2411141895
0.4774561072,laser0,1062.5,256.205985,0.2411350447
0.4775213353,laser0,1062.5,256.2004034,0.2411297914
0.4775865633,laser0,1062.5,256.202082,0.2411313713
0.4776517913,laser0,1062.5,256.2160492,0.2411445169
0.4777170193,laser0,1062.5,256.2297243,0.2411573876
0.4777841658,laser0,1062.5,256.206953,0.2411359558
0.4778513123,laser0,1062.5,256.1920983,0.2411219749
0.4779206248,laser0,1062.5,256.1744668,0.2411053806
0.4779923274,laser0,1062.5,256.1589931,0.241090817
0.47806403,laser0,1062.5,256.1198686,0.241053994
0.4781357326,laser0,1062.5,256.0922298,0.241027981
0.4782074352,laser0,1062.5,256.0726711,0.2410095728
0.4782791378,laser0,1062.5,256.0138854,0.240954245
0.4783508404,laser0,1062.5,255.9730553,0.2409158167
0.478422543,laser0,1062.5,255.926031,0.2408715586
0.4784942455,laser0,1062.5,255.8730158,0.2408216619
0.4785659481,laser0,1062.5,255.8261554,0.240777558
0.4786376507,laser0,1062.5,255.7593559,0.2407146879
0.4787093533,laser0,1062.5,255.7072264,0.2406656249
0.4787810559,laser0,1062.5,255.6617011,0.2406227775
0.4788527585,laser0,1062.5,255.6304948,0.2405934069
0.4789244611,laser0,1062.5,255.5556932,0.2405230054
0.4789961637,laser0,1062.5,255.4947544,0.2404656512
0.4790678663,laser0,1062.5,255.4290079,0.2404037722
0.4791395689,laser0,1062.5,255.3683308,0.2403466643
0.4792112715,laser0,1062.5,255.6614312,0.2406225235
0.4792829741,laser0,1062.5,255.577661,0.2405436809
0.4793546767,laser0,1062.5,255.4943926,0.2404653107
0.4794263793,laser0,1062.5,255.4129419,0.2403886512
0.4794980818,laser0,1062.5,255.3126006,0.2402942124
0.4795697844,laser0,1062.5,255.2296591,0.2402161497
0.479641487,laser0,1062.5,255.1378914,0.2401297802
0.4797131896,laser0,1062.5,255.074279,0.2400699096
0.4797848922,laser0,1062.5,255.0358115,0.2400337049
0.4798565948,laser0,1062.5,254.9795183,0.2399807232
0.4799282974,laser0,1062.5,254.9824126,0.2399834471
0.48,laser0,1062.5,254.9094027,0.239914732
0.4800746269,laser0,1062.5,254.8543535,0.239862921
0.4801504018,laser0,1062.5,254.8509792,0.2398597451
0.4802261768,laser0,1062.5,254.8380725,0.2398475976
0.4803019518,laser0,1062.5,254.8460329,0.2398550898
0.4803777268,laser0,1062.5,254.8602954,0.2398685133
0.4804535017,laser0,1062.5,254.9244489,0.2399288931
0.4805292767,laser0,1062.5,255.1061369,0.2400998936
0.4806050517,laser0,1062.5,255.2445138,0.2402301307
0.4806808266,laser0,1062.5,255.3530814,0.2403323119
0.4807566016,laser0,1062.5,255.3813068,0.240358877
0.4808323766,laser0,1062.5,255.3774487,0.2403552459
0.4809081515,laser0,1062.5,255.3917554,0.2403687109
0.4809839265,laser0,1062.5,255.4156136,0.2403911657
0.4810597015,laser0,1062.5,255.4552917,0.2404285098
0.4811354765,laser0,1062.5,255.4577847,0.2404308562
0.4812112514,laser0,1062.5,255.4901333,0.2404613019
0.4812885728,laser0,1062.5,255.5245541,0.240493698
0.4813658942,laser0,1062.5,255.5773661,0.2405434033
0.4814432156,laser0,1062.5,255.5835205,0.2405491958
0.481520537,laser0,1062.5,255.6223544,0.2405857454
0.4815978584,laser0,1062.5,255.6459817,0.2406079828
0.4816751798,laser0,1062.5,255.3272361,0.2403079869
0.4817525012,laser0,1062.5,255.393355,0.2403702165
0.4818298226,laser0,1062.5,255.4205019,0.2403957665
0.481907144,laser0,1062.5,255.4686938,0.2404411236
0.4819844654,laser0,1062.5,255.4990927,0.2404697343
0.4820617868,laser0,1062.5,255.5465016,0.2405143544
0.4821391082,laser0,1062.5,255.6209323,0.2405844069
0.4822164296,laser0,1062.5,255.6663449,0.2406271481
0.482293751,laser0,1062.5,255.7323617,0.2406892816
0.4823710724,laser0,1062.5,255.7818039,0.2407358155
0.4824483938,laser0,1062.5,255.8511631,0.2408010947
0.4825257152,laser0,1062.5,255.921325,0.2408671294
0.4826030366,laser0,1062.5,255.9605309,0.2409040291
0.482680358,laser0,1062.5,256.0196162,0.2409596388
0.4827576794,laser0,1062.5,256.0519902,0.2409901085
0.4828350008,laser0,1062.5,256.1037753,0.2410388473
0.4829123222,laser0,1062.5,256.1658778,0.2410972967
0.4829896436,laser0,1062.5,256.2060019,0.2411350606
0.483066965,laser0,1062.5,256.2642279,0.2411898616
0.4831442864,laser0,1062.5,256.2982992,0.2412219287
0.4832216078,laser0,1062.5,256.3446683,0.2412655702
0.4832989292,laser0,1062.5,256.411321,0.2413283021
0.4833762506,laser0,1062.5,256.4508673,0.2413655221
0.483453572,laser0,1062.5,256.5092159,0.2414204385
0.4835308934,laser0,1062.5,256.5598738,0.2414681165
0.4836082148,laser0,1062.5,256.6202029,0.2415248968
0.4836855362,laser0,1062.5,256.6930669,0.2415934747
0.4837628576,laser0,1062.5,256.730693,0.2416288875
0.483840179,laser0,1062.5,256.7828229,0.241677951
0.4839175004,laser0,1062.5,256.8201312,0.2417130647
0.4839948218,laser0,1062.5,256.8724672,0.241762322
0.4840721432,laser0,1062.5,256.9373113,0.2418233518
0.4841494646,laser0,1062.5,256.9622407,0.2418468148
0.484226786,laser0,1062.5,257.0049106,0.2418869747
0.4843041074,laser0,1062.5,257.0311663,0.2419116859
0.4843814288,laser0,1062.5,257.0659315,0.2419444062
0.4844587502,laser0,1062.5,257.1134931,0.24198917
0.4845360716,laser0,1062.5,257.1267775,0.2420016729
0.484613393,laser0,1062.5,257.161488,0.2420343416
0.4846907144,laser0,1062.5,257.1817747,0.242053435
0.4847680358,laser0,1062.5,257.2148335,0.2420845492
0.4848453572,laser0,1062.5,257.2553606,0.2421226924
0.4849226786,laser0,1062.5,257.253429,0.2421208744
0.485,laser0,1062.5,257.2959111,0.2421608575
0.4850746269,laser0,1062.5,257.3091804,0.2421733462
0.4851492537,laser0,1062.5,257.3309537,0.2421938388
0.4852227499,laser0,1062.5,257.4269743,0.2422842111
0.485296246,laser0,1062.5,257.4619349,0.2423171152
0.4853697422,laser0,1062.5,257.5030058,0.2423557702
0.4854432384,laser0,1062.5,257.5378174,0.242388534
0.4855167345,laser0,1062.5,257.5709984,0.2424197632
0.4855902307,laser0,1062.5,257.5413705,0.2423918781
0.4856637268,laser0,1062.5,257.5307607,0.2423818924
0.485737223,laser0,1062.5,257.5009708,0.2423538549
0.4858107191,laser0,1062.5,257.4876705,0.242341337
0.4858842153,laser0,1062.5,257.4481357,0.2423041277
0.4859577114,laser0,1062.5,257.4283108,0.242285469
0.4860325686,laser0,1062.5,257.434196,0.242291008
0.4861074258,laser0,1062.5,257.4215214,0.2422790789
0.486182283,laser0,1062.5,257.7280982,0.2425676218
0.4862571402,laser0,1062.5,257.6665748,0.2425097175
0.4863319974,laser0,1062.5,257.6302708,0.2424755489
0.4864084141,laser0,1062.5,257.6057734,0.2424524926
0.4864848309,laser0,1062.5,257.6158589,0.2424619849
0.4865612476,laser0,1062.5,257.5999799,0.2424470399
0.4866376643,laser0,1062.5,257.6079555,0.2424545463
0.4867158582,laser0,1062.5,257.5913946,0.2424389596
0.486794052,laser0,1062.5,257.6038102,0.2424506449
0.4868722459,laser0,1062.5,257.5959982,0.2424432924
0.4869504397,laser0,1062.5,257.6026057,0.2424495112
0.4870286336,laser0,1062.5,257.6050921,0.2424518514
0.4871068274,laser0,1062.5,257.611557,0.242457936
0.4871850213,laser0,1062.5,257.6221866,0.2424679403
0.4872632151,laser0,1062.5,257.6527244,0.2424966818
0.487341409,laser0,1062.5,257.6773495,0.2425198584
0.4874196028,laser0,1062.5,257.6978248,0.2425391292
0.4874977967,laser0,1062.5,257.7675099,0.2426047152
0.4875759905,laser0,1062.5,257.7451151,0.2425836377
0.4876517408,laser0,1062.5,257.7403582,0.2425791606
0.4877274911,laser0,1062.5,257.7419411,0.2425806504
0.4878032414,laser0,1062.5,257.7523853,0.2425904802
0.4878789917,laser0,1062.5,257.7530633,0.2425911184
0.487954742,laser0,1062.5,257.7511511,0.2425893187
0.4880304923,laser0,1062.5,257.7587673,0.2425964869
0.4881062426,laser0,1062.5,257.7633177,0.2426007696
0.4881819929,laser0,1062.5,258.0391019,0.2428603312
0.4882577432,laser0,1062.5,258.0806744,0.2428994582
0.4883334935,laser0,1062.5,258.0248262,0.2428468953
0.4884092438,laser0,1062.5,257.9725366,0.2427976815
0.4884849941,laser0,1062.5,257.7244176,0.2425641577
0.4885607444,laser0,1062.5,257.5297332,0.2423809253
0.4886364947,laser0,1062.5,257.4178475,0.2422756212
0.488712245,laser0,1062.5,257.3742145,0.2422345548
0.4887879953,laser0,1062.5,257.3537839,0.242215326
0.4888637456,laser0,1062.5,257.3102669,0.2421743689
0.4889394959,laser0,1062.5,257.2922751,0.2421574354
0.4890152462,laser0,1062.5,257.3288354,0.2421918451
0.4890909965,laser0,1062.5,257.4089851,0.2422672801
0.4891667467,laser0,1062.5,257.2596446,0.2421267243
0.489242497,laser0,1062.5,257.2145363,0.2420842695
0.4893182473,laser0,1062.5,257.9045548,0.2427336987
0.4893939976,laser0,1062.5,257.8968811,0.2427264763
0.4894697479,laser0,1062.5,257.8645742,0.2426960698
0.4895454982,laser0,1062.5,257.9041882,0.2427333536
0.4896212485,laser0,1062.5,258.0420987,0.2428631518
0.4896969988,laser0,1062.5,258.1193453,0.2429358544
0.4897727491,laser0,1062.5,258.1210448,0.2429374539
0.4898484994,laser0,1062.5,258.1455542,0.2429605216
0.4899242497,laser0,1062.5,258.2560856,0.2430645511
0.49,laser0,1062.5,258.2466517,0.2430556722
0.4900757576,laser0,1062.5,258.2860868,0.2430927876
0.4901515152,laser0,1062.5,258.2911638,0.2430975659
0.4902284752,laser0,1062.5,258.3273309,0.2431316055
0.4903054353,laser0,1062.5,258.3940523,0.2431944022
0.4903823954,laser0,1062.5,258.4142322,0.243213395
0.4904620093,laser0,1062.5,258.4770926,0.2432725578
0.4905430448,laser0,1062.5,258.4896164,0.2432843448
0.4906226333,laser0,1062.5,258.4662331,0.2432623371
0.4907036956,laser0,1062.5,258.4696464,0.2432655495
0.490784758,laser0,1062.5,258.4650487,0.2432612223
0.4908658203,laser0,1062.5,258.0471035,0.2428678621
0.4909468827,laser0,1062.5,258.0395333,0.2428607372
0.4910295994,laser0,1062.5,257.4870751,0.2423407766
0.491112316,laser0,1062.5,257.5105836,0.2423629022
0.4911950327,laser0,1062.5,257.538372,0.242389056
0.4912777494,laser0,1062.5,257.5714754,0.2424202121
0.491362346,laser0,1062.5,255.2526104,0.240237751
0.4914469426,laser0,1062.5,254.8056579,0.2398170898
0.4915336025,laser0,1062.5,254.7528841,0.2397674204
0.4916202625,laser0,1062.5,255.3103187,0.2402920646
0.4917069224,laser0,1062.5,255.4416899,0.2404157081
0.4917959245,laser0,1062.5,255.5802423,0.2405461104
0.4918849266,laser0,1062.5,255.8470562,0.2407972293
0.4919739287,laser0,1062.5,255.9950861,0.2409365517
0.4920629308,laser0,1062.5,256.1378514,0.241070919
0.4921547142,laser0,1062.5,256.280581,0.2412052527
0.4922495571,laser0,1062.5,256.4679942,0.2413816416
0.4923412385,laser0,1062.5,256.5592103,0.2414674921
0.4924329199,laser0,1062.5,256.6059221,0.2415114561
0.4925246014,laser0,1062.5,256.599669,0.2415055709
0.4926162828,laser0,1062.5,256.563481,0.2414715115
0.4927079642,laser0,1062.5,256.5020892,0.241413731
0.4928034657,laser0,1062.5,256.4378516,0.2413532721
0.4928989672,laser0,1062.5,256.3481397,0.2412688374
0.4929944687,laser0,1062.5,256.2043099,0.2411334682
0.4930899702,laser0,1062.5,256.0062459,0.2409470549
0.4931904981,laser0,1062.5,256.0146284,0.2409549443
0.493291026,laser0,1062.5,255.7913805,0.2407448287
0.4933915538,laser0,1062.5,255.5421227,0.2405102332
0.4934920817,laser0,1062.5,255.2670551,0.240251346
0.4935863266,laser0,1062.5,254.951805,0.23995464
0.4936805715,laser0,1062.5,254.6807029,0.2396994851
0.4937748164,laser0,1062.5,254.4767809,0.2395075585
0.4938690613,laser0,1062.5,254.3281618,0.2393676816
0.4939633062,laser0,1062.5,254.2250044,0.2392705924
0.4940575511,laser0,1062.5,254.1439882,0.2391943418
0.494151796,laser0,1062.5,254.1886165,0.239236345
0.4942460409,laser0,1062.5,254.1137449,0.2391658775
0.4943402858,laser0,1062.5,254.0748905,0.2391293087
0.4944345306,laser0,1062.5,254.0339679,0.2390907933
0.4945287755,laser0,1062.5,254.01785,0.2390756235
0.4946230204,laser0,1062.5,254.0044696,0.2390630302
0.4947172653,laser0,1062.5,254.006174,0.2390646344
0.4948115102,laser0,1062.5,254.0188788,0.2390765918
0.4949057551,laser0,1062.5,254.0366848,0.2390933504
0.495,laser0,1062.5,254.0630076,0.2391181248
0.4951,laser0,1062.5,254.1375857,0.239188316
0.4952,laser0,1062.5,254.4697604,0.239500951
0.4952979592,laser0,1062.5,254.5238682,0.239551876
0.4953939192,laser0,1062.5,254.5563627,0.2395824591
0.4954898792,laser0,1062.5,254.603577,0.239626896
0.4955858392,laser0,1062.5,254.662329,0.239682192
0.4956817993,laser0,1062.5,254.7344599,0.2397500799
0.4957777593,laser0,1062.5,254.8103821,0.2398215361
0.4958737193,laser0,1062.5,254.8969813,0.2399030412
0.4959696793,laser0,1062.5,254.98963,0.23999024
0.4960704373,laser0,1062.5,255.1045065,0.2400983591
0.4961686764,laser0,1062.5,255.2076516,0.2401954368
0.4962669155,laser0,1062.5,255.3180886,0.2402993775
0.4963626356,laser0,1062.5,255.4068071,0.2403828773
0.4964583557,laser0,1062.5,255.5093593,0.2404793969
0.4965540758,laser0,1062.5,255.6288819,0.2405918888
0.4966497959,laser0,1062.5,255.7441968,0.2407004205
0.496745516,laser0,1062.5,255.8577574,0.2408073011
0.4968412362,laser0,1062.5,255.974846,0.2409175021
0.4969369563,laser0,1062.5,256.1378234,0.2410708926
0.4970357641,laser0,1062.5,256.2909263,0.2412149895
0.497134572,laser0,1062.5,256.4586441,0.2413728415
0.4972300863,laser0,1062.5,256.9168728,0.2418041156
0.4973256005,laser0,1062.5,257.0087946,0.2418906302
0.4974211148,laser0,1062.5,257.0947866,0.2419715639
0.4975166291,laser0,1062.5,257.18153,0.2420532047
0.4976121433,laser0,1062.5,257.2560896,0.2421233784
0.4977076576,laser0,1062.5,257.3299799,0.2421929223
0.4978031719,laser0,1062.5,257.4814424,0.2423354752
0.4978986861,laser0,1062.5,257.5348211,0.242385714
0.4979987487,laser0,1062.5,257.5776132,0.2424259889
0.4980940464,laser0,1062.5,257.6688195,0.2425118301
0.4981893441,laser0,1062.5,257.6896848,0.2425314681
0.4982846417,laser0,1062.5,257.6777326,0.2425202189
0.4983799394,laser0,1062.5,257.6812275,0.2425235083
0.4984752371,laser0,1062.5,257.6774591,0.2425199615
0.4985705348,laser0,1062.5,257.6733161,0.2425160622
0.4986598764,laser0,1062.5,257.6689728,0.2425119744
0.4987492179,laser0,1062.5,257.6584964,0.2425021143
0.4988385595,laser0,1062.5,256.5583656,0.241466697
0.4989353462,laser0,1062.5,256.5495336,0.2414583846
0.4990321329,laser0,1062.5,256.8327831,0.2417249723
0.4991289196,laser0,1062.5,257.0886218,0.2419657617
0.4992160277,laser0,1062.5,257.3581268,0.2422194135
0.4993031357,laser0,1062.5,257.6395036,0.2424842387
0.4994026877,laser0,1062.5,258.4129284,0.2432121679
0.4995022398,laser0,1062.5,258.8279498,0.2436027763
0.4996017918,laser0,1062.5,259.1647412,0.2439197564
0.4997013439,laser0,1062.5,259.263727,0.2440129195
0.4998008959,laser0,1062.5,259.3090983,0.244055622
0.499900448,laser0,1062.5,259.4182631,0.2441583652
0.5,laser0,1062.5,259.4281394,0.2441676606
0.5000909091,laser0,1062.5,259.4957986,0.2442313399
0.5001801653,laser0,1062.5,259.5500586,0.2442824081
0.5002694215,laser0,1062.5,259.6204738,0.2443486812
0.5003570248,laser0,1062.5,259.5222611,0.2442562457
0.5004446281,laser0,1062.5,259.6209992,0.2443491758
0.5005322314,laser0,1062.5,259.7758194,0.2444948888
0.5006198347,laser0,1062.5,259.9133699,0.2446243481
0.500707438,laser0,1062.5,260.012235,0.2447173977
0.5007950413,laser0,1062.5,260.165581,0.2448617233
0.5008845085,laser0,1062.5,260.1839359,0.2448789985
0.5009739757,laser0,1062.5,260.211201,0.2449046598
0.5010634429,laser0,1062.5,260.2659265,0.2449561661
0.5011549908,laser0,1062.5,260.3390281,0.2450249676
0.5012465386,laser0,1062.5,260.4155925,0.2450970283
0.5013380865,laser0,1062.5,260.6529589,0.2453204319
0.5014296343,laser0,1062.5,260.7149471,0.2453787737
0.5015211821,laser0,1062.5,260.7901036,0.2454495093
0.50161273,laser0,1062.5,260.8666399,0.2455215434
0.5017042778,laser0,1062.5,260.9889675,0.2456366753
0.5017958256,laser0,1062.5,260.9550011,0.2456047069
0.5018873735,laser0,1062.5,261.0225803,0.2456683109
0.5019789213,laser0,1062.5,261.1099291,0.2457505215
0.5020704692,laser0,1062.5,261.489224,0.246107505
0.502162017,laser0,1062.5,261.5671764,0.2461808719
0.5022535648,laser0,1062.5,261.650952,0.2462597196
0.5023451127,laser0,1062.5,261.7371937,0.2463408882
0.5024366605,laser0,1062.5,261.8519263,0.2464488718
0.5025282084,laser0,1062.5,261.9167525,0.2465098847
0.5026197562,laser0,1062.5,261.9595778,0.2465501908
0.5027079134,laser0,1062.5,261.8683423,0.2464643222
0.5027960706,laser0,1062.5,261.9061771,0.2464999314
0.5028842277,laser0,1062.5,261.8465365,0.2464437991
0.5029688586,laser0,1062.5,261.8496614,0.2464467401
0.5030534895,laser0,1062.5,261.7829284,0.2463839326
0.5031381204,laser0,1062.5,261.764126,0.2463662362
0.5032190717,laser0,1062.5,261.5527343,0.2461672793
0.503300023,laser0,1062.5,261.4772685,0.2460962527
0.5033809743,laser0,1062.5,261.3528651,0.2459791672
0.5034619255,laser0,1062.5,261.4197486,0.2460421163
0.5035428768,laser0,1062.5,261.2135049,0.2458480046
0.5036238281,laser0,1062.5,261.1677525,0.2458049435
0.5037047794,laser0,1062.5,261.0948869,0.2457363642
0.5037809689,laser0,1062.5,261.0479977,0.2456922332
0.5038571583,laser0,1062.5,260.9890522,0.2456367551
0.5039333477,laser0,1062.5,260.9317172,0.2455827926
0.5040095372,laser0,1062.5,260.8439318,0.2455001711
0.5040857266,laser0,1062.5,260.7463528,0.2454083321
0.5041619161,laser0,1062.5,260.6442616,0.2453122462
0.5042457245,laser0,1062.5,260.6072072,0.2452773715
0.5043295329,laser0,1062.5,260.4107792,0.245092498
0.5044040292,laser0,1062.5,260.3523746,0.245037529
0.5044785256,laser0,1062.5,260.2390236,0.2449308457
0.5045530219,laser0,1062.5,260.1522643,0.24484919
0.5046275183,laser0,1062.5,260.0397358,0.2447432808
0.5047020146,laser0,1062.5,259.9645353,0.2446725038
0.504776511,laser0,1062.5,259.5852352,0.2443155155
0.5048510073,laser0,1062.5,259.520453,0.244254544
0.5049255037,laser0,1062.5,259.4622429,0.244199758
0.505,laser0,1062.5,259.3872344,0.2441291618
0.5050793651,laser0,1062.5,259.5692569,0.244300477
0.50515625,laser0,1062.5,259.4860852,0.2442221979
0.5052331349,laser0,1062.5,258.1540742,0.2429685405
0.5053100198,laser0,1062.5,257.9057233,0.2427347984
0.5053856647,laser0,1062.5,257.7460712,0.2425845376
0.5054625703,laser0,1062.5,257.6931038,0.2425346859
0.5055394759,laser0,1062.5,257.6072458,0.2424538784
0.5056163814,laser0,1062.5,257.5554688,0.2424051471
0.505693287,laser0,1062.5,257.4665955,0.2423215017
0.5057745458,laser0,1062.5,257.4241087,0.2422815141
0.5058542713,laser0,1062.5,257.3240132,0.2421873065
0.5059339969,laser0,1062.5,257.2446264,0.2421125896
0.5060137224,laser0,1062.5,257.1730795,0.2420452513
0.506093448,laser0,1062.5,257.094539,0.2419713308
0.5061731735,laser0,1062.5,257.0296881,0.2419102947
0.5062545954,laser0,1062.5,256.9650912,0.2418494976
0.5063360172,laser0,1062.5,256.9016271,0.2417897667
0.5064192895,laser0,1062.5,256.8440979,0.2417356215
0.5065045446,laser0,1062.5,256.8077179,0.2417013816
0.5065919309,laser0,1062.5,256.8128369,0.2417061994
0.5066793173,laser0,1062.5,256.7442463,0.2416416436
0.5067690655,laser0,1062.5,256.7084511,0.241607954
0.5068613779,laser0,1062.5,256.2790849,0.2412038446
0.5069564877,laser0,1062.5,256.2716024,0.2411968023
0.5070546655,laser0,1062.5,256.2564453,0.2411825368
0.5071528433,laser0,1062.5,256.2229531,0.2411510147
0.5072510211,laser0,1062.5,256.1633739,0.2410949401
0.5073491989,laser0,1062.5,256.0586003,0.2409963297
0.5074473768,laser0,1062.5,255.9457608,0.2408901278
0.5075455546,laser0,1062.5,255.858717,0.2408082042
0.5076437324,laser0,1062.5,255.8017051,0.240754546
0.5077419102,laser0,1062.5,255.7519588,0.2407077259
0.507840088,laser0,1062.5,255.6903335,0.2406497257
0.5079382658,laser0,1062.5,255.6186233,0.2405822337
0.5080364437,laser0,1062.5,255.5396287,0.2405078858
0.5081346215,laser0,1062.5,255.4797454,0.2404515251
0.5082327993,laser0,1062.5,255.8435859,0.2407939632
