time_s,laser,input_power_W,deposited_power_W,absorptivity
1.199760048e-09,laser0,0,0,0
2.639817858e-09,laser0,0,0,0
4.367638085e-09,laser0,0,0,0
6.439945833e-09,laser0,0,0,0
8.925681562e-09,laser0,0,0,0
1.190633174e-08,laser0,0,0,0
1.548203978e-08,laser0,0,0,0
1.976825567e-08,laser0,0,0,0
2.491171475e-08,laser0,0,0,0
3.108386564e-08,laser0,0,0,0
3.848580599e-08,laser0,0,0,0
4.736143583e-08,laser0,0,0,0
5.803159192e-08,laser0,0,0,0
7.080769987e-08,laser0,0,0,0
8.611874987e-08,laser0,0,0,0
1.045214542e-07,laser0,0,0,0
1.265619024e-07,laser0,0,0,0
1.529483545e-07,laser0,0,0,0
1.847940725e-07,laser0,0,0,0
2.234154752e-07,laser0,0,0,0
2.701676996e-07,laser0,0,0,0
3.259687415e-07,laser0,0,0,0
3.929299918e-07,laser0,0,0,0
4.732834923e-07,laser0,0,0,0
5.68703274e-07,laser0,0,0,0
6.788030221e-07,laser0,0,0,0
8.109227199e-07,laser0,0,0,0
9.595573799e-07,laser0,0,0,0
1.132964483e-06,laser0,0,0,0
1.349723362e-06,laser0,0,0,0
1.566482242e-06,laser0,0,0,0
1.199760048e-09,laser0,0,0,0
2.639817858e-09,laser0,0,0,0
4.367638085e-09,laser0,0,0,0
6.439945833e-09,laser0,0,0,0
8.925681562e-09,laser0,0,0,0
1.190633174e-08,laser0,0,0,0
1.548203978e-08,laser0,0,0,0
1.976825567e-08,laser0,0,0,0
2.491171475e-08,laser0,0,0,0
3.108386564e-08,laser0,0,0,0
3.848580599e-08,laser0,0,0,0
4.736143583e-08,laser0,0,0,0
5.803159192e-08,laser0,0,0,0
7.080769987e-08,laser0,0,0,0
8.611874987e-08,laser0,0,0,0
1.045214542e-07,laser0,0,0,0
1.265619024e-07,laser0,0,0,0
1.529483545e-07,laser0,0,0,0
1.847940725e-07,laser0,0,0,0
2.234154752e-07,laser0,0,0,0
2.701676996e-07,laser0,0,0,0
3.259687415e-07,laser0,0,0,0
3.929299918e-07,laser0,0,0,0
4.732834923e-07,laser0,0,0,0
5.68703274e-07,laser0,0,0,0
6.788030221e-07,laser0,0,0,0
8.109227199e-07,laser0,0,0,0
9.595573799e-07,laser0,0,0,0
1.132964483e-06,laser0,0,0,0
1.349723362e-06,laser0,0,0,0
1.566482242e-06,laser0,0,0,0
1.783241121e-06,laser0,0,0,0
2e-06,laser0,0,0,0
2.25e-06,laser0,0,0,0
2.541666667e-06,laser0,0,0,0
2.90625e-06,laser0,0,0,0
3.270833333e-06,laser0,0,0,0
3.635416667e-06,laser0,0,0,0
4e-06,laser0,0,0,0
4.4e-06,laser0,0,0,0
4.933333333e-06,laser0,0,0,0
5.466666667e-06,laser0,0,0,0
6e-06,laser0,0,0,0
6.666666667e-06,laser0,0,0,0
7.333333333e-06,laser0,0,0,0
8e-06,laser0,0,0,0
8.666666667e-06,laser0,0,0,0
9.333333333e-06,laser0,0,0,0
1e-05,laser0,0,0,0
1.066666667e-05,laser0,0,0,0
1.133333333e-05,laser0,0,0,0
1.2e-05,laser0,0,0,0
1.3e-05,laser0,0,0,0
1.4e-05,laser0,0,0,0
1.5e-05,laser0,0,0,0
1.6e-05,laser0,0,0,0
1.7e-05,laser0,0,0,0
1.8e-05,laser0,0,0,0
1.9e-05,laser0,0,0,0
2e-05,laser0,0,0,0
1.200120012e-09,laser0,0,0,0
2.640091161e-09,laser0,0,0,0
4.368305561e-09,laser0,0,0,0
6.441804106e-09,laser0,0,0,0
8.930002358e-09,laser0,0,0,0
1.191509585e-08,laser0,0,0,0
1.549828085e-08,laser0,0,0,0
1.979655671e-08,laser0,0,0,0
2.495226065e-08,laser0,0,0,0
3.113429446e-08,laser0,0,0,0
3.855273503e-08,laser0,0,0,0
4.745486371e-08,laser0,0,0,0
5.813741814e-08,laser0,0,0,0
7.093567327e-08,laser0,0,0,0
8.62835808e-08,laser0,0,0,0
1.047445073e-07,laser0,0,0,0
1.268766408e-07,laser0,0,0,0
1.53404883e-07,laser0,0,0,0
1.851949253e-07,laser0,0,0,0
2.23342976e-07,laser0,0,0,0
2.688448679e-07,laser0,0,0,0
3.237147963e-07,laser0,0,0,0
3.893627463e-07,laser0,0,0,0
4.678548606e-07,laser0,0,0,0
5.608060484e-07,laser0,0,0,0
6.717477888e-07,laser0,0,0,0
8.048778773e-07,laser0,0,0,0
9.646339834e-07,laser0,0,0,0
1.154344359e-06,laser0,0,0,0
1.373240947e-06,laser0,0,0,0
1.635916852e-06,laser0,0,0,0
1.931427246e-06,laser0,0,0,0
2.276189372e-06,laser0,0,0,0
2.707142029e-06,laser0,0,0,0
3.138094686e-06,laser0,0,0,0
3.569047343e-06,laser0,0,0,0
4e-06,laser0,0,0,0
4.5e-06,laser0,0,0,0
5.083333333e-06,laser0,0,0,0
5.8125e-06,laser0,0,0,0
6.541666667e-06,laser0,0,0,0
7.270833333e-06,laser0,0,0,0
8e-06,laser0,0,0,0
8.8e-06,laser0,0,0,0
9.6e-06,laser0,0,0,0
1.04e-05,laser0,0,0,0
1.12e-05,laser0,0,0,0
1.2e-05,laser0,0,0,0
1.3e-05,laser0,0,0,0
1.4e-05,laser0,0,0,0
1.5e-05,laser0,0,0,0
1.6e-05,laser0,0,0,0
1.7e-05,laser0,0,0,0
1.8e-05,laser0,0,0,0
1.9e-05,laser0,0,0,0
2e-05,laser0,0,0,0
2.1e-05,laser0,0,0,0
2.2e-05,laser0,0,0,0
2.3e-05,laser0,0,0,0
2.4e-05,laser0,0,0,0
2.5e-05,laser0,0,0,0
2.6e-05,laser0,0,0,0
2.7e-05,laser0,0,0,0
2.8e-05,laser0,0,0,0
2.9e-05,laser0,0,0,0
3e-05,laser0,0,0,0
3.1e-05,laser0,0,0,0
3.2e-05,laser0,0,0,0
3.3e-05,laser0,0,0,0
3.4e-05,laser0,0,0,0
3.5e-05,laser0,0,0,0
3.6e-05,laser0,0,0,0
3.68e-05,laser0,0,0,0
3.786666667e-05,laser0,0,0,0
3.893333333e-05,laser0,0,0,0
4e-05,laser0,0,0,0
4.1e-05,laser0,0,0,0
4.2e-05,laser0,0,0,0
4.3e-05,laser0,0,0,0
4.4e-05,laser0,0,0,0
4.48e-05,laser0,0,0,0
4.56e-05,laser0,0,0,0
4.64e-05,laser0,0,0,0
4.72e-05,laser0,0,0,0
4.8e-05,laser0,0,0,0
4.9e-05,laser0,0,0,0
5e-05,laser0,0,0,0
5.1e-05,laser0,0,0,0
5.15e-05,laser0,0,0,0
5.2e-05,laser0,0,0,0
5.257142857e-05,laser0,0,0,0
5.325714286e-05,laser0,0,0,0
5.394285714e-05,laser0,0,0,0
5.462857143e-05,laser0,0,0,0
5.531428571e-05,laser0,0,0,0
5.6e-05,laser0,0,0,0
5.68e-05,laser0,0,0,0
5.76e-05,laser0,0,0,0
5.84e-05,laser0,0,0,0
5.92e-05,laser0,0,0,0
6e-05,laser0,0,0,0
1.200048002e-09,laser0,156,56.99910355,0.3653788689
2.640174741e-09,laser0,156,56.99910355,0.3653788689
4.368326829e-09,laser0,156,56.99910355,0.3653788689
6.442109334e-09,laser0,156,56.99910355,0.3653788689
8.930545063e-09,laser0,156,56.99910355,0.3653788689
1.19165192e-08,laser0,156,56.99910355,0.3653788689
1.5500331e-08,laser0,156,56.99910355,0.3653788689
1.980028779e-08,laser0,156,56.99910355,0.3653788689
2.496068061e-08,laser0,156,56.99910355,0.3653788689
3.115251134e-08,laser0,156,56.99910355,0.3653788689
3.858086268e-08,laser0,156,56.99910355,0.3653788689
4.749089768e-08,laser0,156,56.99910355,0.3653788689
5.818102561e-08,laser0,156,56.99910355,0.3653788689
7.100917913e-08,laser0,156,56.99910355,0.3653788689
8.640296335e-08,laser0,156,56.99910355,0.3653788689
1.048640379e-07,laser0,156,56.99910355,0.3653788689
1.270008074e-07,laser0,156,56.99910355,0.3653788689
1.535411278e-07,laser0,156,56.99910355,0.3653788689
1.854066905e-07,laser0,156,56.99910355,0.3653788689
2.235957695e-07,laser0,156,56.99910355,0.3653788689
2.694943809e-07,laser0,156,56.99910355,0.3653788689
3.24468989e-07,laser0,156,56.99910355,0.3653788689
3.902889278e-07,laser0,156,56.99910355,0.3653788689
4.690570513e-07,laser0,156,56.99910355,0.3653788689
5.634228231e-07,laser0,156,56.99910355,0.3653788689
6.77116524e-07,laser0,156,56.99910355,0.3653788689
8.142177516e-07,laser0,156,56.99910355,0.3653788689
9.782495775e-07,laser0,156,56.99910355,0.3653788689
1.174374587e-06,laser0,156,56.99910355,0.3653788689
1.406627887e-06,laser0,156,56.99910355,0.3653788689
1.683833439e-06,laser0,156,56.99910355,0.3653788689
2.016480101e-06,laser0,156,56.99910355,0.3653788689
2.415656096e-06,laser0,156,56.99910355,0.3653788689
2.88967759e-06,laser0,156,56.99910355,0.3653788689
3.436625468e-06,laser0,156,56.99910355,0.3653788689
4.092962921e-06,laser0,156,56.99910355,0.3653788689
4.831342556e-06,laser0,156,56.99910355,0.3653788689
5.692785463e-06,laser0,156,56.99910355,0.3653788689
6.769589098e-06,laser0,156,56.99910355,0.3653788689
7.846392732e-06,laser0,156,56.99910355,0.3653788689
8.923196366e-06,laser0,156,56.99910355,0.3653788689
1e-05,laser0,156,56.99910355,0.3653788689
1.1e-05,laser0,156,56.99910355,0.3653788689
1.19e-05,laser0,156,56.99908544,0.3653787528
1.28e-05,laser0,156,56.99902923,0.3653783925
1.37e-05,laser0,156,56.99881079,0.3653769923
1.427272727e-05,laser0,156,56.99874202,0.3653765514
1.490909091e-05,laser0,156,56.9986832,0.3653761743
1.563636364e-05,laser0,156,56.99861746,0.3653757529
1.650909091e-05,laser0,156,56.99844835,0.3653746689
1.738181818e-05,laser0,156,56.99845092,0.3653746854
1.825454545e-05,laser0,156,56.99836737,0.3653741498
1.912727273e-05,laser0,156,56.99838402,0.3653742565
2e-05,laser0,156,56.99858256,0.3653755293
2.1e-05,laser0,156,56.99840914,0.3653744176
2.2e-05,laser0,156,56.9983798,0.3653742295
2.3e-05,laser0,156,56.99818957,0.3653730101
2.4e-05,laser0,156,56.99815499,0.3653727884
2.5e-05,laser0,156,56.9982261,0.3653732443
2.583333333e-05,laser0,156,56.99805977,0.365372178
2.6875e-05,laser0,156,56.99796344,0.3653715605
2.791666667e-05,laser0,156,56.99792048,0.3653712852
2.895833333e-05,laser0,156,56.99817519,0.3653729179
3e-05,laser0,156,56.99802803,0.3653719745
3.083333333e-05,laser0,156,56.99781711,0.3653706225
3.175e-05,laser0,156,56.99844969,0.3653746775
3.25e-05,laser0,156,56.9978831,0.3653710455
3.333333333e-05,laser0,156,56.99814094,0.3653726983
3.416666667e-05,laser0,156,56.99862134,0.3653757778
3.5e-05,laser0,156,56.99864222,0.3653759117
3.571428571e-05,laser0,156,56.9986362,0.365375873
3.642857143e-05,laser0,156,56.99923615,0.3653797189
3.714285714e-05,laser0,156,56.99915291,0.3653791853
3.785714286e-05,laser0,156,56.9990695,0.3653786506
3.839285714e-05,laser0,156,56.99885728,0.3653772903
3.892857143e-05,laser0,156,56.99856219,0.3653753987
3.946428571e-05,laser0,156,56.9982887,0.3653736455
4e-05,laser0,156,56.99799787,0.3653717812
4.047619048e-05,laser0,156,56.9977895,0.3653704455
4.095238095e-05,laser0,156,56.99766107,0.3653696223
4.14047619e-05,laser0,156,56.99756688,0.3653690185
4.183452381e-05,laser0,156,56.9975116,0.3653686641
4.226428571e-05,laser0,156,56.99752451,0.3653687469
4.269404762e-05,laser0,156,56.99759859,0.3653692217
4.312380952e-05,laser0,156,56.99772365,0.3653700234
4.355357143e-05,laser0,156,56.99786379,0.3653709217
4.398333333e-05,laser0,156,56.99796732,0.3653715854
4.441309524e-05,laser0,156,56.99814572,0.365372729
4.484285714e-05,laser0,156,56.99841306,0.3653744427
4.523956044e-05,laser0,156,56.99902673,0.3653783765
4.563626374e-05,laser0,156,56.9999237,0.3653841263
4.599990842e-05,laser0,156,57.00098514,0.3653909304
4.636355311e-05,laser0,156,57.00182238,0.3653962973
4.669413919e-05,laser0,156,57.00238641,0.3653999129
4.702472527e-05,laser0,156,57.00260279,0.3654012999
4.732225275e-05,laser0,156,57.00250647,0.3654006825
4.761978022e-05,laser0,156,57.00217182,0.3653985373
4.791730769e-05,laser0,156,57.00174594,0.3653958073
4.821483516e-05,laser0,156,57.00143012,0.3653937828
4.851236264e-05,laser0,156,57.0012053,0.3653923417
4.880989011e-05,laser0,156,57.00102394,0.3653911791
4.910741758e-05,laser0,156,57.00089374,0.3653903445
4.940494505e-05,laser0,156,57.00083498,0.3653899678
4.970247253e-05,laser0,156,57.00095011,0.3653907059
5e-05,laser0,156,57.000996,0.365391
5.024390244e-05,laser0,156,57.09405327,0.365987521
5.049405879e-05,laser0,156,57.08815318,0.3659496999
5.075811271e-05,laser0,156,57.02555356,0.3655484202
5.10148318e-05,laser0,156,57.03080096,0.3655820574
5.12512836e-05,laser0,156,57.07206962,0.3658466001
5.147560966e-05,laser0,156,57.08748138,0.3659453935
5.169418377e-05,laser0,156,57.05227844,0.3657197336
5.190715342e-05,laser0,156,57.03657249,0.3656190544
5.2125879e-05,laser0,156,57.02072873,0.3655174919
5.235085388e-05,laser0,156,57.02061315,0.365516751
5.258264619e-05,laser0,156,57.034738,0.3656072949
5.282191567e-05,laser0,156,57.02559703,0.3655486989
5.306943582e-05,laser0,156,57.04305027,0.3656605787
5.331695597e-05,laser0,156,57.04563966,0.3656771773
5.355563611e-05,laser0,156,57.05712796,0.3657508202
5.379431626e-05,laser0,156,57.03224198,0.3655912947
5.40329964e-05,laser0,156,57.03186877,0.3655889023
5.427167654e-05,laser0,156,57.04636681,0.3656818385
5.451035669e-05,laser0,156,57.06818791,0.3658217173
5.475988593e-05,laser0,156,57.10478205,0.3660562952
5.500941517e-05,laser0,156,57.0567176,0.3657481898
5.527207753e-05,laser0,156,57.03747391,0.3656248328
5.553473989e-05,laser0,156,57.02198118,0.3655255204
5.579740225e-05,laser0,156,57.00310923,0.3654045463
5.600753214e-05,laser0,156,57.00312226,0.3654046299
5.621766202e-05,laser0,156,57.00387065,0.3654094272
5.644015249e-05,laser0,156,57.0061781,0.3654242186
5.667747566e-05,laser0,156,57.00671763,0.3654276771
5.691479883e-05,laser0,156,57.0068454,0.3654284962
5.717189893e-05,laser0,156,57.01341947,0.3654706376
5.745470903e-05,laser0,156,57.02631089,0.3655532749
5.773751914e-05,laser0,156,57.10969888,0.3660878133
5.802032925e-05,laser0,156,57.10711256,0.3660712344
5.830313936e-05,laser0,156,57.10742377,0.3660732293
5.858594946e-05,laser0,156,57.0713896,0.365842241
5.886875957e-05,laser0,156,57.04076502,0.3656459296
5.915156968e-05,laser0,156,57.02134884,0.3655214669
5.943437979e-05,laser0,156,57.02208244,0.3655261695
5.971718989e-05,laser0,156,57.01564971,0.3654849341
6e-05,laser0,156,57.00950058,0.3654455166
6.028571429e-05,laser0,156,57.01009125,0.3654493029
6.057142857e-05,laser0,156,57.01111677,0.3654558767
6.085714286e-05,laser0,156,57.01292336,0.3654674574
6.114285714e-05,laser0,156,57.01558372,0.365484511
6.142857143e-05,laser0,156,57.01764433,0.3654977201
6.170506912e-05,laser0,156,57.01979142,0.3655114835
6.197264754e-05,laser0,156,57.02178492,0.3655242623
6.224022596e-05,laser0,156,57.02433646,0.3655406184
6.250780437e-05,laser0,156,57.02867791,0.3655684481
6.277538279e-05,laser0,156,57.03258176,0.3655934728
6.30429612e-05,laser0,156,57.033834,0.3656015
6.331053962e-05,laser0,156,57.0358539,0.3656144481
6.358926713e-05,laser0,156,57.03851523,0.3656315079
6.386799465e-05,laser0,156,57.04121484,0.3656488131
6.414672216e-05,laser0,156,57.04329603,0.3656621541
6.442544968e-05,laser0,156,57.0455951,0.3656768917
6.469090446e-05,laser0,156,57.0476716,0.3656902025
6.495635923e-05,laser0,156,57.07640983,0.365874422
6.522181401e-05,laser0,156,57.08433256,0.3659252087
6.548726879e-05,laser0,156,57.08991353,0.3659609841
6.575272357e-05,laser0,156,57.09398259,0.3659870679
6.601817834e-05,laser0,156,57.0968835,0.3660056635
6.628363312e-05,laser0,156,57.10007932,0.3660261495
6.65490879e-05,laser0,156,57.10333938,0.3660470473
6.683666391e-05,laser0,156,57.10822785,0.3660783837
6.712423991e-05,laser0,156,57.12767563,0.3662030489
6.741181592e-05,laser0,156,57.16163421,0.3664207321
6.769939193e-05,laser0,156,57.20097443,0.366672913
6.798696794e-05,laser0,156,57.22988938,0.3668582652
6.827454395e-05,laser0,156,57.24538173,0.3669575752
6.856211996e-05,laser0,156,57.27245404,0.3671311156
6.884969597e-05,laser0,156,57.28396113,0.367204879
6.913727197e-05,laser0,156,57.30326851,0.3673286443
6.942484798e-05,laser0,156,57.30676507,0.3673510582
6.971242399e-05,laser0,156,57.3082929,0.3673608519
7e-05,laser0,156,57.2884808,0.3672338513
7.029411765e-05,laser0,156,57.21137927,0.3667396107
7.059742647e-05,laser0,156,57.21396815,0.3667562061
7.091084559e-05,laser0,156,57.6096334,0.3692925218
7.122426471e-05,laser0,156,57.66007045,0.3696158362
7.153768382e-05,laser0,156,57.62396789,0.3693844096
7.185110294e-05,laser0,156,57.59712209,0.3692123211
7.216452206e-05,laser0,156,57.36047938,0.3676953806
7.247794118e-05,laser0,156,57.33111579,0.3675071525
7.277882353e-05,laser0,156,57.12208164,0.36616719
7.306767059e-05,laser0,156,57.12527795,0.3661876792
7.335651765e-05,laser0,156,57.12370127,0.3661775723
7.363332941e-05,laser0,156,57.12164572,0.3661643957
7.389860735e-05,laser0,156,57.12379064,0.3661781451
7.416388529e-05,laser0,156,57.12444992,0.3661823713
7.444179552e-05,laser0,156,57.11782225,0.3661398862
7.471970574e-05,laser0,156,57.1188139,0.366146243
7.499761597e-05,laser0,156,57.11495727,0.366121521
7.527552619e-05,laser0,156,57.11361944,0.3661129451
7.55708058e-05,laser0,156,57.11221592,0.3661039482
7.586608542e-05,laser0,156,57.11011684,0.3660904925
7.616136503e-05,laser0,156,57.10874093,0.3660816726
7.645664464e-05,laser0,156,57.10526909,0.3660594173
7.675192426e-05,laser0,156,57.1009497,0.3660317289
7.704720387e-05,laser0,156,57.0970867,0.3660069661
7.731563988e-05,laser0,156,57.09346568,0.3659837544
7.758407589e-05,laser0,156,57.09119909,0.3659692249
7.78525119e-05,laser0,156,57.09086704,0.3659670964
7.812094792e-05,laser0,156,57.09429546,0.3659890734
7.838938393e-05,laser0,156,57.0915037,0.3659711776
7.865781994e-05,laser0,156,57.09044417,0.3659643857
7.892625595e-05,laser0,156,57.08499756,0.3659294715
7.919469196e-05,laser0,156,57.08298836,0.3659165921
7.946312798e-05,laser0,156,57.07841278,0.3658872614
7.973156399e-05,laser0,156,57.07448039,0.3658620538
8e-05,laser0,156,57.06879189,0.365825589
8.023255814e-05,laser0,156,57.06390101,0.3657942373
8.045970795e-05,laser0,156,57.05959966,0.3657666645
8.068685776e-05,laser0,156,57.05401202,0.3657308463
8.091400757e-05,laser0,156,57.05007662,0.3657056193
8.113561714e-05,laser0,156,57.04667907,0.3656838402
8.135722671e-05,laser0,156,57.04296068,0.3656600043
8.157329605e-05,laser0,156,57.04043584,0.3656438195
8.178936538e-05,laser0,156,57.03811926,0.3656289696
8.199989447e-05,laser0,156,57.03482396,0.3656078459
8.221042356e-05,laser0,156,57.04846441,0.3656952847
8.241541242e-05,laser0,156,57.04711528,0.3656866364
8.262040127e-05,laser0,156,57.04570944,0.3656776246
8.282539013e-05,laser0,156,57.05209054,0.3657185291
8.303037898e-05,laser0,156,57.07336337,0.3658548934
8.322951101e-05,laser0,156,57.07483358,0.3658643178
8.342864304e-05,laser0,156,57.07392441,0.3658584898
8.362777507e-05,laser0,156,57.07256018,0.3658497447
8.383333071e-05,laser0,156,57.07132043,0.3658417976
8.404597448e-05,laser0,156,57.08228008,0.3659120518
8.426649394e-05,laser0,156,57.08035046,0.3658996824
8.449583418e-05,laser0,156,57.0786669,0.3658888904
8.473514574e-05,laser0,156,57.07677397,0.3658767562
8.499838845e-05,laser0,156,57.07568503,0.3658697759
8.527625576e-05,laser0,156,57.07575026,0.365870194
8.559117204e-05,laser0,156,57.07507307,0.365865853
8.590608833e-05,laser0,156,57.07698574,0.3658781137
8.617901577e-05,laser0,156,57.0747898,0.3658640372
8.645194322e-05,laser0,156,57.09144041,0.3659707719
8.672487066e-05,laser0,156,57.09035504,0.3659638144
8.699779811e-05,laser0,156,57.09560606,0.3659974747
8.727072555e-05,laser0,156,57.07562143,0.3658693681
8.757397827e-05,laser0,156,57.06746021,0.3658170526
8.787723098e-05,laser0,156,57.0785287,0.3658880045
8.81804837e-05,laser0,156,57.05858228,0.3657601428
8.848373642e-05,laser0,156,57.05145025,0.3657144247
8.878698913e-05,laser0,156,57.04366891,0.3656645443
8.909024185e-05,laser0,156,57.03876366,0.3656331004
8.939349457e-05,laser0,156,57.06948071,0.3658300045
8.969674728e-05,laser0,156,57.0453079,0.3656750507
9e-05,laser0,156,57.04630196,0.3656814228
9.033333333e-05,laser0,156,57.07098134,0.365839624
9.067857143e-05,laser0,156,57.09980207,0.3660243722
9.101147959e-05,laser0,156,57.11242657,0.3661052985
9.134438776e-05,laser0,156,57.17757458,0.366522914
9.167729592e-05,laser0,156,57.18434311,0.366566302
9.199739992e-05,laser0,156,57.20615509,0.3667061223
9.229379252e-05,laser0,156,57.21583141,0.3667681501
9.259018511e-05,laser0,156,57.23973995,0.3669214099
9.288657771e-05,laser0,156,57.26003904,0.3670515323
9.31829703e-05,laser0,156,57.25712159,0.3670328307
9.34793629e-05,laser0,156,57.27552186,0.3671507811
9.376286886e-05,laser0,156,57.34509827,0.3675967838
9.403404847e-05,laser0,156,57.37581987,0.3677937171
9.430522809e-05,laser0,156,57.42704949,0.3681221121
9.45764077e-05,laser0,156,57.39399543,0.3679102271
9.484758732e-05,laser0,156,57.36331372,0.3677135495
9.511876693e-05,laser0,156,57.34814421,0.367616309
9.537567394e-05,laser0,156,57.32823184,0.3674886656
9.561905952e-05,laser0,156,57.38703405,0.3678656029
9.584963533e-05,laser0,156,57.36538163,0.3677268053
9.608021115e-05,laser0,156,57.38185889,0.3678324288
9.62979772e-05,laser0,156,57.36471599,0.3677225384
9.651574324e-05,laser0,156,57.38515873,0.3678535816
9.673350929e-05,laser0,156,57.3978537,0.3679349596
9.695127534e-05,laser0,156,57.41098354,0.3680191253
9.716904139e-05,laser0,156,57.41129334,0.3680211111
9.738680743e-05,laser0,156,57.40797323,0.3679998284
9.760457348e-05,laser0,156,57.42721774,0.3681231906
9.782233953e-05,laser0,156,57.40940149,0.3680089839
9.804010557e-05,laser0,156,57.38566021,0.3678567962
9.825787162e-05,laser0,156,57.40420841,0.367975695
9.847563767e-05,laser0,156,57.38870018,0.3678762832
9.869340372e-05,laser0,156,57.38500715,0.3678526099
9.891116976e-05,laser0,156,57.36117102,0.3676998143
9.912893581e-05,laser0,156,57.3549322,0.3676598218
9.934670186e-05,laser0,156,57.34421769,0.3675911391
9.956446791e-05,laser0,156,57.33794348,0.3675509197
9.978223395e-05,laser0,156,57.36111345,0.3676994452
0.0001,laser0,156,57.35418812,0.3676550521
0.0001002,laser0,156,57.36926154,0.3677516765
0.0001004,laser0,156,57.36712501,0.3677379809
0.0001006,laser0,156,57.37728823,0.3678031297
0.0001007958333,laser0,156,57.38164228,0.3678310403
0.0001009916667,laser0,156,57.38243067,0.367836094
0.0001011833333,laser0,156,57.37971128,0.367818662
0.000101370922,laser0,156,57.38144298,0.3678297627
0.0001015585106,laser0,156,57.38766788,0.3678696659
0.0001017420213,laser0,156,57.38853887,0.3678752492
0.0001019255319,laser0,156,57.37657564,0.3677985618
0.0001021049645,laser0,156,57.37778358,0.367806305
0.0001022804098,laser0,156,57.41119036,0.368020451
0.0001024519562,laser0,156,57.41664459,0.368055414
0.0001026196905,laser0,156,57.47408621,0.3684236296
0.0001027836974,laser0,156,57.50449799,0.3686185769
0.0001029477043,laser0,156,57.53890863,0.3688391579
0.0001031117112,laser0,156,57.55993121,0.368973918
0.000103275718,laser0,156,57.57919267,0.3690973889
0.0001034397249,laser0,156,57.61275017,0.3693125011
0.0001036037318,laser0,156,57.60975402,0.369293295
0.0001037720546,laser0,156,57.63986097,0.3694862883
0.0001039450531,laser0,156,57.65503865,0.3695835811
0.0001041231398,laser0,156,57.68597737,0.3697819062
0.0001043127159,laser0,156,57.75022509,0.3701937506
0.0001045158332,laser0,156,57.85685376,0.3708772677
0.0001047351999,laser0,156,57.97334351,0.3716239969
0.0001049641042,laser0,156,58.01684805,0.3719028721
0.0001052039088,laser0,156,58.05927537,0.3721748421
0.0001054437134,laser0,156,58.08443237,0.3723361049
0.0001056715277,laser0,156,58.11275972,0.3725176905
0.0001059119984,laser0,156,58.14503286,0.3727245696
0.0001061524691,laser0,156,58.24228774,0.3733479983
0.0001063929397,laser0,156,58.3139497,0.3738073699
0.0001066505869,laser0,156,58.34094755,0.373980433
0.0001069082341,laser0,156,58.53744962,0.3752400617
0.0001071658812,laser0,156,58.64794188,0.3759483454
0.0001074235284,laser0,156,58.75379691,0.3766269033
0.0001076811755,laser0,156,58.89904125,0.3775579567
0.0001079388227,laser0,156,59.0058301,0.3782425006
0.0001081964699,laser0,156,59.01562114,0.3783052637
0.000108454117,laser0,156,59.04640919,0.378502623
0.0001087117642,laser0,156,59.08789817,0.378768578
0.0001089694114,laser0,156,59.12431166,0.3790019978
0.0001092270585,laser0,156,59.16956836,0.3792921049
0.0001094847057,laser0,156,59.20910719,0.3795455589
0.0001097423528,laser0,156,59.25142248,0.3798168108
0.00011,laser0,156,59.23913323,0.3797380335
0.00011025,laser0,156,59.2522514,0.3798221244
0.0001105,laser0,156,59.28432947,0.380027753
0.00011075,laser0,156,59.30722167,0.3801744979
0.0001109934211,laser0,156,59.30516052,0.3801612854
0.0001112368421,laser0,156,59.33991553,0.3803840739
0.0001114802632,laser0,156,59.31709559,0.3802377922
0.0001117236842,laser0,156,59.3551293,0.380481598
0.0001119671053,laser0,156,59.36129019,0.380521091
0.0001122105263,laser0,156,59.36845814,0.3805670393
0.0001124539474,laser0,156,59.40274893,0.3807868521
0.0001126897615,laser0,156,59.45868994,0.3811454484
0.0001129112839,laser0,156,59.44776173,0.3810753957
0.0001131260935,laser0,156,59.44251257,0.3810417472
0.0001133282672,laser0,156,59.45658673,0.3811319662
0.0001135244946,laser0,156,59.4634565,0.3811760032
0.0001137207221,laser0,156,59.4658438,0.3811913064
0.0001139232794,laser0,156,59.40840293,0.3808230957
0.0001141483431,laser0,156,59.42412208,0.3809238595
0.0001143824094,laser0,156,59.37503435,0.3806091946
0.000114607113,laser0,156,59.3085101,0.380182757
0.0001148318167,laser0,156,59.23417822,0.3797062706
0.0001150667341,laser0,156,59.22026268,0.3796170685
0.0001152909734,laser0,156,59.19335073,0.379444556
0.0001155152128,laser0,156,59.20333975,0.3795085881
0.0001157394522,laser0,156,59.21727503,0.3795979169
0.0001159761493,laser0,156,59.18657342,0.3794011117
0.0001162128464,laser0,156,59.1844033,0.3793872006
0.0001164495435,laser0,156,59.12798523,0.3790255464
0.0001166862406,laser0,156,59.05822042,0.3785783361
0.0001169229377,laser0,156,59.01362099,0.3782924423
0.0001171596348,laser0,156,58.96601257,0.3779872601
0.0001173963319,laser0,156,58.96201302,0.3779616219
0.0001176133042,laser0,156,58.94528959,0.3778544205
0.0001178302766,laser0,156,58.9037862,0.3775883731
0.0001180472489,laser0,156,58.83829017,0.3771685268
0.0001182642213,laser0,156,58.81081089,0.3769923775
0.0001184811936,laser0,156,58.79632821,0.3768995398
0.0001186981659,laser0,156,58.73908299,0.3765325833
0.0001189151383,laser0,156,58.72733498,0.3764572755
0.0001191321106,laser0,156,58.69370629,0.376241707
0.000119349083,laser0,156,58.64536711,0.3759318404
0.0001195660553,laser0,156,58.59467817,0.3756069113
0.0001197830277,laser0,156,58.58456574,0.3755420881
0.00012,laser0,156,58.53060672,0.3751961969
0.0001202173913,laser0,156,58.45819882,0.3747320437
0.0001204255319,laser0,156,58.42865649,0.3745426698
0.000120648194,laser0,156,58.40802737,0.3744104319
0.0001208656778,laser0,156,58.3424331,0.3739899558
0.0001210831617,laser0,156,58.31047728,0.3737851108
0.0001213006455,laser0,156,58.29965459,0.3737157346
0.0001215128249,laser0,156,58.24494566,0.3733650363
0.0001217250043,laser0,156,58.20721191,0.3731231533
0.0001219427673,laser0,156,58.18686635,0.372992733
0.0001221605304,laser0,156,58.12189901,0.3725762757
0.0001223782934,laser0,156,58.12015235,0.3725650791
0.0001225842855,laser0,156,58.12694565,0.3726086259
0.0001228090041,laser0,156,58.11686973,0.3725440367
0.0001230409717,laser0,156,58.118899,0.3725570449
0.0001232729393,laser0,156,58.09937909,0.3724319172
0.000123504907,laser0,156,58.16033949,0.372822689
0.0001237288757,laser0,156,58.17305344,0.3729041887
0.0001239379132,laser0,156,58.1534763,0.3727786942
0.0001241399827,laser0,156,58.13692173,0.3726725752
0.000124365368,laser0,156,58.03745719,0.372034982
0.0001246214876,laser0,156,58.02665959,0.3719657666
0.0001248776073,laser0,156,57.97397261,0.3716280295
0.0001251337269,laser0,156,57.97594023,0.3716406425
0.0001253898465,laser0,156,57.96123225,0.3715463606
0.000125661032,laser0,156,58.09774179,0.3724214218
0.0001259322175,laser0,156,58.13040188,0.3726307813
0.0001261864539,laser0,156,58.1538273,0.3727809442
0.0001264406903,laser0,156,58.17270248,0.372901939
0.0001266949267,laser0,156,58.13831342,0.3726814963
0.0001269491632,laser0,156,58.22016913,0.3732062124
0.0001272033996,laser0,156,58.33898785,0.3739678708
0.000127457636,laser0,156,58.41983829,0.3744861429
0.0001277118724,laser0,156,58.48645637,0.3749131819
0.0001279661088,laser0,156,58.47542024,0.3748424374
0.0001282203452,laser0,156,58.4510525,0.374686234
0.0001284745816,laser0,156,58.44772035,0.3746648741
0.000128728818,laser0,156,58.45105209,0.3746862314
0.0001289830544,laser0,156,58.37674227,0.3742098864
0.0001292372908,laser0,156,58.37419318,0.374193546
0.0001294915272,laser0,156,58.32780637,0.3738961947
0.0001297457636,laser0,156,58.25223891,0.3734117879
0.00013,laser0,156,58.24174636,0.3733445279
0.0001302272727,laser0,156,58.29941901,0.3737142244
0.0001304545455,laser0,156,58.28073109,0.3735944301
0.0001306818182,laser0,156,58.21009725,0.373141649
0.0001309090909,laser0,156,58.21329387,0.3731621402
0.0001311363636,laser0,156,58.18121213,0.372956488
0.0001313579545,laser0,156,58.17724839,0.3729310794
0.0001315740057,laser0,156,58.15638673,0.3727973508
0.0001317957424,laser0,156,58.15911924,0.3728148669
0.0001320236384,laser0,156,58.13374425,0.3726522068
0.0001322515345,laser0,156,58.1177616,0.3725497538
0.0001324794305,laser0,156,58.11880466,0.3725564401
0.0001327073266,laser0,156,58.11226147,0.3725144966
1.199976e-09,laser0,100,36.33602011,0.3633602011
2.639981763e-09,laser0,100,36.33602011,0.3633602011
4.36791402e-09,laser0,100,36.33602011,0.3633602011
6.441504406e-09,laser0,100,36.33602011,0.3633602011
8.929812868e-09,laser0,100,36.33602011,0.3633602011
1.191578302e-08,laser0,100,36.33602011,0.3633602011
1.549916133e-08,laser0,100,36.33602011,0.3633602011
1.979875274e-08,laser0,100,36.33602011,0.3633602011
2.495759633e-08,laser0,100,36.33602011,0.3633602011
3.114756919e-08,laser0,100,36.33602011,0.3633602011
3.857645774e-08,laser0,100,36.33602011,0.3633602011
4.749178759e-08,laser0,100,36.33602011,0.3633602011
5.819018342e-08,laser0,100,36.33602011,0.3633602011
7.103101395e-08,laser0,100,36.33602011,0.3633602011
8.6443983e-08,laser0,100,36.33602011,0.3633602011
1.049338215e-07,laser0,100,36.33602011,0.3633602011
1.271133824e-07,laser0,100,36.33602011,0.3633602011
1.53716979e-07,laser0,100,36.33602011,0.3633602011
1.856241864e-07,laser0,100,36.33602011,0.3633602011
2.238758771e-07,laser0,100,36.33602011,0.3633602011
2.697601559e-07,laser0,100,36.33602011,0.3633602011
3.248725577e-07,laser0,100,36.33602011,0.3633602011
3.908964752e-07,laser0,100,36.33602011,0.3633602011
4.699654411e-07,laser0,100,36.33602011,0.3633602011
5.647714341e-07,laser0,100,36.33602011,0.3633602011
6.784277415e-07,laser0,100,36.33602011,0.3633602011
8.144951518e-07,laser0,100,36.33602011,0.3633602011
9.784738257e-07,laser0,100,36.33602011,0.3633602011
1.174572034e-06,laser0,100,36.33602011,0.3633602011
1.409889883e-06,laser0,100,36.33602011,0.3633602011
1.691558218e-06,laser0,100,36.33602011,0.3633602011
2.030603437e-06,laser0,100,36.33602011,0.3633602011
2.438998813e-06,laser0,100,36.33602011,0.3633602011
2.926804401e-06,laser0,100,36.33602011,0.3633602011
3.515535284e-06,laser0,100,36.33602011,0.3633602011
4.232251141e-06,laser0,100,36.33602011,0.3633602011
5.108237189e-06,laser0,100,36.33602011,0.3633602011
6.101021376e-06,laser0,100,36.33602011,0.3633602011
7.093805564e-06,laser0,100,36.33602011,0.3633602011
8.086589751e-06,laser0,100,36.33602011,0.3633602011
9.079373939e-06,laser0,100,36.33602011,0.3633602011
1.007215813e-05,laser0,100,36.33602011,0.3633602011
1.106494231e-05,laser0,100,36.33602011,0.3633602011
1.20577265e-05,laser0,100,36.33602011,0.3633602011
1.305051069e-05,laser0,100,36.33602011,0.3633602011
1.404329488e-05,laser0,100,36.33602011,0.3633602011
1.503607906e-05,laser0,100,36.33602011,0.3633602011
1.586339922e-05,laser0,100,36.33602011,0.3633602011
1.669071938e-05,laser0,100,36.33602011,0.3633602011
1.751803953e-05,laser0,100,36.33602011,0.3633602011
1.834535969e-05,laser0,100,36.33602011,0.3633602011
1.917267984e-05,laser0,100,36.33601983,0.3633601983
2e-05,laser0,100,36.33601712,0.3633601712
2.076923077e-05,laser0,100,36.33600705,0.3633600705
2.148148148e-05,laser0,100,36.33599395,0.3633599395
2.216735254e-05,laser0,100,36.33598169,0.3633598169
2.282782096e-05,laser0,100,36.33596816,0.3633596816
2.346382759e-05,laser0,100,36.33595692,0.3633595692
2.409983422e-05,laser0,100,36.33594561,0.3633594561
2.473584086e-05,laser0,100,36.33593498,0.3633593498
2.534640722e-05,laser0,100,36.33592373,0.3633592373
2.595697359e-05,laser0,100,36.33590936,0.3633590936
2.654209969e-05,laser0,100,36.33589417,0.3633589417
2.712722579e-05,laser0,100,36.33587714,0.3633587714
2.768691162e-05,laser0,100,36.33586367,0.3633586367
2.824659746e-05,laser0,100,36.33585068,0.3633585068
2.880628329e-05,laser0,100,36.3358357,0.363358357
2.936596913e-05,laser0,100,36.33582022,0.3633582022
2.992565496e-05,laser0,100,36.33580312,0.3633580312
3.04853408e-05,laser0,100,36.33578397,0.3633578397
3.101393298e-05,laser0,100,36.33576936,0.3633576936
3.151315892e-05,laser0,100,36.33575781,0.3633575781
3.198465009e-05,laser0,100,36.33575144,0.3633575144
3.242994731e-05,laser0,100,36.33573841,0.3633573841
3.287524453e-05,laser0,100,36.33572268,0.3633572268
3.335022823e-05,laser0,100,36.33571013,0.3633571013
3.382521192e-05,laser0,100,36.33570277,0.3633570277
3.430019562e-05,laser0,100,36.33569654,0.3633569654
3.477517932e-05,laser0,100,36.33568917,0.3633568917
3.521058104e-05,laser0,100,36.33567843,0.3633567843
3.564598277e-05,laser0,100,36.33566795,0.3633566795
3.608138449e-05,laser0,100,36.33565823,0.3633565823
3.651678621e-05,laser0,100,36.33565128,0.3633565128
3.695218794e-05,laser0,100,36.33564701,0.3633564701
3.738758966e-05,laser0,100,36.33564744,0.3633564744
3.782299138e-05,laser0,100,36.33564812,0.3633564812
3.825839311e-05,laser0,100,36.33564551,0.3633564551
3.869379483e-05,laser0,100,36.33563851,0.3633563851
3.912919655e-05,laser0,100,36.33563405,0.3633563405
3.956459828e-05,laser0,100,36.33562854,0.3633562854
4e-05,laser0,100,36.3356259,0.363356259
4.048780488e-05,laser0,100,36.33562005,0.3633562005
4.097560976e-05,laser0,100,36.33561178,0.3633561178
4.145121951e-05,laser0,100,36.33558934,0.3633558934
4.192682927e-05,laser0,100,36.33556531,0.3633556531
4.240243902e-05,laser0,100,36.3355425,0.363355425
4.287804878e-05,laser0,100,36.33551812,0.3633551812
4.335365854e-05,laser0,100,36.33550097,0.3633550097
4.382926829e-05,laser0,100,36.33548668,0.3633548668
4.431929047e-05,laser0,100,36.3354838,0.363354838
4.482511981e-05,laser0,100,36.33549278,0.3633549278
4.534839154e-05,laser0,100,36.3355041,0.363355041
4.587166327e-05,laser0,100,36.33551924,0.3633551924
4.637624672e-05,laser0,100,36.3355256,0.363355256
4.694390311e-05,laser0,100,36.33552274,0.3633552274
4.753736206e-05,laser0,100,36.33550653,0.3633550653
4.813082101e-05,laser0,100,36.33547607,0.3633547607
4.869602001e-05,laser0,100,36.33545381,0.3633545381
4.929096632e-05,laser0,100,36.33543833,0.3633543833
4.988591264e-05,laser0,100,36.33543133,0.3633543133
5.048085895e-05,laser0,100,36.33543522,0.3633543522
5.107580527e-05,laser0,100,36.33544799,0.3633544799
5.163356744e-05,laser0,100,36.3354588,0.363354588
5.219132961e-05,laser0,100,36.33546947,0.3633546947
5.274909178e-05,laser0,100,36.33546654,0.3633546654
5.330685395e-05,laser0,100,36.33546611,0.3633546611
5.382171134e-05,laser0,100,36.3354615,0.363354615
5.433656873e-05,laser0,100,36.33545044,0.3633545044
5.480852133e-05,laser0,100,36.33544023,0.3633544023
5.528047394e-05,laser0,100,36.33542461,0.3633542461
5.575242655e-05,laser0,100,36.33541639,0.3633541639
5.622437915e-05,laser0,100,36.33540842,0.3633540842
5.669633176e-05,laser0,100,36.33539875,0.3633539875
5.716828436e-05,laser0,100,36.3353943,0.363353943
5.764023697e-05,laser0,100,36.33538905,0.3633538905
5.811218958e-05,laser0,100,36.33538793,0.3633538793
5.858414218e-05,laser0,100,36.3353882,0.363353882
5.905609479e-05,laser0,100,36.33539344,0.3633539344
5.952804739e-05,laser0,100,36.33539756,0.3633539756
6e-05,laser0,100,36.33540183,0.3633540183
6.047619048e-05,laser0,100,36.33540339,0.3633540339
6.094104308e-05,laser0,100,36.33539797,0.3633539797
6.139482777e-05,laser0,100,36.33538753,0.3633538753
6.185995708e-05,laser0,100,36.33537329,0.3633537329
6.232508638e-05,laser0,100,36.33535405,0.3633535405
6.280278675e-05,laser0,100,36.33532987,0.3633532987
6.32941357e-05,laser0,100,36.3353065,0.363353065
6.377144611e-05,laser0,100,36.33528332,0.3633528332
6.424875652e-05,laser0,100,36.33526434,0.3633526434
6.472606693e-05,laser0,100,36.33528933,0.3633528933
6.518891338e-05,laser0,100,36.33542782,0.3633542782
6.565175984e-05,laser0,100,36.33552084,0.3633552084
6.61146063e-05,laser0,100,36.3428006,0.363428006
6.657745275e-05,laser0,100,36.3356908,0.363356908
6.704029921e-05,laser0,100,36.34388108,0.3634388108
6.750314567e-05,laser0,100,36.33560785,0.3633560785
6.794946189e-05,laser0,100,36.3357037,0.363357037
6.839577812e-05,laser0,100,36.33886873,0.3633886873
6.884209435e-05,laser0,100,36.37372257,0.3637372257
6.928841057e-05,laser0,100,36.77952522,0.3677952522
6.971687415e-05,laser0,100,37.16082426,0.3716082426
7.014533773e-05,laser0,100,37.18741081,0.3718741081
7.05738013e-05,laser0,100,37.40139102,0.3740139102
7.100226488e-05,laser0,100,37.48560837,0.3748560837
7.143072846e-05,laser0,100,37.53824878,0.3753824878
7.185919204e-05,laser0,100,37.77634627,0.3777634627
7.228765561e-05,laser0,100,37.83783876,0.3783783876
7.271611919e-05,laser0,100,37.98206588,0.3798206588
7.314458277e-05,laser0,100,38.17469807,0.3817469807
7.35478426e-05,laser0,100,38.32369754,0.3832369754
7.395110244e-05,laser0,100,38.46759181,0.3846759181
7.438316655e-05,laser0,100,38.42800136,0.3842800136
7.481523066e-05,laser0,100,38.50632988,0.3850632988
7.524729477e-05,laser0,100,38.70037833,0.3870037833
7.567935889e-05,laser0,100,38.41823293,0.3841823293
7.6111423e-05,laser0,100,38.43976788,0.3843976788
7.654348711e-05,laser0,100,38.56108976,0.3856108976
7.697555122e-05,laser0,100,38.45434218,0.3845434218
7.740761533e-05,laser0,100,38.29496152,0.3829496152
7.783967944e-05,laser0,100,38.22693495,0.3822693495
7.827174355e-05,laser0,100,38.41380614,0.3841380614
7.870380767e-05,laser0,100,38.35109169,0.3835109169
7.913587178e-05,laser0,100,38.32043338,0.3832043338
7.956793589e-05,laser0,100,38.22998975,0.3822998975
8e-05,laser0,100,38.1186001,0.381186001
8.044444444e-05,laser0,100,37.90745434,0.3790745434
8.086956522e-05,laser0,100,37.86929644,0.3786929644
8.115089514e-05,laser0,100,37.95842686,0.3795842686
8.145008728e-05,laser0,100,37.94419787,0.3794419787
8.178133572e-05,laser0,100,37.89541152,0.3789541152
8.212508411e-05,laser0,100,37.85981391,0.3785981391
8.248258242e-05,laser0,100,37.8772288,0.378772288
8.285529344e-05,laser0,100,37.87317081,0.3787317081
8.324494586e-05,laser0,100,37.86133961,0.3786133961
8.366382221e-05,laser0,100,37.87011163,0.3787011163
8.411760493e-05,laser0,100,37.80653983,0.3780653983
8.458473419e-05,laser0,100,37.64812099,0.3764812099
8.505186346e-05,laser0,100,37.63658998,0.3763658998
8.547895308e-05,laser0,100,37.66908414,0.3766908414
8.589384013e-05,laser0,100,37.58008315,0.3758008315
8.630872719e-05,laser0,100,37.53527131,0.3753527131
8.673657946e-05,laser0,100,37.52445769,0.3752445769
8.716443174e-05,laser0,100,37.4737414,0.374737414
8.762284489e-05,laser0,100,37.36853544,0.3736853544
8.808125804e-05,laser0,100,37.30229531,0.3730229531
8.852269293e-05,laser0,100,37.11318386,0.3711318386
8.896412782e-05,laser0,100,37.0842811,0.370842811
8.938858444e-05,laser0,100,37.00183655,0.3700183655
8.981304106e-05,laser0,100,36.91904865,0.3691904865
9.020484717e-05,laser0,100,36.83306043,0.3683306043
9.059665329e-05,laser0,100,36.82938436,0.3682938436
9.097278716e-05,laser0,100,36.82452874,0.3682452874
9.133387567e-05,laser0,100,36.84587645,0.3684587645
9.168052064e-05,laser0,100,36.84039726,0.3684039726
9.201329982e-05,laser0,100,36.82789687,0.3682789687
9.234607899e-05,laser0,100,36.82738514,0.3682738514
9.267885817e-05,laser0,100,36.77991595,0.3677991595
9.302748397e-05,laser0,100,36.79679589,0.3679679589
9.337610977e-05,laser0,100,36.77929122,0.3677929122
9.372473557e-05,laser0,100,36.75748033,0.3675748033
9.409386877e-05,laser0,100,36.76949779,0.3676949779
9.446300197e-05,laser0,100,36.7442845,0.367442845
9.483213518e-05,laser0,100,36.66841348,0.3666841348
9.522966324e-05,laser0,100,36.61888108,0.3661888108
9.56271913e-05,laser0,100,36.600572,0.36600572
9.602471937e-05,laser0,100,36.69229886,0.3669229886
9.642224743e-05,laser0,100,36.71604649,0.3671604649
9.681977549e-05,laser0,100,36.71909338,0.3671909338
9.721730356e-05,laser0,100,36.6708977,0.366708977
9.756514061e-05,laser0,100,36.64336028,0.3664336028
9.791297767e-05,laser0,100,36.70598385,0.3670598385
9.826081472e-05,laser0,100,36.71810047,0.3671810047
9.860865178e-05,laser0,100,36.74448063,0.3674448063
9.895648883e-05,laser0,100,36.76373306,0.3676373306
9.930432589e-05,laser0,100,36.78263757,0.3678263757
9.965216294e-05,laser0,100,36.7843639,0.367843639
0.0001,laser0,100,36.78069892,0.3678069892
0.0001003125,laser0,100,36.78794176,0.3678794176
0.0001006201172,laser0,100,36.78355816,0.3678355816
0.0001009229279,laser0,100,36.81623273,0.3681623273
0.0001012257385,laser0,100,36.76898371,0.3676898371
0.0001015237427,laser0,100,36.78148308,0.3678148308
0.0001018217468,laser0,100,36.77140471,0.3677140471
0.000102119751,laser0,100,36.76624336,0.3676624336
0.0001024177551,laser0,100,36.75553941,0.3675553941
0.0001027558752,laser0,100,36.77490489,0.3677490489
0.0001031227715,laser0,100,36.7710301,0.367710301
0.0001034818615,laser0,100,36.7568317,0.367568317
0.0001038333112,laser0,100,36.79889838,0.3679889838
0.000104192571,laser0,100,36.82518753,0.3682518753
0.0001045438472,laser0,100,36.86815176,0.3686815176
0.0001049208265,laser0,100,36.88456537,0.3688456537
0.0001052978058,laser0,100,36.89449901,0.3689449901
0.0001056653607,laser0,100,36.92637885,0.3692637885
0.000106014986,laser0,100,36.91135207,0.3691135207
0.0001063560839,laser0,100,36.92667397,0.3692667397
0.0001066971818,laser0,100,36.93147044,0.3693147044
0.0001070382797,laser0,100,36.97159286,0.3697159286
0.0001073793777,laser0,100,36.97106342,0.3697106342
0.0001077114993,laser0,100,36.96829493,0.3696829493
0.0001080348809,laser0,100,37.02101124,0.3702101124
0.0001083582625,laser0,100,37.03575778,0.3703575778
0.0001086816441,laser0,100,37.06199665,0.3706199665
0.0001090145369,laser0,100,37.05449004,0.3705449004
0.0001093578326,laser0,100,37.01733296,0.3701733296
0.0001097011283,laser0,100,37.01281323,0.3701281323
0.0001100444241,laser0,100,37.04020056,0.3704020056
0.0001103655717,laser0,100,37.05617896,0.3705617896
0.0001106666476,laser0,100,37.05562783,0.3705562783
0.0001109583148,laser0,100,37.08824265,0.3708824265
0.0001112323053,laser0,100,37.07388769,0.3707388769
0.0001114901787,laser0,100,37.0864281,0.370864281
0.0001117333164,laser0,100,37.09722389,0.3709722389
0.0001119695074,laser0,100,37.08689754,0.3708689754
0.0001121925766,laser0,100,37.05875859,0.3705875859
0.0001124035881,laser0,100,37.05472365,0.3705472365
0.0001126088965,laser0,100,37.04500773,0.3704500773
0.000112808656,laser0,100,37.01896668,0.3701896668
0.0001130030167,laser0,100,37.01029006,0.3701029006
0.0001131921243,laser0,100,37.00638146,0.3700638146
0.000113376121,laser0,100,36.98837678,0.3698837678
0.0001135551447,laser0,100,36.9974111,0.369974111
0.0001137341685,laser0,100,36.9037383,0.369037383
0.0001139082194,laser0,100,36.89146412,0.3689146412
0.0001140822703,laser0,100,36.89561906,0.3689561906
0.0001142563211,laser0,100,36.86223523,0.3686223523
0.0001144252529,laser0,100,36.88194056,0.3688194056
0.0001145941846,laser0,100,36.89061106,0.3689061106
0.0001147631163,laser0,100,36.85188912,0.3685188912
0.0001149320481,laser0,100,36.86189054,0.3686189054
0.0001151009798,laser0,100,36.86513108,0.3686513108
0.0001152699115,laser0,100,36.83057985,0.3683057985
0.0001154388432,laser0,100,36.82467523,0.3682467523
0.000115607775,laser0,100,36.82068378,0.3682068378
0.0001157767067,laser0,100,36.81426882,0.3681426882
0.0001159456384,laser0,100,36.78640967,0.3678640967
0.0001161145702,laser0,100,36.79460736,0.3679460736
0.0001162835019,laser0,100,36.80726419,0.3680726419
0.0001164524336,laser0,100,36.80953092,0.3680953092
0.0001166213654,laser0,100,36.794252,0.36794252
0.0001167902971,laser0,100,36.78642929,0.3678642929
0.0001169686139,laser0,100,36.7829121,0.367829121
0.0001171469308,laser0,100,36.77314264,0.3677314264
0.0001173252476,laser0,100,36.75975691,0.3675975691
0.0001175035644,laser0,100,36.7496284,0.367496284
0.0001176955979,laser0,100,36.74582302,0.3674582302
0.0001178876314,laser0,100,36.72452159,0.3672452159
0.0001180796649,laser0,100,36.7435821,0.367435821
0.0001182716984,laser0,100,36.74790541,0.3674790541
0.0001184637319,laser0,100,36.74900593,0.3674900593
0.0001186557655,laser0,100,36.71196917,0.3671196917
0.000118847799,laser0,100,36.7475111,0.367475111
0.0001190398325,laser0,100,36.73084978,0.3673084978
0.000119231866,laser0,100,36.71671422,0.3671671422
0.0001194238995,laser0,100,36.68806732,0.3668806732
0.000119615933,laser0,100,36.68195913,0.3668195913
0.0001198079665,laser0,100,36.65741363,0.3665741363
0.00012,laser0,100,36.63076885,0.3663076885
0.0001201886792,laser0,100,36.61999035,0.3661999035
0.0001203704345,laser0,100,36.58389495,0.3658389495
0.0001205521897,laser0,100,36.57824518,0.3657824518
0.000120732262,laser0,100,36.58009073,0.3658009073
0.0001209175287,laser0,100,36.56264542,0.3656264542
0.000121110281,laser0,100,36.58281197,0.3658281197
0.0001213091201,laser0,100,36.5563318,0.365563318
0.0001215145144,laser0,100,36.55390956,0.3655390956
0.0001217245767,laser0,100,36.55612037,0.3655612037
0.0001219474478,laser0,100,36.53998871,0.3653998871
0.0001221818965,laser0,100,36.52582862,0.3652582862
0.0001224103337,laser0,100,36.5083322,0.365083322
0.0001226329877,laser0,100,36.50453123,0.3650453123
0.0001228500754,laser0,100,36.48737483,0.3648737483
0.0001230618028,laser0,100,36.48605157,0.3648605157
0.0001232658775,laser0,100,36.48991698,0.3648991698
0.0001234650932,laser0,100,36.48976586,0.3648976586
0.0001236619374,laser0,100,36.48686484,0.3648686484
0.0001238564381,laser0,100,36.471532,0.36471532
0.0001240486234,laser0,100,36.46225147,0.3646225147
0.0001242408086,laser0,100,36.45632104,0.3645632104
0.0001244329939,laser0,100,36.4449707,0.364449707
0.0001246275815,laser0,100,36.44337409,0.3644337409
0.0001248221691,laser0,100,36.44513359,0.3644513359
0.0001250192837,laser0,100,36.46944477,0.3646944477
0.0001252190266,laser0,100,36.46602817,0.3646602817
0.0001254215057,laser0,100,36.47921911,0.3647921911
0.0001256268366,laser0,100,36.45881936,0.3645881936
0.0001258292755,laser0,100,36.43860008,0.3643860008
0.0001260317145,laser0,100,36.4396889,0.364396889
0.0001262341534,laser0,100,36.4370357,0.364370357
0.0001264365923,laser0,100,36.43212368,0.3643212368
0.0001266360542,laser0,100,36.43879096,0.3643879096
0.0001268355161,laser0,100,36.44815844,0.3644815844
0.0001270380466,laser0,100,36.46427424,0.3646427424
0.0001272405771,laser0,100,36.47405602,0.3647405602
0.0001274463742,laser0,100,36.4832443,0.364832443
0.0001276591476,laser0,100,36.48356915,0.3648356915
0.0001278756537,laser0,100,36.48918933,0.3648918933
0.0001281001787,laser0,100,36.50183758,0.3650183758
0.0001283247036,laser0,100,36.50605163,0.3650605163
0.0001285731142,laser0,100,36.51188373,0.3651188373
0.0001288328161,laser0,100,36.50444818,0.3650444818
0.0001291119957,laser0,100,36.51068274,0.3651068274
0.0001293985221,laser0,100,36.52564493,0.3652564493
0.0001296703549,laser0,100,36.51746288,0.3651746288
0.0001299352176,laser0,100,36.52256458,0.3652256458
0.0001301868372,laser0,100,36.53139652,0.3653139652
0.0001304261826,laser0,100,36.54501326,0.3654501326
0.000130692122,laser0,100,36.53959322,0.3653959322
0.0001309658831,laser0,100,36.53842042,0.3653842042
0.0001312396442,laser0,100,36.53243105,0.3653243105
0.0001315051095,laser0,100,36.53321782,0.3653321782
0.0001317705749,laser0,100,36.52609718,0.3652609718
0.0001320277444,laser0,100,36.52612671,0.3652612671
0.0001322849139,laser0,100,36.56070871,0.3656070871
0.0001325420835,laser0,100,36.57530733,0.3657530733
0.0001328289264,laser0,100,36.57659187,0.3657659187
0.0001331157694,laser0,100,36.603886,0.36603886
0.0001334026123,laser0,100,36.57405907,0.3657405907
0.0001336775035,laser0,100,36.60559724,0.3660559724
0.0001339648897,laser0,100,36.61692362,0.3661692362
0.0001342392129,laser0,100,36.64423211,0.3664423211
0.0001344896819,laser0,100,36.65544542,0.3665544542
0.0001347651978,laser0,100,36.65851201,0.3665851201
0.0001350269379,laser0,100,36.66146289,0.3666146289
0.000135275591,laser0,100,36.6666799,0.366666799
0.0001354903369,laser0,100,36.65823113,0.3665823113
0.0001357276875,laser0,100,36.62466386,0.3662466386
0.000135979,laser0,100,36.59902949,0.3659902949
0.0001362303125,laser0,100,36.55541941,0.3655541941
0.000136465918,laser0,100,36.55568349,0.3655568349
0.0001367015235,laser0,100,36.56592163,0.3656592163
0.0001369214219,laser0,100,36.55245213,0.3655245213
0.0001371413203,laser0,100,36.57133904,0.3657133904
0.0001373455117,laser0,100,36.55677969,0.3655677969
0.0001375351181,laser0,100,36.54161896,0.3654161896
0.0001377247244,laser0,100,36.53472252,0.3653472252
0.0001379315676,laser0,100,36.54137633,0.3654137633
0.0001381613934,laser0,100,36.55529619,0.3655529619
0.0001384240515,laser0,100,36.54220551,0.3654220551
0.0001386867096,laser0,100,36.55100535,0.3655100535
0.0001389493677,laser0,100,36.53679456,0.3653679456
0.0001392120258,laser0,100,36.52408062,0.3652408062
0.0001394746838,laser0,100,36.56135791,0.3656135791
0.0001397373419,laser0,100,36.58557634,0.3658557634
0.00014,laser0,100,36.64896488,0.3664896488
0.0001402898551,laser0,100,36.64879803,0.3664879803
0.0001405755093,laser0,100,36.67598625,0.3667598625
0.0001408611636,laser0,100,36.69114078,0.3669114078
0.0001411468179,laser0,100,36.67804122,0.3667804122
0.0001414240706,laser0,100,36.66116853,0.3666116853
0.0001416932869,laser0,100,36.66432595,0.3666432595
0.0001419548114,laser0,100,36.67925869,0.3667925869
0.000142208969,laser0,100,36.67189205,0.3667189205
0.0001424595469,laser0,100,36.64756958,0.3664756958
0.0001427379668,laser0,100,36.65413656,0.3665413656
0.0001430076861,laser0,100,36.64000928,0.3664000928
0.0001432651454,laser0,100,36.58339439,0.3658339439
0.0001435226047,laser0,100,36.56387973,0.3656387973
0.0001437761031,laser0,100,36.5367247,0.365367247
0.0001440336252,laser0,100,36.53774832,0.3653774832
0.0001442870597,laser0,100,36.53081093,0.3653081093
0.0001445364715,laser0,100,36.51711109,0.3651711109
0.0001447858832,laser0,100,36.52320432,0.3652320432
0.0001450312722,laser0,100,36.52310513,0.3652310513
0.0001452766612,laser0,100,36.53622091,0.3653622091
0.0001455180274,laser0,100,36.51321432,0.3651321432
0.0001457593936,laser0,100,36.56829623,0.3656829623
0.0001460007598,laser0,100,36.51042901,0.3651042901
0.000146242126,laser0,100,36.50368739,0.3650368739
0.0001464834923,laser0,100,36.50954508,0.3650954508
0.000146720624,laser0,100,36.51325838,0.3651325838
0.0001469577557,laser0,100,36.52839154,0.3652839154
0.0001471906529,laser0,100,36.52059626,0.3652059626
0.0001474193912,laser0,100,36.57171859,0.3657171859
0.000147644045,laser0,100,36.57806822,0.3657806822
0.0001478686987,laser0,100,36.59191264,0.3659191264
0.0001480892678,laser0,100,36.58995272,0.3658995272
0.0001483098369,laser0,100,36.55661598,0.3655661598
0.000148530406,laser0,100,36.57579332,0.3657579332
0.0001487468135,laser0,100,36.58796607,0.3658796607
0.0001489632209,laser0,100,36.58346182,0.3658346182
0.0001491796283,laser0,100,36.60990559,0.3660990559
0.0001493960358,laser0,100,36.63008608,0.3663008608
0.0001496124432,laser0,100,36.64998592,0.3664998592
0.0001498334551,laser0,100,36.65761082,0.3665761082
0.0001500544669,laser0,100,36.66321533,0.3666321533
0.0001502805017,laser0,100,36.66298201,0.3666298201
0.0001505065366,laser0,100,36.74146359,0.3674146359
0.0001507325714,laser0,100,36.75307296,0.3675307296
0.0001509642571,laser0,100,36.73316471,0.3673316471
0.0001511959429,laser0,100,36.74807756,0.3674807756
0.0001514338904,laser0,100,36.72855514,0.3672855514
0.0001516654068,laser0,100,36.77072427,0.3677072427
0.0001518847382,laser0,100,36.7510324,0.367510324
0.0001520982977,laser0,100,36.71113602,0.3671113602
0.0001523377433,laser0,100,36.6855306,0.366855306
0.000152601959,laser0,100,36.6943654,0.366943654
0.0001528661748,laser0,100,36.68322468,0.3668322468
0.0001531405527,laser0,100,36.65005313,0.3665005313
0.0001534149306,laser0,100,36.62068657,0.3662068657
0.0001537012379,laser0,100,36.60475973,0.3660475973
0.0001539875453,laser0,100,36.57767977,0.3657767977
0.0001542738527,laser0,100,36.60068114,0.3660068114
0.00015456016,laser0,100,36.59311089,0.3659311089
0.0001548464674,laser0,100,36.57382992,0.3657382992
0.0001551327748,laser0,100,36.58319909,0.3658319909
0.0001554031762,laser0,100,36.53804315,0.3653804315
0.0001556585553,laser0,100,36.52579784,0.3652579784
0.0001559139344,laser0,100,36.54660002,0.3654660002
0.0001561693135,laser0,100,36.54653608,0.3654653608
0.0001564246926,laser0,100,36.55959366,0.3655959366
0.0001566800717,laser0,100,36.53546923,0.3653546923
0.0001569354508,laser0,100,36.53142848,0.3653142848
0.0001571908299,laser0,100,36.5224679,0.365224679
0.000157446209,laser0,100,36.53275744,0.3653275744
0.0001577015881,laser0,100,36.53984064,0.3653984064
0.0001579888896,laser0,100,36.51962339,0.3651962339
0.0001582761911,laser0,100,36.52657563,0.3652657563
0.0001585634926,laser0,100,36.53991057,0.3653991057
0.000158850794,laser0,100,36.55863701,0.3655863701
0.0001591380955,laser0,100,36.55907666,0.3655907666
0.000159425397,laser0,100,36.56688414,0.3656688414
0.0001597126985,laser0,100,36.57091414,0.3657091414
0.00016,laser0,100,36.56687754,0.3656687754
0.0001602857143,laser0,100,36.57920107,0.3657920107
0.0001605714286,laser0,100,36.58379835,0.3658379835
0.0001608530021,laser0,100,36.58289495,0.3658289495
0.0001611265306,laser0,100,36.58167883,0.3658167883
0.0001613923541,laser0,100,36.56932456,0.3656932456
0.0001616544336,laser0,100,36.56902233,0.3656902233
0.0001619128219,laser0,100,36.56817186,0.3656817186
0.0001621640327,laser0,100,36.56764005,0.3656764005
0.0001624152435,laser0,100,36.57052191,0.3657052191
0.0001626629161,laser0,100,36.55810996,0.3655810996
0.0001629105888,laser0,100,36.56174816,0.3656174816
0.0001631582614,laser0,100,36.55624062,0.3655624062
0.000163405934,laser0,100,36.56049419,0.3656049419
0.0001636536066,laser0,100,36.55342577,0.3655342577
0.0001638975827,laser0,100,36.55628203,0.3655628203
0.0001641343829,laser0,100,36.55275822,0.3655275822
0.0001643643194,laser0,100,36.54814629,0.3654814629
0.0001645909235,laser0,100,36.52442455,0.3652442455
0.0001648110531,laser0,100,36.51963627,0.3651963627
0.0001650280381,laser0,100,36.52076923,0.3652076923
0.0001652419233,laser0,100,36.50530338,0.3650530338
0.0001654558084,laser0,100,36.51070634,0.3651070634
0.0001656696936,laser0,100,36.51033181,0.3651033181
0.0001658804334,laser0,100,36.50029242,0.3650029242
0.0001660880741,laser0,100,36.49326985,0.3649326985
0.0001662926612,laser0,100,36.52113041,0.3652113041
0.0001664972484,laser0,100,36.54465764,0.3654465764
0.000166698782,laser0,100,36.54358408,0.3654358408
0.0001669003156,laser0,100,36.54109534,0.3654109534
0.0001671018492,laser0,100,36.53791643,0.3653791643
0.0001673033828,laser0,100,36.57311034,0.3657311034
0.0001675049164,laser0,100,36.57317849,0.3657317849
0.00016770645,laser0,100,36.56754914,0.3656754914
0.0001679047331,laser0,100,36.5704851,0.365704851
0.0001681030161,laser0,100,36.58865935,0.3658865935
0.0001683012992,laser0,100,36.58196699,0.3658196699
0.0001684995823,laser0,100,36.58180663,0.3658180663
0.0001686881137,laser0,100,36.56691653,0.3656691653
0.0001688621427,laser0,100,36.56050272,0.3656050272
0.000169021255,laser0,100,36.5612144,0.365612144
0.0001691716487,laser0,100,36.58125338,0.3658125338
0.0001693382388,laser0,100,36.57103628,0.3657103628
0.0001695252872,laser0,100,36.58727681,0.3658727681
0.0001697306737,laser0,100,36.58945666,0.3658945666
0.0001699402518,laser0,100,36.57845764,0.3657845764
0.0001701498299,laser0,100,36.58062285,0.3658062285
0.000170359408,laser0,100,36.55327511,0.3655327511
0.000170564527,laser0,100,36.54884809,0.3654884809
0.000170769646,laser0,100,36.54915627,0.3654915627
0.0001709703058,laser0,100,36.57218536,0.3657218536
0.0001711666035,laser0,100,36.57075999,0.3657075999
0.0001713586339,laser0,100,36.56193498,0.3656193498
0.0001715464897,laser0,100,36.57516079,0.3657516079
0.0001717302616,laser0,100,36.5472349,0.365472349
0.0001719062135,laser0,100,36.56101855,0.3656101855
0.0001720784217,laser0,100,36.53756811,0.3653756811
0.0001722434546,laser0,100,36.53419794,0.3653419794
0.0001724017515,laser0,100,36.55167211,0.3655167211
0.0001725537164,laser0,100,36.55432539,0.3655432539
0.000172699722,laser0,100,36.55573705,0.3655573705
0.0001728428647,laser0,100,36.53316614,0.3653316614
0.0001729889287,laser0,100,36.53188844,0.3653188844
0.0001731447303,laser0,100,36.53554634,0.3653554634
0.000173311932,laser0,100,36.53402527,0.3653402527
0.0001734926906,laser0,100,36.52885648,0.3652885648
0.0001736734492,laser0,100,36.52056573,0.3652056573
0.0001738491867,laser0,100,36.51867483,0.3651867483
0.0001740249242,laser0,100,36.52596838,0.3652596838
0.0001742006617,laser0,100,36.52130428,0.3652130428
0.0001743763993,laser0,100,36.52270309,0.3652270309
0.0001745521368,laser0,100,36.51875007,0.3651875007
0.0001747337322,laser0,100,36.52101084,0.3652101084
0.0001749218132,laser0,100,36.52357979,0.3652357979
0.0001751098942,laser0,100,36.52167675,0.3652167675
0.0001752979752,laser0,100,36.53092902,0.3653092902
0.0001754938929,laser0,100,36.53644697,0.3653644697
0.0001756987159,laser0,100,36.54476172,0.3654476172
0.000175903539,laser0,100,36.55652003,0.3655652003
0.000176108362,laser0,100,36.56206934,0.3656206934
0.0001763131851,laser0,100,36.57117756,0.3657117756
0.0001765180081,laser0,100,36.56769242,0.3656769242
0.0001767228312,laser0,100,36.57319429,0.3657319429
0.0001769276542,laser0,100,36.55861737,0.3655861737
0.0001771324773,laser0,100,36.56093176,0.3656093176
0.0001773373003,laser0,100,36.5571947,0.365571947
0.0001775421234,laser0,100,36.57153431,0.3657153431
0.0001777469464,laser0,100,36.55881318,0.3655881318
0.0001779517695,laser0,100,36.55939291,0.3655939291
0.0001781565925,laser0,100,36.58843302,0.3658843302
0.0001783614156,laser0,100,36.61180369,0.3661180369
0.0001785662386,laser0,100,36.59403033,0.3659403033
0.0001787710617,laser0,100,36.5886429,0.365886429
0.0001789758847,laser0,100,36.58831598,0.3658831598
0.0001791807078,laser0,100,36.57727067,0.3657727067
0.0001793855308,laser0,100,36.5642806,0.365642806
0.0001795903539,laser0,100,36.55454671,0.3655454671
0.0001797951769,laser0,100,36.54478184,0.3654478184
0.00018,laser0,100,36.57156288,0.3657156288
0.0001801960784,laser0,100,36.55404168,0.3655404168
0.0001803921569,laser0,100,36.56398602,0.3656398602
0.0001805882353,laser0,100,36.55946544,0.3655946544
0.0001807863145,laser0,100,36.54110143,0.3654110143
0.0001809843938,laser0,100,36.53827603,0.3653827603
0.000181184558,laser0,100,36.53681041,0.3653681041
0.0001813826153,laser0,100,36.50329033,0.3650329033
0.0001815745471,laser0,100,36.50058719,0.3650058719
0.0001817569773,laser0,100,36.47201133,0.3647201133
0.0001819307204,laser0,100,36.46975078,0.3646975078
0.0001820980286,laser0,100,36.47036272,0.3647036272
0.0001822845074,laser0,100,36.46534621,0.3646534621
0.0001824835579,laser0,100,36.47506535,0.3647506535
0.000182678185,laser0,100,36.50430728,0.3650430728
0.0001828728122,laser0,100,36.50766806,0.3650766806
0.0001830652525,laser0,100,36.49857412,0.3649857412
0.0001832576928,laser0,100,36.48925082,0.3648925082
0.0001834501331,laser0,100,36.49054654,0.3649054654
0.0001836425734,laser0,100,36.51131278,0.3651131278
0.0001838350137,laser0,100,36.51860298,0.3651860298
0.0001840274541,laser0,100,36.53207002,0.3653207002
0.0001842176034,laser0,100,36.52415231,0.3652415231
0.0001844054891,laser0,100,36.54837732,0.3654837732
0.000184591138,laser0,100,36.52898252,0.3652898252
0.000184776787,laser0,100,36.55822707,0.3655822707
0.0001849601992,laser0,100,36.53799722,0.3653799722
0.0001851436114,laser0,100,36.54535403,0.3654535403
0.0001853270236,laser0,100,36.54664916,0.3654664916
0.0001855081714,laser0,100,36.55239409,0.3655239409
0.0001856893193,laser0,100,36.55892796,0.3655892796
0.0001858704672,laser0,100,36.593537,0.36593537
0.000186051615,laser0,100,36.59559966,0.3659559966
0.0001862327629,laser0,100,36.60917094,0.3660917094
0.0001864139107,laser0,100,36.63222731,0.3663222731
0.0001865975065,laser0,100,36.62261038,0.3662261038
0.0001867811023,laser0,100,36.60858132,0.3660858132
0.0001869646981,laser0,100,36.57648113,0.3657648113
0.0001871482939,laser0,100,36.56328183,0.3656328183
0.0001873345505,laser0,100,36.55108066,0.3655108066
0.0001875208071,laser0,100,36.57578582,0.3657578582
0.0001877070638,laser0,100,36.58848774,0.3658848774
0.0001878961859,laser0,100,36.58782182,0.3658782182
0.0001880853079,laser0,100,36.59876567,0.3659876567
0.00018827443,laser0,100,36.61225964,0.3661225964
0.0001884635521,laser0,100,36.62351281,0.3662351281
0.0001886526742,laser0,100,36.63721271,0.3663721271
0.0001888483178,laser0,100,36.63580963,0.3663580963
0.000189047455,laser0,100,36.67286496,0.3667286496
0.0001892465921,laser0,100,36.79125964,0.3679125964
0.0001894421087,laser0,100,36.84892492,0.3684892492
0.000189645145,laser0,100,36.87828639,0.3687828639
0.0001898442769,laser0,100,36.89149705,0.3689149705
0.0001900434087,laser0,100,36.87260567,0.3687260567
0.0001902425405,laser0,100,36.87197135,0.3687197135
0.0001904338632,laser0,100,36.89568746,0.3689568746
0.0001906178274,laser0,100,36.87717566,0.3687717566
0.0001907948495,laser0,100,36.86780513,0.3686780513
0.0001909685316,laser0,100,36.86353677,0.3686353677
0.0001911389367,laser0,100,36.90181452,0.3690181452
0.0001913061266,laser0,100,36.87886156,0.3687886156
0.0001914733164,laser0,100,36.86632401,0.3686632401
0.0001916438501,laser0,100,36.85637383,0.3685637383
0.0001918179366,laser0,100,36.88126198,0.3688126198
0.0001919883962,laser0,100,36.90509586,0.3690509586
0.0001921588559,laser0,100,36.94178554,0.3694178554
0.0001923331035,laser0,100,36.94260698,0.3694260698
0.0001925073512,laser0,100,36.94723799,0.3694723799
0.0001926857476,laser0,100,36.96014585,0.3696014585
0.0001928686039,laser0,100,36.96185376,0.3696185376
0.0001930562722,laser0,100,36.924162,0.36924162
0.0001932491535,laser0,100,36.87255353,0.3687255353
0.0001934477078,laser0,100,36.88892243,0.3688892243
0.000193652467,laser0,100,36.90082242,0.3690082242
0.0001938640514,laser0,100,36.90901727,0.3690901727
0.0001940831924,laser0,100,36.93430984,0.3693430984
0.0001943023334,laser0,100,36.92961858,0.3692961858
0.0001945214745,laser0,100,36.94778087,0.3694778087
0.0001947406155,laser0,100,36.93953223,0.3693953223
0.0001949692844,laser0,100,36.94200712,0.3694200712
0.0001951979533,laser0,100,36.95013563,0.3695013563
0.0001954266222,laser0,100,36.95464762,0.3695464762
0.000195655291,laser0,100,36.95196714,0.3695196714
0.0001958839599,laser0,100,36.87163711,0.3687163711
0.0001961126288,laser0,100,36.83991051,0.3683991051
0.0001963285939,laser0,100,36.77830066,0.3677830066
0.0001965580568,laser0,100,36.78933827,0.3678933827
0.0001967875197,laser0,100,36.77059572,0.3677059572
0.0001970169825,laser0,100,36.76752738,0.3676752738
0.0001972464454,laser0,100,36.7618973,0.367618973
0.0001974759083,laser0,100,36.77474222,0.3677474222
0.0001977053712,laser0,100,36.77726442,0.3677726442
0.0001979348341,laser0,100,36.79328052,0.3679328052
0.0001981642969,laser0,100,36.77543463,0.3677543463
0.0001983937598,laser0,100,36.75085053,0.3675085053
0.0001986232227,laser0,100,36.75156885,0.3675156885
0.0001988526856,laser0,100,36.75761843,0.3675761843
0.0001990821485,laser0,100,36.74008763,0.3674008763
0.0001993116114,laser0,100,36.7319032,0.367319032
0.0001995410742,laser0,100,36.74441622,0.3674441622
0.0001997705371,laser0,100,36.75570212,0.3675570212
0.0002,laser0,100,36.75058199,0.3675058199
0.0002002564103,laser0,100,36.75781942,0.3675781942
0.0002005128205,laser0,100,36.76483595,0.3676483595
0.0002007659008,laser0,100,36.87152939,0.3687152939
0.0002010093704,laser0,100,36.8749752,0.368749752
0.0002012409634,laser0,100,36.96419447,0.3696419447
0.0002014642853,laser0,100,37.07060224,0.3707060224
0.0002016798169,laser0,100,37.05256854,0.3705256854
0.0002018880008,laser0,100,37.01970315,0.3701970315
0.0002020915064,laser0,100,37.03198445,0.3703198445
0.0002023211024,laser0,100,37.10142718,0.3710142718
0.0002025773183,laser0,100,37.09923134,0.3709923134
0.0002028373584,laser0,100,37.11258009,0.3711258009
0.0002030973984,laser0,100,37.10704763,0.3710704763
0.0002033574384,laser0,100,37.02201382,0.3702201382
0.0002036174784,laser0,100,36.92136694,0.3692136694
0.0002038775185,laser0,100,36.85391327,0.3685391327
0.0002041375585,laser0,100,36.87486898,0.3687486898
0.0002043934043,laser0,100,36.88134759,0.3688134759
0.0002046372574,laser0,100,36.88979146,0.3688979146
0.0002049021322,laser0,100,36.92062677,0.3692062677
0.0002051670071,laser0,100,36.90482989,0.3690482989
0.0002054272351,laser0,100,36.77086728,0.3677086728
0.0002056828976,laser0,100,36.76786865,0.3676786865
0.0002059340748,laser0,100,36.76850097,0.3676850097
0.0002061808455,laser0,100,36.74888519,0.3674888519
0.0002064232868,laser0,100,36.75487705,0.3675487705
0.0002066657281,laser0,100,36.74215135,0.3674215135
0.0002069038401,laser0,100,36.73548565,0.3673548565
0.0002071419521,laser0,100,36.72831833,0.3672831833
0.0002073800641,laser0,100,36.72542114,0.3672542114
0.0002076181761,laser0,100,36.72773878,0.3672773878
0.0002078562881,laser0,100,36.73424598,0.3673424598
0.0002080944001,laser0,100,36.75834246,0.3675834246
0.0002083325121,laser0,100,36.76366564,0.3676366564
0.0002085706241,laser0,100,36.7537957,0.367537957
0.0002088087361,laser0,100,36.75585741,0.3675585741
0.0002090468481,laser0,100,36.80422889,0.3680422889
0.0002092849601,laser0,100,36.7984501,0.367984501
0.0002095230721,laser0,100,36.8003983,0.368003983
0.0002097558927,laser0,100,36.79024883,0.3679024883
0.0002099835395,laser0,100,36.76343728,0.3676343728
0.0002102061275,laser0,100,36.74500538,0.3674500538
0.0002104190378,laser0,100,36.73203819,0.3673203819
0.0002106273196,laser0,100,36.72348263,0.3672348263
0.0002108616366,laser0,100,36.73078758,0.3673078758
0.0002110900957,laser0,100,36.72776374,0.3672776374
0.0002113128433,laser0,100,36.72388557,0.3672388557
0.0002115355909,laser0,100,36.71034516,0.3671034516
0.000211752627,laser0,100,36.70759648,0.3670759648
0.0002119696632,laser0,100,36.70712416,0.3670712416
0.0002121809878,laser0,100,36.67077919,0.3667077919
0.0002123923125,laser0,100,36.65271654,0.3665271654
0.0002126036371,laser0,100,36.66108839,0.3666108839
0.0002128149618,laser0,100,36.64612006,0.3664612006
0.0002130262864,laser0,100,36.64010545,0.3664010545
0.0002132376111,laser0,100,36.63066078,0.3663066078
0.0002134489357,laser0,100,36.60234893,0.3660234893
0.0002136602604,laser0,100,36.59197046,0.3659197046
0.000213871585,laser0,100,36.57874548,0.3657874548
0.0002140829097,laser0,100,36.57365736,0.3657365736
0.0002142869473,laser0,100,36.56980242,0.3656980242
0.0002144909849,laser0,100,36.5645504,0.365645504
0.0002146950225,laser0,100,36.54159373,0.3654159373
0.0002148990601,laser0,100,36.53244754,0.3653244754
0.0002151030977,laser0,100,36.51950699,0.3651950699
0.0002153071353,laser0,100,36.5157973,0.365157973
0.0002155111729,laser0,100,36.50305656,0.3650305656
0.0002157152105,laser0,100,36.50275368,0.3650275368
0.0002159192481,laser0,100,36.4889358,0.364889358
0.0002161232857,laser0,100,36.48489622,0.3648489622
0.0002163273233,laser0,100,36.51450071,0.3651450071
0.0002165313609,laser0,100,36.5185108,0.365185108
0.0002167353985,laser0,100,36.50894513,0.3650894513
0.000216939436,laser0,100,36.5035963,0.365035963
0.0002171434736,laser0,100,36.49938871,0.3649938871
0.0002173475112,laser0,100,36.50344394,0.3650344394
0.0002175515488,laser0,100,36.49611225,0.3649611225
0.0002177555864,laser0,100,36.48940315,0.3648940315
0.000217959624,laser0,100,36.48774677,0.3648774677
0.0002181636616,laser0,100,36.48910669,0.3648910669
0.0002183676992,laser0,100,36.47805161,0.3647805161
0.0002185717368,laser0,100,36.47504972,0.3647504972
0.0002187757744,laser0,100,36.47635292,0.3647635292
0.000218979812,laser0,100,36.47890193,0.3647890193
0.0002191838496,laser0,100,36.50152712,0.3650152712
0.0002193878872,laser0,100,36.50240285,0.3650240285
0.0002195919248,laser0,100,36.52356045,0.3652356045
0.0002197959624,laser0,100,36.53210869,0.3653210869
0.00022,laser0,100,36.53782811,0.3653782811
0.0002202105263,laser0,100,36.56500443,0.3656500443
0.0002204233164,laser0,100,36.64077039,0.3664077039
0.0002206361064,laser0,100,36.65344917,0.3665344917
0.0002208512608,laser0,100,36.70079483,0.3670079483
0.0002210688601,laser0,100,36.70536769,0.3670536769
0.0002212864594,laser0,100,36.72499023,0.3672499023
0.0002215066187,laser0,100,36.72494617,0.3672494617
0.000221726778,laser0,100,36.72148929,0.3672148929
0.0002219392573,laser0,100,36.7564459,0.367564459
0.000222137727,laser0,100,36.75889347,0.3675889347
0.0002223237924,laser0,100,36.75077928,0.3675077928
0.0002225005544,laser0,100,36.77897114,0.3677897114
0.0002226773165,laser0,100,36.78339878,0.3678339878
0.0002228522931,laser0,100,36.79518883,0.3679518883
0.0002230237702,laser0,100,36.7731174,0.367731174
0.0002231935325,laser0,100,36.77495379,0.3677495379
0.0002233632948,laser0,100,36.7740689,0.367740689
0.0002235330571,laser0,100,36.76533162,0.3676533162
0.0002237028194,laser0,100,36.78666395,0.3678666395
0.0002238641776,laser0,100,36.79053951,0.3679053951
0.0002240164023,laser0,100,36.79092887,0.3679092887
0.0002241864406,laser0,100,36.81313522,0.3681313522
0.0002243661401,laser0,100,36.80274605,0.3680274605
0.0002245591508,laser0,100,36.81276704,0.3681276704
0.0002247546046,laser0,100,36.82059076,0.3682059076
0.0002249475842,laser0,100,36.85722121,0.3685722121
0.0002251405639,laser0,100,36.86090314,0.3686090314
0.0002253310695,laser0,100,36.86810231,0.3686810231
0.0002255215751,laser0,100,36.80536915,0.3680536915
0.0002257120807,laser0,100,36.82955581,0.3682955581
0.0002259025863,laser0,100,36.86439752,0.3686439752
0.0002260930919,laser0,100,36.85378107,0.3685378107
0.0002262835975,laser0,100,36.8612951,0.368612951
0.0002264741031,laser0,100,36.84913817,0.3684913817
0.0002266646087,laser0,100,36.89781203,0.3689781203
0.0002268551142,laser0,100,36.89133436,0.3689133436
0.0002270456198,laser0,100,36.82452402,0.3682452402
0.0002272333645,laser0,100,36.8341473,0.368341473
0.0002274239113,laser0,100,36.83440755,0.3683440755
0.0002276144581,laser0,100,36.7922432,0.367922432
0.0002278050049,laser0,100,36.7918567,0.367918567
0.0002279955517,laser0,100,36.78376854,0.3678376854
0.0002281831212,laser0,100,36.79865298,0.3679865298
0.0002283706907,laser0,100,36.79334539,0.3679334539
0.0002285582602,laser0,100,36.79775426,0.3679775426
0.0002287428044,laser0,100,36.7880234,0.367880234
0.0002289243721,laser0,100,36.77730146,0.3677730146
0.0002291059397,laser0,100,36.78706978,0.3678706978
0.0002292905848,laser0,100,36.79426844,0.3679426844
0.0002294752299,laser0,100,36.79759927,0.3679759927
0.0002296631722,laser0,100,36.79919073,0.3679919073
0.000229854595,laser0,100,36.76527457,0.3676527457
0.0002300460177,laser0,100,36.75191519,0.3675191519
0.0002302411938,laser0,100,36.73846621,0.3673846621
0.0002304363699,laser0,100,36.74810587,0.3674810587
0.0002306315461,laser0,100,36.75386385,0.3675386385
0.0002308308749,laser0,100,36.77379664,0.3677379664
0.0002310302037,laser0,100,36.78873068,0.3678873068
0.0002312295325,laser0,100,36.76914585,0.3676914585
0.0002314288613,laser0,100,36.77715638,0.3677715638
0.0002316281901,laser0,100,36.78465605,0.3678465605
0.0002318323806,laser0,100,36.78334558,0.3678334558
0.0002320365711,laser0,100,36.74780431,0.3674780431
0.0002322407616,laser0,100,36.74090129,0.3674090129
0.000232444952,laser0,100,36.73065527,0.3673065527
0.0002326491425,laser0,100,36.72734274,0.3672734274
0.000232859167,laser0,100,36.76727362,0.3676727362
0.0002330691915,laser0,100,36.78427803,0.3678427803
0.000233279216,laser0,100,36.81902843,0.3681902843
0.0002334892405,laser0,100,36.82415806,0.3682415806
0.000233699265,laser0,100,36.84721236,0.3684721236
0.0002339165317,laser0,100,36.88066262,0.3688066262
0.0002341263065,laser0,100,36.88627842,0.3688627842
0.0002343360813,laser0,100,36.90045897,0.3690045897
0.0002345458561,laser0,100,36.90739393,0.3690739393
0.0002347556308,laser0,100,36.89979892,0.3689979892
0.0002349741462,laser0,100,36.84583328,0.3684583328
0.0002351926616,laser0,100,36.83115185,0.3683115185
0.000235411177,laser0,100,36.85870301,0.3685870301
0.0002356197598,laser0,100,36.84304062,0.3684304062
0.0002358283427,laser0,100,36.7996393,0.367996393
0.000236026993,laser0,100,36.78096383,0.3678096383
0.0002362161839,laser0,100,36.79530986,0.3679530986
0.0002364053747,laser0,100,36.81315602,0.3681315602
0.0002365945655,laser0,100,36.84024981,0.3684024981
0.0002367837563,laser0,100,36.81529079,0.3681529079
0.0002369624365,laser0,100,36.80463079,0.3680463079
0.0002371411167,laser0,100,36.81276815,0.3681276815
0.0002373197969,laser0,100,36.79871029,0.3679871029
0.0002374984771,laser0,100,36.75955049,0.3675955049
0.0002376771573,laser0,100,36.74071624,0.3674071624
0.0002378558375,laser0,100,36.72765839,0.3672765839
0.0002380345177,laser0,100,36.7240493,0.367240493
0.000238231066,laser0,100,36.72006725,0.3672006725
0.0002384276142,laser0,100,36.72074604,0.3672074604
0.0002386241624,laser0,100,36.68600464,0.3668600464
0.0002388207106,laser0,100,36.67825933,0.3667825933
0.0002390172589,laser0,100,36.68251616,0.3668251616
0.0002392138071,laser0,100,36.6689047,0.366689047
0.0002394103553,laser0,100,36.63552564,0.3663552564
0.0002396069035,laser0,100,36.62886126,0.3662886126
0.0002398034518,laser0,100,36.62457779,0.3662457779
0.00024,laser0,100,36.61044667,0.3661044667
0.0002402150538,laser0,100,36.6140242,0.366140242
0.0002404373565,laser0,100,36.58856085,0.3658856085
0.0002406547192,laser0,100,36.57766562,0.3657766562
0.0002408673047,laser0,100,36.57545987,0.3657545987
0.0002410775541,laser0,100,36.57225446,0.3657225446
0.0002412854931,laser0,100,36.54738155,0.3654738155
0.000241491147,laser0,100,36.55507659,0.3655507659
0.0002416968009,laser0,100,36.57945023,0.3657945023
0.0002419024549,laser0,100,36.5854551,0.365854551
0.0002421081088,laser0,100,36.55252081,0.3655252081
0.0002423137627,laser0,100,36.55757604,0.3655757604
0.0002425194166,laser0,100,36.59140268,0.3659140268
0.0002427250706,laser0,100,36.59230595,0.3659230595
0.0002429332022,laser0,100,36.59724694,0.3659724694
0.0002431413339,laser0,100,36.59227042,0.3659227042
0.0002433520672,laser0,100,36.58874511,0.3658874511
0.0002435655023,laser0,100,36.60610388,0.3660610388
0.0002437789373,laser0,100,36.59479093,0.3659479093
0.0002439923723,laser0,100,36.60283448,0.3660283448
0.0002442058074,laser0,100,36.60945665,0.3660945665
0.0002444192424,laser0,100,36.6159029,0.366159029
0.0002446326775,laser0,100,36.61804804,0.3661804804
0.0002448461125,laser0,100,36.60834904,0.3660834904
0.0002450595475,laser0,100,36.60944112,0.3660944112
0.0002452729826,laser0,100,36.60158668,0.3660158668
0.0002454833685,laser0,100,36.60564942,0.3660564942
0.0002456937545,laser0,100,36.62565737,0.3662565737
0.0002459041405,laser0,100,36.62526108,0.3662526108
0.0002461145264,laser0,100,36.61578964,0.3661578964
0.0002463249124,laser0,100,36.61742274,0.3661742274
0.0002465352983,laser0,100,36.61733517,0.3661733517
0.0002467456843,laser0,100,36.62226312,0.3662226312
0.000246952783,laser0,100,36.60603323,0.3660603323
0.0002471598817,laser0,100,36.6635724,0.366635724
0.0002473703754,laser0,100,36.66563421,0.3666563421
0.0002475808692,laser0,100,36.68694969,0.3668694969
0.0002477913629,laser0,100,36.66310189,0.3666310189
0.0002480018566,laser0,100,36.64632842,0.3664632842
0.0002482123504,laser0,100,36.56631419,0.3656631419
0.0002484228441,laser0,100,36.58669468,0.3658669468
0.0002486333379,laser0,100,36.58984904,0.3658984904
0.0002488438316,laser0,100,36.57917762,0.3657917762
0.0002490543254,laser0,100,36.62681557,0.3662681557
0.0002492689464,laser0,100,36.64463248,0.3664463248
0.0002494835675,laser0,100,36.66894339,0.3666894339
0.0002496981886,laser0,100,36.68416115,0.3668416115
0.0002499128096,laser0,100,36.68912126,0.3668912126
0.0002501320964,laser0,100,36.73218132,0.3673218132
0.0002503513831,laser0,100,36.73823889,0.3673823889
0.0002505757696,laser0,100,36.73845231,0.3673845231
0.000250800156,laser0,100,36.73598256,0.3673598256
0.0002510245425,laser0,100,36.75353662,0.3675353662
0.0002512489289,laser0,100,36.74476857,0.3674476857
0.0002514733153,laser0,100,36.73837016,0.3673837016
0.0002516977018,laser0,100,36.74329948,0.3674329948
0.0002519220882,laser0,100,36.76388017,0.3676388017
0.0002521464746,laser0,100,36.76847866,0.3676847866
0.0002523708611,laser0,100,36.75910556,0.3675910556
0.0002525952475,laser0,100,36.75912709,0.3675912709
0.000252819634,laser0,100,36.75600533,0.3675600533
0.0002530372208,laser0,100,36.76788969,0.3676788969
0.0002532548077,laser0,100,36.76377287,0.3676377287
0.0002534655949,laser0,100,36.75256526,0.3675256526
0.0002536834084,laser0,100,36.74673028,0.3674673028
0.0002538939615,laser0,100,36.72387299,0.3672387299
0.0002540974961,laser0,100,36.70379661,0.3670379661
0.0002542878994,laser0,100,36.69458285,0.3669458285
0.0002544721608,laser0,100,36.68474396,0.3668474396
0.0002546504781,laser0,100,36.68121742,0.3668121742
0.0002548287955,laser0,100,36.68869892,0.3668869892
0.0002550071129,laser0,100,36.68395471,0.3668395471
0.0002551854303,laser0,100,36.66324684,0.3666324684
0.0002553637477,laser0,100,36.6681904,0.366681904
0.0002555491978,laser0,100,36.67227862,0.3667227862
0.0002557346479,laser0,100,36.67263262,0.3667263262
0.000255920098,laser0,100,36.69228096,0.3669228096
0.000256114379,laser0,100,36.68605718,0.3668605718
0.0002563086601,laser0,100,36.68477666,0.3668477666
0.0002565029411,laser0,100,36.69246932,0.3669246932
0.0002567086505,laser0,100,36.69965002,0.3669965002
0.0002569143598,laser0,100,36.68525576,0.3668525576
0.0002571072123,laser0,100,36.69858402,0.3669858402
0.0002573000649,laser0,100,36.6805617,0.366805617
0.0002574929174,laser0,100,36.69504349,0.3669504349
0.0002576857699,laser0,100,36.67940853,0.3667940853
0.0002578786224,laser0,100,36.68103375,0.3668103375
0.0002580714749,laser0,100,36.67466521,0.3667466521
0.0002582643274,laser0,100,36.66314607,0.3666314607
0.0002584571799,laser0,100,36.65930064,0.3665930064
0.0002586500324,laser0,100,36.61669865,0.3661669865
0.0002588428849,laser0,100,36.60880698,0.3660880698
0.0002590357374,laser0,100,36.60975065,0.3660975065
0.00025922859,laser0,100,36.61150495,0.3661150495
0.0002594214425,laser0,100,36.62609038,0.3662609038
0.000259614295,laser0,100,36.6337131,0.366337131
0.0002598071475,laser0,100,36.64360112,0.3664360112
0.00026,laser0,100,36.65362809,0.3665362809
0.0002601869159,laser0,100,36.65301729,0.3665301729
0.0002603720849,laser0,100,36.6768383,0.366768383
0.0002605572539,laser0,100,36.68895804,0.3668895804
0.0002607424229,laser0,100,36.69609333,0.3669609333
0.0002609293897,laser0,100,36.69255415,0.3669255415
0.0002611163565,laser0,100,36.69830508,0.3669830508
0.0002613033232,laser0,100,36.72037406,0.3672037406
0.00026149029,laser0,100,36.70866135,0.3670866135
0.0002616791646,laser0,100,36.74279142,0.3674279142
0.0002618700066,laser0,100,36.73955691,0.3673955691
0.0002620628789,laser0,100,36.75968049,0.3675968049
0.0002622599901,laser0,100,36.75812138,0.3675812138
0.0002624615811,laser0,100,36.76478774,0.3676478774
0.0002626631722,laser0,100,36.795153,0.36795153
0.0002628647632,laser0,100,36.81542126,0.3681542126
0.0002630687541,laser0,100,36.81027441,0.3681027441
0.000263272745,laser0,100,36.83042803,0.3683042803
0.0002634818357,laser0,100,36.89192818,0.3689192818
0.0002636963573,laser0,100,36.90347079,0.3690347079
0.0002639196949,laser0,100,36.89710924,0.3689710924
0.0002641430324,laser0,100,36.88632861,0.3688632861
0.00026436637,laser0,100,36.89705309,0.3689705309
0.000264586562,laser0,100,36.93488406,0.3693488406
0.000264806754,laser0,100,36.96267677,0.3696267677
0.0002650269459,laser0,100,36.98136672,0.3698136672
0.0002652471379,laser0,100,36.97738495,0.3697738495
0.0002654673299,laser0,100,37.00837643,0.3700837643
0.0002656875218,laser0,100,37.02766804,0.3702766804
0.0002659043776,laser0,100,37.01190548,0.3701190548
0.0002661212333,laser0,100,37.06094476,0.3706094476
0.000266338089,laser0,100,37.06382882,0.3706382882
0.0002665515564,laser0,100,37.08885013,0.3708885013
0.0002667650238,laser0,100,37.08290989,0.3708290989
0.0002669751027,laser0,100,37.04727734,0.3704727734
0.0002671851817,laser0,100,37.06327917,0.3706327917
0.0002673918723,laser0,100,37.02258145,0.3702258145
0.000267598563,laser0,100,37.01831524,0.3701831524
0.0002678052536,laser0,100,37.0013577,0.370013577
0.0002680084994,laser0,100,36.93773479,0.3693773479
0.0002682083577,laser0,100,36.89342192,0.3689342192
0.000268408216,laser0,100,36.8178768,0.368178768
0.000268604687,laser0,100,36.8083159,0.368083159
0.0002688011579,laser0,100,36.8154248,0.368154248
0.0002689976288,laser0,100,36.80496722,0.3680496722
0.0002691940997,laser0,100,36.80744981,0.3680744981
0.0002693870622,laser0,100,36.78727967,0.3678727967
0.0002695800247,laser0,100,36.78169041,0.3678169041
0.0002697729872,laser0,100,36.78033098,0.3678033098
0.0002699659497,laser0,100,36.75597179,0.3675597179
0.0002701589122,laser0,100,36.7242833,0.367242833
0.0002703518747,laser0,100,36.73441794,0.3673441794
0.0002705487752,laser0,100,36.70794506,0.3670794506
0.0002707456758,laser0,100,36.69495368,0.3669495368
0.0002709425763,laser0,100,36.72308992,0.3672308992
0.0002711394768,laser0,100,36.710975,0.36710975
0.0002713363773,laser0,100,36.71078028,0.3671078028
0.0002715378569,laser0,100,36.66962147,0.3666962147
0.0002717393365,laser0,100,36.66707298,0.3666707298
0.0002719408161,laser0,100,36.67614211,0.3667614211
0.0002721373816,laser0,100,36.65244954,0.3665244954
0.000272333947,laser0,100,36.66763504,0.3666763504
0.0002725305125,laser0,100,36.65008264,0.3665008264
0.0002727270779,laser0,100,36.63007516,0.3663007516
0.0002729236434,laser0,100,36.62302662,0.3662302662
0.0002731202089,laser0,100,36.6301539,0.366301539
0.0002733167743,laser0,100,36.63437453,0.3663437453
0.0002735133398,laser0,100,36.66248876,0.3666248876
0.0002737099053,laser0,100,36.68443584,0.3668443584
0.0002739064707,laser0,100,36.70925952,0.3670925952
0.0002741030362,laser0,100,36.69714003,0.3669714003
0.0002742996016,laser0,100,36.71063624,0.3671063624
0.0002744961671,laser0,100,36.76217557,0.3676217557
0.0002746927326,laser0,100,36.77063952,0.3677063952
0.000274889298,laser0,100,36.7796135,0.367796135
0.0002750858635,laser0,100,36.76577137,0.3676577137
0.0002752824289,laser0,100,36.76253537,0.3676253537
0.0002754789944,laser0,100,36.79031955,0.3679031955
0.0002756755599,laser0,100,36.76845058,0.3676845058
0.0002758721253,laser0,100,36.80542981,0.3680542981
0.0002760686908,laser0,100,36.85591843,0.3685591843
0.0002762652562,laser0,100,36.82799264,0.3682799264
0.0002764618217,laser0,100,36.83945604,0.3683945604
0.0002766583872,laser0,100,36.83227329,0.3683227329
0.0002768549526,laser0,100,36.83754492,0.3683754492
0.0002770646225,laser0,100,36.83325097,0.3683325097
0.0002772742923,laser0,100,36.7882633,0.367882633
0.0002774839621,laser0,100,36.78667376,0.3678667376
0.0002776936319,laser0,100,36.7621144,0.367621144
0.0002779033018,laser0,100,36.68822617,0.3668822617
0.0002781129716,laser0,100,36.67186981,0.3667186981
0.0002783226414,laser0,100,36.63679609,0.3663679609
0.0002785323112,laser0,100,36.6107433,0.366107433
0.0002787419811,laser0,100,36.61991964,0.3661991964
0.0002789516509,laser0,100,36.61993869,0.3661993869
0.0002791613207,laser0,100,36.61378329,0.3661378329
0.0002793709905,laser0,100,36.58757396,0.3658757396
0.0002795806604,laser0,100,36.58745026,0.3658745026
0.0002797903302,laser0,100,36.59816725,0.3659816725
0.00028,laser0,100,36.57662103,0.3657662103
0.0002802061856,laser0,100,36.55764669,0.3655764669
0.0002804123711,laser0,100,36.54829497,0.3654829497
0.0002806185567,laser0,100,36.5370229,0.365370229
0.0002808225719,laser0,100,36.54046546,0.3654046546
0.0002810244396,laser0,100,36.5502928,0.365502928
0.0002812263072,laser0,100,36.55806797,0.3655806797
0.0002814260274,laser0,100,36.55962898,0.3655962898
0.0002816257475,laser0,100,36.55932843,0.3655932843
0.0002818233201,laser0,100,36.56165177,0.3656165177
0.0002820187683,laser0,100,36.54913749,0.3654913749
0.0002822142164,laser0,100,36.54691926,0.3654691926
0.0002824096646,laser0,100,36.53880971,0.3653880971
0.000282602965,laser0,100,36.54634933,0.3654634933
0.0002827941412,laser0,100,36.5926978,0.365926978
0.0002829715212,laser0,100,36.5941386,0.365941386
0.000283141806,laser0,100,36.60654277,0.3660654277
0.0002833087188,laser0,100,36.62598195,0.3662598195
0.000283473979,laser0,100,36.62341294,0.3662341294
0.0002836392392,laser0,100,36.62580536,0.3662580536
0.0002838061858,laser0,100,36.60426922,0.3660426922
0.0002839731323,laser0,100,36.59912504,0.3659912504
0.0002841383577,laser0,100,36.59962771,0.3659962771
0.0002843126615,laser0,100,36.58403797,0.3658403797
0.0002844929757,laser0,100,36.58108894,0.3658108894
0.0002846775832,laser0,100,36.6000805,0.366000805
0.0002848667488,laser0,100,36.61497326,0.3661497326
0.0002850559144,laser0,100,36.63174024,0.3663174024
0.0002852427155,laser0,100,36.64742901,0.3664742901
0.0002854295166,laser0,100,36.64742942,0.3664742942
0.0002856139531,laser0,100,36.73283346,0.3673283346
0.0002857983896,laser0,100,36.72971765,0.3672971765
0.0002859828261,laser0,100,36.72679947,0.3672679947
0.0002861672626,laser0,100,36.71493279,0.3671493279
0.0002863516991,laser0,100,36.71677479,0.3671677479
0.0002865361356,laser0,100,36.71397178,0.3671397178
0.0002867205721,laser0,100,36.70970225,0.3670970225
0.0002869076063,laser0,100,36.7189821,0.367189821
0.0002870946405,laser0,100,36.73672014,0.3673672014
0.0002872816747,laser0,100,36.73446965,0.3673446965
0.0002874687089,laser0,100,36.74269031,0.3674269031
0.0002876585769,laser0,100,36.74849413,0.3674849413
0.000287848445,laser0,100,36.7572026,0.367572026
0.0002880413268,laser0,100,36.74109581,0.3674109581
0.0002882342086,laser0,100,36.75020323,0.3675020323
0.0002884270904,laser0,100,36.65923963,0.3665923963
0.0002886199723,laser0,100,36.66280313,0.3666280313
0.0002888128541,laser0,100,36.64808742,0.3664808742
0.0002890057359,laser0,100,36.62845967,0.3662845967
0.0002891986177,laser0,100,36.63142481,0.3663142481
0.0002893914996,laser0,100,36.62799779,0.3662799779
0.0002895843814,laser0,100,36.62850308,0.3662850308
0.0002897772632,laser0,100,36.62853416,0.3662853416
0.000289970145,laser0,100,36.64665977,0.3664665977
0.0002901630269,laser0,100,36.64712998,0.3664712998
0.0002903559087,laser0,100,36.66847572,0.3666847572
0.0002905487905,laser0,100,36.68300579,0.3668300579
0.0002907416723,laser0,100,36.67418522,0.3667418522
0.0002909345542,laser0,100,36.67755637,0.3667755637
0.000291127436,laser0,100,36.6825335,0.366825335
0.0002913203178,laser0,100,36.6840729,0.366840729
0.0002915090066,laser0,100,36.69561888,0.3669561888
0.0002916976953,laser0,100,36.68569381,0.3668569381
0.0002918863841,laser0,100,36.66732187,0.3666732187
0.0002920750728,laser0,100,36.65149804,0.3665149804
0.0002922683637,laser0,100,36.67426912,0.3667426912
0.0002924616546,laser0,100,36.67323793,0.3667323793
0.0002926549455,laser0,100,36.67346917,0.3667346917
0.0002928482364,laser0,100,36.6735979,0.366735979
0.0002930468965,laser0,100,36.66045026,0.3666045026
0.0002932455566,laser0,100,36.68091968,0.3668091968
0.0002934502367,laser0,100,36.66385377,0.3666385377
0.0002936549168,laser0,100,36.62735076,0.3662735076
0.0002938595969,laser0,100,36.62779322,0.3662779322
0.000294064277,laser0,100,36.63828583,0.3663828583
0.0002942689571,laser0,100,36.64208212,0.3664208212
0.0002944736372,laser0,100,36.63806743,0.3663806743
0.0002946783173,laser0,100,36.65037983,0.3665037983
0.0002948829974,laser0,100,36.64781077,0.3664781077
0.0002950962059,laser0,100,36.65429368,0.3665429368
0.0002953094143,laser0,100,36.6534395,0.366534395
0.0002955226228,laser0,100,36.6350375,0.366350375
0.0002957358312,laser0,100,36.63594971,0.3663594971
0.0002959490396,laser0,100,36.65287665,0.3665287665
0.0002961622481,laser0,100,36.61961973,0.3661961973
0.0002963754565,laser0,100,36.60800875,0.3660800875
0.000296588665,laser0,100,36.58824178,0.3658824178
0.0002968018734,laser0,100,36.58279143,0.3658279143
0.0002970150818,laser0,100,36.5684283,0.365684283
0.0002972282903,laser0,100,36.5581668,0.365581668
0.0002974414987,laser0,100,36.54997585,0.3654997585
0.0002976740897,laser0,100,36.5550756,0.365550756
0.0002979066808,laser0,100,36.54993677,0.3654993677
0.0002981392718,laser0,100,36.54758154,0.3654758154
0.0002983718628,laser0,100,36.54830075,0.3654830075
0.0002986044538,laser0,100,36.56010205,0.3656010205
0.0002988370449,laser0,100,36.56159858,0.3656159858
0.0002990696359,laser0,100,36.55734279,0.3655734279
0.0002993022269,laser0,100,36.55217603,0.3655217603
0.0002995348179,laser0,100,36.53416886,0.3653416886
0.000299767409,laser0,100,36.54542875,0.3654542875
0.0003,laser0,100,36.75377968,0.3675377968
0.000300212766,laser0,100,36.54065083,0.3654065083
0.0003004255319,laser0,100,36.53543152,0.3653543152
0.0003006382979,laser0,100,36.54772174,0.3654772174
0.0003008510638,laser0,100,36.56117059,0.3656117059
0.0003010638298,laser0,100,36.55868671,0.3655868671
0.0003012866083,laser0,100,36.6065691,0.366065691
0.0003015120708,laser0,100,36.61251518,0.3661251518
0.0003017375334,laser0,100,36.61461802,0.3661461802
0.0003019658142,laser0,100,36.60146214,0.3660146214
0.000302194095,laser0,100,36.58824232,0.3658824232
0.0003024223759,laser0,100,36.60244316,0.3660244316
0.0003026506567,laser0,100,36.60888552,0.3660888552
0.0003028789375,laser0,100,36.6114267,0.366114267
0.0003031042147,laser0,100,36.6065471,0.366065471
0.0003033265276,laser0,100,36.6105058,0.366105058
0.0003035430662,laser0,100,36.56035,0.3656035
0.0003037540526,laser0,100,36.56394433,0.3656394433
0.0003039596975,laser0,100,36.57899037,0.3657899037
0.0003041602012,laser0,100,36.58829251,0.3658829251
0.0003043557543,laser0,100,36.59352611,0.3659352611
0.0003045488932,laser0,100,36.60730638,0.3660730638
0.000304742032,laser0,100,36.60278332,0.3660278332
0.0003049351708,laser0,100,36.60363465,0.3660363465
0.000305130818,laser0,100,36.61098546,0.3661098546
0.0003053290737,laser0,100,36.61505636,0.3661505636
0.0003055273295,laser0,100,36.6055515,0.366055515
0.0003057255852,laser0,100,36.60646424,0.3660646424
0.0003059211252,laser0,100,36.59852492,0.3659852492
0.0003061139865,laser0,100,36.5953505,0.365953505
0.0003063042058,laser0,100,36.59624289,0.3659624289
0.0003064892841,laser0,100,36.60386155,0.3660386155
0.0003066670567,laser0,100,36.60670318,0.3660670318
0.0003068424902,laser0,100,36.61175783,0.3661175783
0.0003070133669,laser0,100,36.60891481,0.3660891481
0.0003071842437,laser0,100,36.60971226,0.3660971226
0.000307352872,laser0,100,36.61951925,0.3661951925
0.0003075215004,laser0,100,36.62815577,0.3662815577
0.0003076901288,laser0,100,36.62295358,0.3662295358
0.0003078587572,laser0,100,36.63055069,0.3663055069
0.0003080297606,laser0,100,36.6260504,0.366260504
0.0003082032423,laser0,100,36.62218549,0.3662218549
0.0003083793133,laser0,100,36.60770832,0.3660770832
0.0003085608866,laser0,100,36.60841606,0.3660841606
0.000308748413,laser0,100,36.60572264,0.3660572264
0.0003089424059,laser0,100,36.60851632,0.3660851632
0.0003091434531,laser0,100,36.60257095,0.3660257095
0.0003093482936,laser0,100,36.59897723,0.3659897723
0.0003095571505,laser0,100,36.59671157,0.3659671157
0.0003097660075,laser0,100,36.59665207,0.3659665207
0.0003099748645,laser0,100,36.59220086,0.3659220086
0.0003101794591,laser0,100,36.60292402,0.3660292402
0.0003103840537,laser0,100,36.60721389,0.3660721389
0.0003105843859,laser0,100,36.61408657,0.3661408657
0.0003107805446,laser0,100,36.61573796,0.3661573796
0.0003109726166,laser0,100,36.60559307,0.3660559307
0.0003111646885,laser0,100,36.61236912,0.3661236912
0.0003113526739,laser0,100,36.60817528,0.3660817528
0.0003115406592,laser0,100,36.61537909,0.3661537909
0.000311724558,laser0,100,36.61148926,0.3661148926
0.0003119084567,laser0,100,36.61197805,0.3661197805
0.0003120923554,laser0,100,36.60973771,0.3660973771
0.0003122762541,laser0,100,36.6204858,0.366204858
0.0003124646381,laser0,100,36.62308629,0.3662308629
0.0003126530222,laser0,100,36.63779996,0.3663779996
0.0003128414062,laser0,100,36.64673734,0.3664673734
0.0003130297903,laser0,100,36.64160901,0.3664160901
0.0003132234072,laser0,100,36.64460657,0.3664460657
0.0003134170242,laser0,100,36.65330477,0.3665330477
0.0003136106411,laser0,100,36.64050976,0.3664050976
0.000313804258,laser0,100,36.64981492,0.3664981492
0.000313997875,laser0,100,36.65216708,0.3665216708
0.0003141914919,laser0,100,36.62690653,0.3662690653
0.0003143851088,laser0,100,36.63787471,0.3663787471
0.0003145787258,laser0,100,36.68708793,0.3668708793
0.0003147723427,laser0,100,36.69813585,0.3669813585
0.0003149659596,laser0,100,36.70345967,0.3670345967
0.0003151595766,laser0,100,36.68723444,0.3668723444
0.0003153531935,laser0,100,36.69660108,0.3669660108
0.0003155468105,laser0,100,36.71039739,0.3671039739
0.0003157404274,laser0,100,36.72997897,0.3672997897
0.0003159340443,laser0,100,36.72627388,0.3672627388
0.0003161276613,laser0,100,36.73111685,0.3673111685
0.0003163212782,laser0,100,36.73779221,0.3673779221
0.0003165148951,laser0,100,36.77696815,0.3677696815
0.0003167085121,laser0,100,36.77716668,0.3677716668
0.000316902129,laser0,100,36.76422009,0.3676422009
0.0003170957459,laser0,100,36.78329286,0.3678329286
0.0003172893629,laser0,100,36.80410802,0.3680410802
0.0003174829798,laser0,100,36.83453321,0.3683453321
0.0003176765968,laser0,100,36.83102014,0.3683102014
0.0003178702137,laser0,100,36.83435768,0.3683435768
0.0003180638306,laser0,100,36.84082786,0.3684082786
0.0003182574476,laser0,100,36.86796544,0.3686796544
0.0003184510645,laser0,100,36.87960453,0.3687960453
0.0003186446814,laser0,100,36.8732902,0.368732902
0.0003188382984,laser0,100,36.8379665,0.368379665
0.0003190319153,laser0,100,36.816277,0.36816277
0.0003192255323,laser0,100,36.80648042,0.3680648042
0.0003194191492,laser0,100,36.82901885,0.3682901885
0.0003196127661,laser0,100,36.83955468,0.3683955468
0.0003198063831,laser0,100,36.83111967,0.3683111967
0.00032,laser0,100,36.83755699,0.3683755699
0.0003201980198,laser0,100,36.82497861,0.3682497861
0.0003203960396,laser0,100,36.84491136,0.3684491136
0.0003205940594,laser0,100,36.8529781,0.368529781
0.0003207920792,laser0,100,36.87367619,0.3687367619
0.000320990099,laser0,100,36.83254272,0.3683254272
0.0003211881188,laser0,100,36.80948868,0.3680948868
0.0003213882452,laser0,100,36.80337797,0.3680337797
0.0003215905469,laser0,100,36.78285133,0.3678285133
0.0003217928486,laser0,100,36.78394141,0.3678394141
0.0003219974233,laser0,100,36.78324117,0.3678324117
0.000322201998,laser0,100,36.7655232,0.367655232
0.0003224113863,laser0,100,36.7659131,0.367659131
0.0003226232973,laser0,100,36.74120492,0.3674120492
0.0003228352083,laser0,100,36.72625403,0.3672625403
0.0003230395511,laser0,100,36.70136891,0.3670136891
0.0003232322835,laser0,100,36.68077002,0.3668077002
0.0003234185914,laser0,100,36.67281399,0.3667281399
0.0003235988241,laser0,100,36.66297133,0.3666297133
0.0003237751808,laser0,100,36.6605197,0.366605197
0.0003239477853,laser0,100,36.66806622,0.3666806622
0.0003241185535,laser0,100,36.64559883,0.3664559883
0.0003242893218,laser0,100,36.62177248,0.3662177248
0.0003244619666,laser0,100,36.61481895,0.3661481895
0.0003246365512,laser0,100,36.58787731,0.3658787731
0.000324815196,laser0,100,36.58760812,0.3658760812
0.0003249981454,laser0,100,36.58740957,0.3658740957
0.0003251856686,laser0,100,36.58018284,0.3658018284
0.0003253780625,laser0,100,36.57984116,0.3657984116
0.0003255704565,laser0,100,36.57036084,0.3657036084
0.0003257628504,laser0,100,36.55408323,0.3655408323
0.000325952679,laser0,100,36.57443329,0.3657443329
0.0003261399766,laser0,100,36.56567047,0.3656567047
0.0003263272743,laser0,100,36.5419681,0.365419681
0.0003265145719,laser0,100,36.54084281,0.3654084281
0.0003267045075,laser0,100,36.53491115,0.3653491115
0.0003269029477,laser0,100,36.52849912,0.3652849912
0.0003271013879,laser0,100,36.53137673,0.3653137673
0.000327299828,laser0,100,36.53368519,0.3653368519
0.0003274982682,laser0,100,36.53177709,0.3653177709
0.0003276967084,laser0,100,36.5311716,0.365311716
0.0003278951486,laser0,100,36.52193231,0.3652193231
0.0003280935888,laser0,100,36.52152753,0.3652152753
0.000328292029,laser0,100,36.52630559,0.3652630559
0.0003284904692,laser0,100,36.52335163,0.3652335163
0.0003286889093,laser0,100,36.6095751,0.366095751
0.0003288873495,laser0,100,36.79676322,0.3679676322
0.0003290857897,laser0,100,36.79636878,0.3679636878
0.0003292879047,laser0,100,36.81794464,0.3681794464
0.0003294900197,laser0,100,36.82568955,0.3682568955
0.0003296921347,laser0,100,36.83728551,0.3683728551
0.0003298942497,laser0,100,36.76607572,0.3676607572
0.0003300963647,laser0,100,36.76351912,0.3676351912
0.0003302984798,laser0,100,36.85007385,0.3685007385
0.0003305005948,laser0,100,36.87680519,0.3687680519
0.0003307027098,laser0,100,36.90384454,0.3690384454
0.0003309048248,laser0,100,36.89239046,0.3689239046
0.0003311069398,laser0,100,36.77430097,0.3677430097
0.0003313090548,laser0,100,36.76540807,0.3676540807
0.0003315111698,laser0,100,36.65489754,0.3665489754
0.0003317132848,laser0,100,36.59689497,0.3659689497
0.0003319204527,laser0,100,36.59194987,0.3659194987
0.0003321276205,laser0,100,36.59313929,0.3659313929
0.0003323347884,laser0,100,36.58347596,0.3658347596
0.0003325419563,laser0,100,36.57639648,0.3657639648
0.0003327435251,laser0,100,36.57054553,0.3657054553
0.0003329450938,laser0,100,36.56907875,0.3656907875
0.0003331410634,laser0,100,36.57317189,0.3657317189
0.0003333315894,laser0,100,36.56262903,0.3656262903
0.0003335221155,laser0,100,36.56280513,0.3656280513
0.0003337071979,laser0,100,36.55256744,0.3655256744
0.0003338922803,laser0,100,36.55479914,0.3655479914
0.0003340719191,laser0,100,36.54123554,0.3654123554
0.0003342515579,laser0,100,36.53118323,0.3653118323
0.0003344311967,laser0,100,36.54339962,0.3654339962
0.0003346108355,laser0,100,36.54123629,0.3654123629
0.0003347966688,laser0,100,36.53840594,0.3653840594
0.0003349825021,laser0,100,36.52974651,0.3652974651
0.0003351754827,laser0,100,36.5308908,0.365308908
0.0003353684634,laser0,100,36.55118831,0.3655118831
0.0003355614441,laser0,100,36.56158091,0.3656158091
0.0003357631967,laser0,100,36.56937853,0.3656937853
0.0003359649492,laser0,100,36.57993333,0.3657993333
0.0003361667017,laser0,100,36.58481392,0.3658481392
0.0003363684543,laser0,100,36.57223505,0.3657223505
0.0003365702068,laser0,100,36.58199661,0.3658199661
0.0003367719594,laser0,100,36.5815587,0.365815587
0.0003369737119,laser0,100,36.58608051,0.3658608051
0.0003371754644,laser0,100,36.58026692,0.3658026692
0.000337377217,laser0,100,36.58789188,0.3658789188
0.0003375789695,laser0,100,36.58144943,0.3658144943
0.0003377652026,laser0,100,36.59502636,0.3659502636
0.0003379514358,laser0,100,36.598093,0.36598093
0.0003381376689,laser0,100,36.64223667,0.3664223667
0.000338323902,laser0,100,36.66422635,0.3666422635
0.0003385101351,laser0,100,36.6633651,0.366633651
0.0003386963682,laser0,100,36.69405176,0.3669405176
0.0003388826013,laser0,100,36.67150136,0.3667150136
0.0003390688344,laser0,100,36.67796946,0.3667796946
0.0003392550675,laser0,100,36.67072961,0.3667072961
0.0003394413007,laser0,100,36.67259317,0.3667259317
0.0003396275338,laser0,100,36.67603927,0.3667603927
0.0003398137669,laser0,100,36.67214686,0.3667214686
0.00034,laser0,100,36.67360656,0.3667360656
0.0003401980198,laser0,100,36.68113003,0.3668113003
0.0003403960396,laser0,100,36.70664662,0.3670664662
0.0003405940594,laser0,100,36.71486712,0.3671486712
0.0003407920792,laser0,100,36.72114914,0.3672114914
0.0003409921617,laser0,100,36.72533567,0.3672533567
0.0003411922442,laser0,100,36.72954975,0.3672954975
0.0003413923267,laser0,100,36.71543439,0.3671543439
0.0003415924092,laser0,100,36.70431601,0.3670431601
0.0003417924917,laser0,100,36.71400712,0.3671400712
0.0003419925743,laser0,100,36.69962952,0.3669962952
0.0003421926568,laser0,100,36.71137147,0.3671137147
0.0003423927393,laser0,100,36.70452116,0.3670452116
0.0003425928218,laser0,100,36.70355952,0.3670355952
0.0003427952308,laser0,100,36.70046796,0.3670046796
0.0003429976399,laser0,100,36.68958558,0.3668958558
0.0003432000489,laser0,100,36.68884964,0.3668884964
0.000343402458,laser0,100,36.66968273,0.3666968273
0.000343604867,laser0,100,36.65706803,0.3665706803
0.0003438098062,laser0,100,36.67878925,0.3667878925
0.0003440147454,laser0,100,36.68308785,0.3668308785
0.0003442196845,laser0,100,36.66147505,0.3666147505
0.0003444246237,laser0,100,36.65762855,0.3665762855
0.0003446322954,laser0,100,36.62158117,0.3662158117
0.000344839967,laser0,100,36.58936295,0.3658936295
0.0003450476387,laser0,100,36.59747064,0.3659747064
0.0003452582354,laser0,100,36.59570344,0.3659570344
0.000345468832,laser0,100,36.60684634,0.3660684634
0.0003456794286,laser0,100,36.58223003,0.3658223003
0.0003458931685,laser0,100,36.55991983,0.3655991983
0.0003461069084,laser0,100,36.57313974,0.3657313974
0.0003463206483,laser0,100,36.57322785,0.3657322785
0.0003465343881,laser0,100,36.56433522,0.3656433522
0.0003467515754,laser0,100,36.55457661,0.3655457661
0.0003469687627,laser0,100,36.56317269,0.3656317269
0.00034718595,laser0,100,36.53349141,0.3653349141
0.0003473995175,laser0,100,36.54309394,0.3654309394
0.0003476095255,laser0,100,36.54727544,0.3654727544
0.000347830784,laser0,100,36.5616902,0.365616902
0.0003480520425,laser0,100,36.56640193,0.3656640193
0.000348273301,laser0,100,36.55639805,0.3655639805
0.0003484945594,laser0,100,36.55083221,0.3655083221
0.0003487116432,laser0,100,36.54533899,0.3654533899
0.0003489246311,laser0,100,36.5316624,0.365316624
0.0003491336003,laser0,100,36.57819876,0.3657819876
0.0003493425695,laser0,100,36.58456836,0.3658456836
0.0003495399293,laser0,100,36.60216081,0.3660216081
0.0003497172187,laser0,100,36.58810312,0.3658810312
0.0003498778871,laser0,100,36.59164404,0.3659164404
0.0003500204521,laser0,100,36.57760515,0.3657760515
0.0003501630171,laser0,100,36.57723775,0.3657723775
0.0003503216781,laser0,100,36.57549249,0.3657549249
0.0003504885457,laser0,100,36.57680814,0.3657680814
0.0003506583931,laser0,100,36.57564247,0.3657564247
0.0003508380394,laser0,100,36.57929226,0.3657929226
0.0003510329747,laser0,100,36.56178748,0.3656178748
0.0003512237625,laser0,100,36.54002592,0.3654002592
0.0003514145503,laser0,100,36.54746246,0.3654746246
0.000351605338,laser0,100,36.55121591,0.3655121591
0.0003517961258,laser0,100,36.57750397,0.3657750397
0.0003519825775,laser0,100,36.59394694,0.3659394694
0.0003521690292,laser0,100,36.60865429,0.3660865429
0.0003523554809,laser0,100,36.61628843,0.3661628843
0.0003525419326,laser0,100,36.63558196,0.3663558196
0.0003527283842,laser0,100,36.64970569,0.3664970569
0.0003529148359,laser0,100,36.62964784,0.3662964784
0.0003531012876,laser0,100,36.6371295,0.366371295
0.0003532877393,laser0,100,36.62993533,0.3662993533
0.000353474191,laser0,100,36.65000866,0.3665000866
0.0003536606427,laser0,100,36.64063401,0.3664063401
0.0003538470944,laser0,100,36.64846719,0.3664846719
0.000354033546,laser0,100,36.67349451,0.3667349451
0.0003542199977,laser0,100,36.68786828,0.3668786828
0.0003544064494,laser0,100,36.71252428,0.3671252428
0.0003545929011,laser0,100,36.72971143,0.3672971143
0.0003547793528,laser0,100,36.75406098,0.3675406098
0.0003549658045,laser0,100,36.76883202,0.3676883202
0.0003551594274,laser0,100,36.7647404,0.367647404
0.0003553530503,laser0,100,36.76347189,0.3676347189
0.0003555466732,laser0,100,36.77155317,0.3677155317
0.0003557402961,laser0,100,36.78915114,0.3678915114
0.000355933919,laser0,100,36.79731419,0.3679731419
0.0003561275419,laser0,100,36.82297346,0.3682297346
0.0003563211648,laser0,100,36.84657019,0.3684657019
0.0003565147877,laser0,100,36.87170094,0.3687170094
0.0003567084106,laser0,100,36.87222989,0.3687222989
0.0003569020335,laser0,100,36.84443941,0.3684443941
0.0003570956564,laser0,100,36.8098532,0.368098532
0.0003572892793,laser0,100,36.80354963,0.3680354963
0.0003574829022,laser0,100,36.82747439,0.3682747439
0.0003576765251,laser0,100,36.8243498,0.368243498
0.000357870148,laser0,100,36.83119138,0.3683119138
0.000358063771,laser0,100,36.82002465,0.3682002465
0.0003582573939,laser0,100,36.81569362,0.3681569362
0.0003584510168,laser0,100,36.82222877,0.3682222877
0.0003586446397,laser0,100,36.80803349,0.3680803349
0.0003588382626,laser0,100,36.78192706,0.3678192706
0.0003590318855,laser0,100,36.74445753,0.3674445753
0.0003592255084,laser0,100,36.75200837,0.3675200837
0.0003594191313,laser0,100,36.76673335,0.3676673335
0.0003596127542,laser0,100,36.72946672,0.3672946672
0.0003598063771,laser0,100,36.71195329,0.3671195329
0.00036,laser0,100,36.70541071,0.3670541071
0.0003601941748,laser0,100,36.69739768,0.3669739768
0.0003603883495,laser0,100,36.72044419,0.3672044419
0.000360584466,laser0,100,36.71597852,0.3671597852
0.0003607825837,laser0,100,36.73113001,0.3673113001
0.0003609848723,laser0,100,36.72786314,0.3672786314
0.0003611871609,laser0,100,36.6985324,0.366985324
0.0003613894495,laser0,100,36.68736757,0.3668736757
0.0003615917381,laser0,100,36.68196609,0.3668196609
0.0003617940267,laser0,100,36.67567527,0.3667567527
0.0003619963153,laser0,100,36.66541784,0.3666541784
0.0003621986039,laser0,100,36.65360835,0.3665360835
0.0003623986195,laser0,100,36.63254585,0.3663254585
0.0003625986352,laser0,100,36.62351593,0.3662351593
0.000362796378,laser0,100,36.62399135,0.3662399135
0.0003629941208,laser0,100,36.62496553,0.3662496553
0.0003631918636,laser0,100,36.6423665,0.366423665
0.000363387307,laser0,100,36.64040798,0.3664040798
0.0003635827505,laser0,100,36.64227104,0.3664227104
0.0003637781939,laser0,100,36.64343895,0.3664343895
0.0003639736374,laser0,100,36.6363293,0.366363293
0.0003641690808,laser0,100,36.64414409,0.3664414409
0.0003643645243,laser0,100,36.63263076,0.3663263076
0.0003645624417,laser0,100,36.61486614,0.3661486614
0.0003647603591,laser0,100,36.60585312,0.3660585312
0.0003649582765,laser0,100,36.62397397,0.3662397397
0.0003651588328,laser0,100,36.64246809,0.3664246809
0.0003653593891,laser0,100,36.61757288,0.3661757288
0.0003655627309,laser0,100,36.63641217,0.3663641217
0.0003657689776,laser0,100,36.62696166,0.3662696166
0.0003659752243,laser0,100,36.63071234,0.3663071234
0.0003661845494,laser0,100,36.60233553,0.3660233553
0.0003663938744,laser0,100,36.58331336,0.3658331336
0.0003666064701,laser0,100,36.56349486,0.3656349486
0.0003668190658,laser0,100,36.54538091,0.3654538091
0.000367028287,laser0,100,36.54609636,0.3654609636
0.0003672375081,laser0,100,36.5248817,0.365248817
0.0003674467293,laser0,100,36.51462267,0.3651462267
0.0003676559505,laser0,100,36.50296681,0.3650296681
0.0003678651717,laser0,100,36.50240253,0.3650240253
0.0003680708467,laser0,100,36.49095312,0.3649095312
0.0003682765218,laser0,100,36.48648943,0.3648648943
0.0003684821969,laser0,100,36.48404419,0.3648404419
0.0003686878719,laser0,100,36.47097928,0.3647097928
0.000368893547,laser0,100,36.47053043,0.3647053043
0.000369099222,laser0,100,36.47731449,0.3647731449
0.0003693048971,laser0,100,36.47444206,0.3647444206
0.0003695105721,laser0,100,36.47517337,0.3647517337
0.0003697162472,laser0,100,36.48482313,0.3648482313
0.0003699261197,laser0,100,36.48680572,0.3648680572
0.0003701359922,laser0,100,36.46533916,0.3646533916
0.0003703504272,laser0,100,36.45700228,0.3645700228
0.0003705602005,laser0,100,36.47644096,0.3647644096
0.0003707699738,laser0,100,36.47527981,0.3647527981
0.0003709797471,laser0,100,36.48393922,0.3648393922
0.0003711895204,laser0,100,36.48417428,0.3648417428
0.0003713992938,laser0,100,36.4893766,0.364893766
0.0003716090671,laser0,100,36.49151152,0.3649151152
0.0003718188404,laser0,100,36.51203324,0.3651203324
0.0003720286137,laser0,100,36.51369607,0.3651369607
0.0003722330083,laser0,100,36.50199184,0.3650199184
0.0003724374028,laser0,100,36.49369361,0.3649369361
0.0003726417973,laser0,100,36.49548323,0.3649548323
0.0003728461918,laser0,100,36.51436185,0.3651436185
0.0003730505863,laser0,100,36.52259309,0.3652259309
0.0003732549809,laser0,100,36.52749523,0.3652749523
0.0003734533638,laser0,100,36.52679997,0.3652679997
0.0003736517467,laser0,100,36.52755226,0.3652755226
0.0003738501296,laser0,100,36.5273274,0.365273274
0.0003740485125,laser0,100,36.53036559,0.3653036559
0.0003742468954,laser0,100,36.52783814,0.3652783814
0.0003744452783,laser0,100,36.52750145,0.3652750145
0.0003746436613,laser0,100,36.53102362,0.3653102362
0.0003748420442,laser0,100,36.52517032,0.3652517032
0.0003750404271,laser0,100,36.51500516,0.3651500516
0.00037523881,laser0,100,36.51119908,0.3651119908
0.0003754292576,laser0,100,36.51478283,0.3651478283
0.0003756197052,laser0,100,36.54680647,0.3654680647
0.0003758101528,laser0,100,36.5449401,0.365449401
0.0003760006004,laser0,100,36.55537189,0.3655537189
0.000376191048,laser0,100,36.56298186,0.3656298186
0.0003763814956,laser0,100,36.56126205,0.3656126205
0.0003765719432,laser0,100,36.56319183,0.3656319183
0.0003767623908,laser0,100,36.56861189,0.3656861189
0.0003769528384,laser0,100,36.6137645,0.366137645
0.000377143286,laser0,100,36.60596606,0.3660596606
0.0003773337336,laser0,100,36.60555116,0.3660555116
0.0003775241812,laser0,100,36.61918072,0.3661918072
0.0003777010254,laser0,100,36.61875829,0.3661875829
0.0003778778696,laser0,100,36.62298607,0.3662298607
0.0003780547138,laser0,100,36.63104902,0.3663104902
0.000378231558,laser0,100,36.63345755,0.3663345755
0.0003784084022,laser0,100,36.63938974,0.3663938974
0.0003785852464,laser0,100,36.64840747,0.3664840747
0.0003787620906,laser0,100,36.62986089,0.3662986089
0.0003789168293,laser0,100,36.62746915,0.3662746915
0.000379071568,laser0,100,36.62139086,0.3662139086
0.0003792263066,laser0,100,36.62058085,0.3662058085
0.0003793810453,laser0,100,36.63528445,0.3663528445
0.000379535784,laser0,100,36.66539367,0.3666539367
0.0003796905227,laser0,100,36.66539143,0.3666539143
0.0003798452613,laser0,100,36.67667908,0.3667667908
0.00038,laser0,100,36.6651546,0.366651546
0.0003801709402,laser0,100,36.67049196,0.3667049196
0.0003803433668,laser0,100,36.67643077,0.3667643077
0.0003805157934,laser0,100,36.65897759,0.3665897759
0.00038068822,laser0,100,36.6716626,0.366716626
0.0003808606466,laser0,100,36.68491874,0.3668491874
0.0003810346407,laser0,100,36.69496631,0.3669496631
0.0003812086348,laser0,100,36.71368123,0.3671368123
0.000381382629,laser0,100,36.64754701,0.3664754701
0.0003815566231,laser0,100,36.66617187,0.3666617187
0.0003817306172,laser0,100,36.66504921,0.3666504921
0.0003819062844,laser0,100,36.65642566,0.3665642566
0.0003820819515,laser0,100,36.6470414,0.366470414
0.0003822576186,laser0,100,36.64563425,0.3664563425
0.0003824350424,laser0,100,36.65169664,0.3665169664
0.0003826124663,laser0,100,36.64610088,0.3664610088
0.0003827898901,laser0,100,36.6478752,0.366478752
0.0003829673139,laser0,100,36.65373158,0.3665373158
0.0003831429086,laser0,100,36.68405516,0.3668405516
0.0003833185033,laser0,100,36.70568463,0.3670568463
0.0003834922689,laser0,100,36.72543604,0.3672543604
0.0003836642244,laser0,100,36.7132541,0.367132541
0.0003838343887,laser0,100,36.71284139,0.3671284139
0.0003840027805,laser0,100,36.67784647,0.3667784647
0.0003841694182,laser0,100,36.66197957,0.3666197957
0.0003843343201,laser0,100,36.66818446,0.3666818446
0.0003844975043,laser0,100,36.66951004,0.3666951004
0.0003846606885,laser0,100,36.64510591,0.3664510591
0.0003848238726,laser0,100,36.63983761,0.3663983761
0.0003849870568,laser0,100,36.64480967,0.3664480967
0.0003851520342,laser0,100,36.64834138,0.3664834138
0.0003853170116,laser0,100,36.65381327,0.3665381327
0.0003854857816,laser0,100,36.65303812,0.3665303812
0.0003856565371,laser0,100,36.63491133,0.3663491133
0.0003858293499,laser0,100,36.63003546,0.3663003546
0.0003860042962,laser0,100,36.64999448,0.3664999448
0.0003861792425,laser0,100,36.61677065,0.3661677065
0.0003863564317,laser0,100,36.62923649,0.3662923649
0.0003865336209,laser0,100,36.62427845,0.3662427845
0.0003867108101,laser0,100,36.63247043,0.3663247043
0.0003868879993,laser0,100,36.60365542,0.3660365542
0.0003870651885,laser0,100,36.61165007,0.3661165007
0.0003872399832,laser0,100,36.62517152,0.3662517152
0.000387414778,laser0,100,36.6009477,0.366009477
0.0003875848485,laser0,100,36.61148821,0.3661148821
0.0003877526209,laser0,100,36.58491228,0.3658491228
0.000387918126,laser0,100,36.58205209,0.3658205209
0.0003880813946,laser0,100,36.58296872,0.3658296872
0.0003882424568,laser0,100,36.57328205,0.3657328205
0.0003884013425,laser0,100,36.56971137,0.3656971137
0.0003885602282,laser0,100,36.56835783,0.3656835783
0.0003887191139,laser0,100,36.57670066,0.3657670066
0.0003888802695,laser0,100,36.58033643,0.3658033643
0.0003890437949,laser0,100,36.57831064,0.3657831064
0.0003892123519,laser0,100,36.57826175,0.3657826175
0.0003893835844,laser0,100,36.56637217,0.3656637217
0.000389557624,laser0,100,36.5790298,0.365790298
0.0003897346134,laser0,100,36.58038711,0.3658038711
0.0003899147079,laser0,100,36.56415568,0.3656415568
0.0003900980769,laser0,100,36.58070852,0.3658070852
0.0003902814458,laser0,100,36.58165405,0.3658165405
0.0003904614191,laser0,100,36.5799189,0.365799189
0.0003906413923,laser0,100,36.58226307,0.3658226307
0.0003908213655,laser0,100,36.56123042,0.3656123042
0.0003909978777,laser0,100,36.56147111,0.3656147111
0.0003911709954,laser0,100,36.55778076,0.3655778076
0.0003913441132,laser0,100,36.54914307,0.3654914307
0.0003915138365,laser0,100,36.54570299,0.3654570299
0.0003916835597,laser0,100,36.54242643,0.3654242643
0.000391853283,laser0,100,36.52545668,0.3652545668
0.0003920230063,laser0,100,36.53152171,0.3653152171
0.0003921927295,laser0,100,36.53682475,0.3653682475
0.0003923662244,laser0,100,36.55187634,0.3655187634
0.0003925397193,laser0,100,36.53161174,0.3653161174
0.0003927173451,laser0,100,36.52827187,0.3652827187
0.0003928949708,laser0,100,36.51614776,0.3651614776
0.000393077151,laser0,100,36.51810185,0.3651810185
0.0003932593313,laser0,100,36.5052138,0.365052138
0.0003934415115,laser0,100,36.48944323,0.3648944323
0.0003936236917,laser0,100,36.48388801,0.3648388801
0.000393805872,laser0,100,36.49826981,0.3649826981
0.0003939880522,laser0,100,36.50161271,0.3650161271
0.0003941702324,laser0,100,36.49479391,0.3649479391
0.0003943524127,laser0,100,36.5122406,0.365122406
0.0003945345929,laser0,100,36.50835574,0.3650835574
0.0003947167732,laser0,100,36.50759491,0.3650759491
0.0003948989534,laser0,100,36.5278475,0.365278475
0.000395087881,laser0,100,36.52568396,0.3652568396
0.0003952768087,laser0,100,36.52919644,0.3652919644
0.0003954657363,laser0,100,36.54014995,0.3654014995
0.000395654664,laser0,100,36.53070504,0.3653070504
0.0003958435917,laser0,100,36.52975119,0.3652975119
0.0003960325193,laser0,100,36.57820929,0.3657820929
0.000396221447,laser0,100,36.57091286,0.3657091286
0.0003964103746,laser0,100,36.59499994,0.3659499994
0.0003965993023,laser0,100,36.60629696,0.3660629696
0.0003967882299,laser0,100,36.61072898,0.3661072898
0.0003969771576,laser0,100,36.63905055,0.3663905055
0.0003971660852,laser0,100,36.64542783,0.3664542783
0.0003973550129,laser0,100,36.63196828,0.3663196828
0.0003975439405,laser0,100,36.60672452,0.3660672452
0.0003977486121,laser0,100,36.60492904,0.3660492904
0.0003979362278,laser0,100,36.60666386,0.3660666386
0.0003981082088,laser0,100,36.61003767,0.3661003767
0.0003982801898,laser0,100,36.59679183,0.3659679183
0.0003984712799,laser0,100,36.61201723,0.3661201723
0.0003986623699,laser0,100,36.61683451,0.3661683451
0.0003988534599,laser0,100,36.59680428,0.3659680428
0.0003990445499,laser0,100,36.60013944,0.3660013944
0.0003992356399,laser0,100,36.60362202,0.3660362202
0.0003994267299,laser0,100,36.60634151,0.3660634151
0.00039961782,laser0,100,36.62290864,0.3662290864
0.00039980891,laser0,100,36.62698187,0.3662698187
0.0004,laser0,100,36.63277163,0.3663277163
0.0004001980198,laser0,100,36.6368455,0.366368455
0.0004003960396,laser0,100,36.63335683,0.3663335683
0.00040059608,laser0,100,36.61853967,0.3661853967
0.0004007961204,laser0,100,36.60717839,0.3660717839
0.0004009961608,laser0,100,36.62950199,0.3662950199
0.0004011962013,laser0,100,36.62504431,0.3662504431
0.0004013962417,laser0,100,36.63187274,0.3663187274
0.0004015962821,laser0,100,36.63035813,0.3663035813
0.0004017963225,laser0,100,36.69099566,0.3669099566
0.0004019963629,laser0,100,36.70057778,0.3670057778
0.0004021964033,laser0,100,36.71722721,0.3671722721
0.0004023964437,laser0,100,36.71446415,0.3671446415
0.0004025964841,laser0,100,36.68683595,0.3668683595
0.0004027965246,laser0,100,36.69280823,0.3669280823
0.000402996565,laser0,100,36.66866351,0.3666866351
0.0004031966054,laser0,100,36.66845801,0.3666845801
0.0004033966458,laser0,100,36.69073199,0.3669073199
0.0004035966862,laser0,100,36.62085803,0.3662085803
0.0004037967266,laser0,100,36.59731953,0.3659731953
0.0004039992675,laser0,100,36.57722956,0.3657722956
0.0004042018084,laser0,100,36.54475452,0.3654475452
0.0004044069798,laser0,100,36.56096214,0.3656096214
0.0004046121511,laser0,100,36.56126696,0.3656126696
0.000404820095,laser0,100,36.55644478,0.3655644478
0.0004050280389,laser0,100,36.54782153,0.3654782153
0.0004052359828,laser0,100,36.5431575,0.365431575
0.0004054439267,laser0,100,36.56571406,0.3656571406
0.0004056548843,laser0,100,36.54217681,0.3654217681
0.0004058658419,laser0,100,36.53065921,0.3653065921
0.0004060767995,laser0,100,36.53142843,0.3653142843
0.0004062846084,laser0,100,36.53419191,0.3653419191
0.0004064924174,laser0,100,36.51275256,0.3651275256
0.0004066970777,laser0,100,36.52815936,0.3652815936
0.0004069017381,laser0,100,36.50920653,0.3650920653
0.0004071032498,laser0,100,36.50247005,0.3650247005
0.0004073047615,laser0,100,36.50907448,0.3650907448
0.0004075062732,laser0,100,36.50620132,0.3650620132
0.000407707785,laser0,100,36.49619968,0.3649619968
0.0004079092967,laser0,100,36.49562604,0.3649562604
0.0004081108084,laser0,100,36.50502515,0.3650502515
0.0004083123201,laser0,100,36.50236956,0.3650236956
0.0004085138318,laser0,100,36.51537454,0.3651537454
0.0004087153436,laser0,100,36.51065574,0.3651065574
0.0004089168553,laser0,100,36.50129533,0.3650129533
0.000409118367,laser0,100,36.49923022,0.3649923022
0.0004093198787,laser0,100,36.50887553,0.3650887553
0.0004095176588,laser0,100,36.5045257,0.365045257
0.0004097154388,laser0,100,36.51003073,0.3651003073
0.0004099132188,laser0,100,36.50493473,0.3650493473
0.0004101109988,laser0,100,36.50846035,0.3650846035
0.0004103087788,laser0,100,36.50597963,0.3650597963
0.0004105065589,laser0,100,36.50321404,0.3650321404
0.0004107043389,laser0,100,36.48995059,0.3648995059
0.0004109021189,laser0,100,36.50878479,0.3650878479
0.0004111042941,laser0,100,36.50255114,0.3650255114
0.0004113111709,laser0,100,36.49043155,0.3649043155
0.0004115180478,laser0,100,36.49066109,0.3649066109
0.0004117300966,laser0,100,36.47688869,0.3647688869
0.0004119477257,laser0,100,36.4744703,0.364744703
0.0004121713999,laser0,100,36.47026906,0.3647026906
0.0004123950742,laser0,100,36.46155114,0.3646155114
0.0004126187485,laser0,100,36.46187962,0.3646187962
0.0004128424228,laser0,100,36.46961713,0.3646961713
0.0004130733124,laser0,100,36.48393352,0.3648393352
0.000413304202,laser0,100,36.49123963,0.3649123963
0.0004135350916,laser0,100,36.49451579,0.3649451579
0.0004137659812,laser0,100,36.50211205,0.3650211205
0.0004139886247,laser0,100,36.49896118,0.3649896118
0.0004142112682,laser0,100,36.47987669,0.3647987669
0.0004144428175,laser0,100,36.48863653,0.3648863653
0.0004146743668,laser0,100,36.48665054,0.3648665054
0.000414905916,laser0,100,36.48615363,0.3648615363
0.0004151374653,laser0,100,36.49005258,0.3649005258
0.0004153690146,laser0,100,36.48809657,0.3648809657
0.0004156005638,laser0,100,36.48877906,0.3648877906
0.0004158321131,laser0,100,36.47714129,0.3647714129
0.0004160636624,laser0,100,36.48606806,0.3648606806
0.0004162952117,laser0,100,36.47659213,0.3647659213
0.0004165267609,laser0,100,36.47857386,0.3647857386
0.0004167583102,laser0,100,36.47934631,0.3647934631
0.0004169898595,laser0,100,36.51147056,0.3651147056
0.0004172048695,laser0,100,36.53746947,0.3653746947
0.0004174198795,laser0,100,36.54461359,0.3654461359
0.0004176348896,laser0,100,36.54895039,0.3654895039
0.0004178498996,laser0,100,36.58295806,0.3658295806
0.0004180649097,laser0,100,36.57962868,0.3657962868
0.0004182799197,laser0,100,36.57556209,0.3657556209
0.0004184949297,laser0,100,36.59423331,0.3659423331
0.0004187099398,laser0,100,36.62346842,0.3662346842
0.0004189249498,laser0,100,36.62121672,0.3662121672
0.0004191399598,laser0,100,36.62081077,0.3662081077
0.0004193549699,laser0,100,36.63149477,0.3663149477
0.0004195699799,laser0,100,36.63025378,0.3663025378
0.00041978499,laser0,100,36.64012785,0.3664012785
0.00042,laser0,100,36.6499279,0.366499279
0.0004202222222,laser0,100,36.66061678,0.3666061678
0.0004204444444,laser0,100,36.66923448,0.3666923448
0.0004206641698,laser0,100,36.66307828,0.3666307828
0.0004208838951,laser0,100,36.66387938,0.3666387938
0.0004211036205,laser0,100,36.68493484,0.3668493484
0.0004213233458,laser0,100,36.67187503,0.3667187503
0.0004215430712,laser0,100,36.67518804,0.3667518804
0.0004217627965,laser0,100,36.67581674,0.3667581674
0.0004219825218,laser0,100,36.69256573,0.3669256573
0.0004222022472,laser0,100,36.6780115,0.366780115
0.0004224219725,laser0,100,36.67935237,0.3667935237
0.0004226444792,laser0,100,36.69736689,0.3669736689
0.0004228669859,laser0,100,36.7271653,0.367271653
0.0004230894926,laser0,100,36.70891611,0.3670891611
0.0004233119992,laser0,100,36.71974715,0.3671974715
0.0004235315782,laser0,100,36.7094629,0.367094629
0.0004237511572,laser0,100,36.70422396,0.3670422396
0.0004239707361,laser0,100,36.70513867,0.3670513867
0.0004241903151,laser0,100,36.71582179,0.3671582179
0.0004244068861,laser0,100,36.72675969,0.3672675969
0.0004246234571,laser0,100,36.71919109,0.3671919109
0.0004248400282,laser0,100,36.66640868,0.3666640868
0.0004250565992,laser0,100,36.66831614,0.3666831614
0.0004252731702,laser0,100,36.67458801,0.3667458801
0.0004254897412,laser0,100,36.68406475,0.3668406475
0.0004257063123,laser0,100,36.66358309,0.3666358309
0.0004259228833,laser0,100,36.65796872,0.3665796872
0.0004261394543,laser0,100,36.66044495,0.3666044495
0.0004263526935,laser0,100,36.64978945,0.3664978945
0.0004265659326,laser0,100,36.65885397,0.3665885397
0.0004267791718,laser0,100,36.6650337,0.366650337
0.0004269890262,laser0,100,36.6722446,0.366722446
0.0004271988806,laser0,100,36.65727303,0.3665727303
0.000427408735,laser0,100,36.65527587,0.3665527587
0.0004276151492,laser0,100,36.65690222,0.3665690222
0.0004278181796,laser0,100,36.66205779,0.3666205779
0.0004280178815,laser0,100,36.67974724,0.3667974724
0.0004282175835,laser0,100,36.68308646,0.3668308646
0.0004284139571,laser0,100,36.66522741,0.3666522741
0.0004286103307,laser0,100,36.67020509,0.3667020509
0.000428803376,laser0,100,36.65908273,0.3665908273
0.0004289964212,laser0,100,36.66969198,0.3666969198
0.0004291861381,laser0,100,36.671913,0.36671913
0.000429375855,laser0,100,36.67641552,0.3667641552
0.0004295655718,laser0,100,36.71021458,0.3671021458
0.0004297519009,laser0,100,36.75480944,0.3675480944
0.00042993823,laser0,100,36.75189394,0.3675189394
0.0004301245591,laser0,100,36.73438396,0.3673438396
0.0004303108881,laser0,100,36.77112823,0.3677112823
0.0004304937016,laser0,100,36.77890377,0.3677890377
0.000430676515,laser0,100,36.76790074,0.3676790074
0.0004308593284,laser0,100,36.78310358,0.3678310358
0.0004310385573,laser0,100,36.7876962,0.367876962
0.0004312177861,laser0,100,36.79117939,0.3679117939
0.000431397015,laser0,100,36.78271695,0.3678271695
0.0004315800572,laser0,100,36.79071589,0.3679071589
0.0004317630995,laser0,100,36.79772811,0.3679772811
0.0004319461417,laser0,100,36.76440929,0.3676440929
0.0004321334407,laser0,100,36.74681093,0.3674681093
0.000432325308,laser0,100,36.74393317,0.3674393317
0.000432522095,laser0,100,36.74986476,0.3674986476
0.0004327242005,laser0,100,36.74455439,0.3674455439
0.0004329381946,laser0,100,36.76232937,0.3676232937
0.0004331521887,laser0,100,36.76595484,0.3676595484
0.0004333661828,laser0,100,36.77954512,0.3677954512
0.000433580177,laser0,100,36.78944024,0.3678944024
0.0004338015502,laser0,100,36.80230803,0.3680230803
0.0004340152898,laser0,100,36.81727694,0.3681727694
0.0004342290295,laser0,100,36.81557597,0.3681557597
0.0004344427691,laser0,100,36.82990302,0.3682990302
0.0004346343978,laser0,100,36.83484345,0.3683484345
0.0004348132512,laser0,100,36.84524947,0.3684524947
0.0004350127415,laser0,100,36.82876014,0.3682876014
0.0004352122318,laser0,100,36.82236348,0.3682236348
0.0004354203957,laser0,100,36.80890494,0.3680890494
0.0004356285595,laser0,100,36.82180022,0.3682180022
0.0004358367233,laser0,100,36.8238307,0.368238307
0.0004360448872,laser0,100,36.84840284,0.3684840284
0.000436253051,laser0,100,36.86553908,0.3686553908
0.0004364502589,laser0,100,36.85621298,0.3685621298
0.0004366370873,laser0,100,36.84536105,0.3684536105
0.0004368140827,laser0,100,36.81654464,0.3681654464
0.0004369817626,laser0,100,36.81057305,0.3681057305
0.0004371494424,laser0,100,36.78044115,0.3678044115
0.0004373171223,laser0,100,36.78030125,0.3678030125
0.0004374848022,laser0,100,36.73837682,0.3673837682
0.0004376782789,laser0,100,36.73327345,0.3673327345
0.0004378893445,laser0,100,36.70567284,0.3670567284
0.0004380812222,laser0,100,36.6766987,0.366766987
0.0004382731,laser0,100,36.67692409,0.3667692409
0.0004384889625,laser0,100,36.6630755,0.366630755
0.000438704825,laser0,100,36.67335475,0.3667335475
0.0004389206875,laser0,100,36.6940848,0.366940848
0.0004391005729,laser0,100,36.71272885,0.3671272885
0.0004392804583,laser0,100,36.7192753,0.367192753
0.0004394603438,laser0,100,36.72545864,0.3672545864
0.0004396402292,laser0,100,36.72902532,0.3672902532
0.0004398201146,laser0,100,36.72096723,0.3672096723
0.00044,laser0,100,36.7296425,0.367296425
0.0004401652893,laser0,100,36.72826647,0.3672826647
0.0004403265471,laser0,100,36.70361614,0.3670361614
0.0004404852039,laser0,100,36.70877559,0.3670877559
0.0004406400833,laser0,100,36.70821005,0.3670821005
0.0004407913326,laser0,100,36.6953021,0.366953021
0.0004409379637,laser0,100,36.69086737,0.3669086737
0.0004410834754,laser0,100,36.70557278,0.3670557278
0.0004412301151,laser0,100,36.69105294,0.3669105294
0.0004413802742,laser0,100,36.68549497,0.3668549497
0.0004415341562,laser0,100,36.69903089,0.3669903089
0.000441691984,laser0,100,36.68893745,0.3668893745
0.0004418540018,laser0,100,36.6891642,0.366891642
0.0004420189654,laser0,100,36.69365866,0.3669365866
0.0004421854565,laser0,100,36.65744593,0.3665744593
0.0004423535182,laser0,100,36.65926245,0.3665926245
0.0004425231959,laser0,100,36.68458808,0.3668458808
0.0004426928736,laser0,100,36.67946888,0.3667946888
0.0004428625513,laser0,100,36.67404143,0.3667404143
0.0004430356569,laser0,100,36.67316453,0.3667316453
0.0004432087624,laser0,100,36.68584758,0.3668584758
0.0004433836712,laser0,100,36.67631194,0.3667631194
0.0004435585799,laser0,100,36.66527533,0.3666527533
0.0004437334886,laser0,100,36.6606408,0.366606408
0.0004439083973,laser0,100,36.64012512,0.3664012512
0.0004440852281,laser0,100,36.63634224,0.3663634224
0.0004442620589,laser0,100,36.62110056,0.3662110056
0.0004444388897,laser0,100,36.58795565,0.3658795565
0.0004446157205,laser0,100,36.58321368,0.3658321368
0.0004447946075,laser0,100,36.58160759,0.3658160759
0.0004449734945,laser0,100,36.58330901,0.3658330901
0.0004451545367,laser0,100,36.58830038,0.3658830038
0.000445337814,laser0,100,36.59709539,0.3659709539
0.0004455234113,laser0,100,36.58325976,0.3658325976
0.0004457090086,laser0,100,36.58761562,0.3658761562
0.000445897048,laser0,100,36.59276894,0.3659276894
0.0004460850873,laser0,100,36.61235033,0.3661235033
0.0004462757026,laser0,100,36.62165469,0.3662165469
0.0004464637066,laser0,100,36.63495425,0.3663495425
0.0004466517107,laser0,100,36.63966512,0.3663966512
0.0004468371036,laser0,100,36.6445776,0.366445776
0.0004470224965,laser0,100,36.64695489,0.3664695489
0.0004472078894,laser0,100,36.6390939,0.366390939
0.0004473932823,laser0,100,36.63319029,0.3663319029
0.0004475786753,laser0,100,36.63225036,0.3663225036
0.0004477640682,laser0,100,36.64003772,0.3664003772
0.000447946694,laser0,100,36.65592446,0.3665592446
0.0004481509873,laser0,100,36.62301174,0.3662301174
0.0004483664239,laser0,100,36.63011825,0.3663011825
0.0004485818605,laser0,100,36.61538897,0.3661538897
0.0004487972971,laser0,100,36.61409771,0.3661409771
0.0004490127337,laser0,100,36.61289975,0.3661289975
0.0004492281703,laser0,100,36.61176047,0.3661176047
0.0004494436069,laser0,100,36.62829059,0.3662829059
0.0004496635317,laser0,100,36.62742168,0.3662742168
0.0004498788748,laser0,100,36.60506913,0.3660506913
0.0004500942179,laser0,100,36.59516136,0.3659516136
0.000450309561,laser0,100,36.60317447,0.3660317447
0.0004505249041,laser0,100,36.60918886,0.3660918886
0.0004507354618,laser0,100,36.57420366,0.3657420366
0.0004509413404,laser0,100,36.56840201,0.3656840201
0.000451142644,laser0,100,36.5453231,0.365453231
0.0004513439475,laser0,100,36.53888667,0.3653888667
0.000451550044,laser0,100,36.50981925,0.3650981925
0.0004517561405,laser0,100,36.50621807,0.3650621807
0.000451962237,laser0,100,36.50508158,0.3650508158
0.0004521683335,laser0,100,36.52117017,0.3652117017
0.0004523744299,laser0,100,36.5387341,0.365387341
0.0004525751028,laser0,100,36.53388973,0.3653388973
0.0004527704949,laser0,100,36.53263299,0.3653263299
0.0004529658869,laser0,100,36.53559523,0.3653559523
0.0004531559981,laser0,100,36.54521263,0.3654521263
0.0004533461092,laser0,100,36.58010581,0.3658010581
0.0004535309395,laser0,100,36.56643136,0.3656643136
0.0004537157698,laser0,100,36.60814515,0.3660814515
0.0004538953193,laser0,100,36.62769455,0.3662769455
0.0004540748687,laser0,100,36.67299277,0.3667299277
0.0004542544181,laser0,100,36.66962313,0.3666962313
0.0004544339676,laser0,100,36.69783702,0.3669783702
0.000454613517,laser0,100,36.69058577,0.3669058577
0.0004548058914,laser0,100,36.68634777,0.3668634777
0.0004550056648,laser0,100,36.69259184,0.3669259184
0.0004552054382,laser0,100,36.66631135,0.3666631135
0.0004554138974,laser0,100,36.67128744,0.3667128744
0.0004556132932,laser0,100,36.67231839,0.3667231839
0.0004558126889,laser0,100,36.66600273,0.3666600273
0.0004560030213,laser0,100,36.67298663,0.3667298663
0.0004562133886,laser0,100,36.67304096,0.3667304096
0.0004564237559,laser0,100,36.66709615,0.3666709615
0.0004566472711,laser0,100,36.6657684,0.366657684
0.0004568707864,laser0,100,36.66430585,0.3666430585
0.0004570943016,laser0,100,36.72346988,0.3672346988
0.0004573018515,laser0,100,36.72055459,0.3672055459
0.0004575094014,laser0,100,36.72832079,0.3672832079
0.0004577169513,laser0,100,36.66438717,0.3666438717
0.0004579072054,laser0,100,36.66074926,0.3666074926
0.0004580974594,laser0,100,36.67437028,0.3667437028
0.0004582704176,laser0,100,36.66253869,0.3666253869
0.0004584433759,laser0,100,36.66356383,0.3666356383
0.0004586163341,laser0,100,36.64672468,0.3664672468
0.0004588140007,laser0,100,36.65389348,0.3665389348
0.0004590512005,laser0,100,36.67854571,0.3667854571
0.0004592884004,laser0,100,36.67321454,0.3667321454
0.0004595256003,laser0,100,36.70299976,0.3670299976
0.0004597628001,laser0,100,36.70396426,0.3670396426
0.00046,laser0,100,36.71085988,0.3671085988
0.0004602173913,laser0,100,36.73316913,0.3673316913
0.0004604324197,laser0,100,36.74658267,0.3674658267
0.000460647448,laser0,100,36.75803354,0.3675803354
0.0004608624764,laser0,100,36.79302309,0.3679302309
0.0004610775047,laser0,100,36.80571383,0.3680571383
0.0004612925331,laser0,100,36.80155268,0.3680155268
0.0004615075614,laser0,100,36.8171028,0.368171028
0.0004617225898,laser0,100,36.84411737,0.3684411737
0.0004619376181,laser0,100,36.84841785,0.3684841785
0.0004621526465,laser0,100,36.83662647,0.3683662647
0.0004623702972,laser0,100,36.84351093,0.3684351093
0.0004625879478,laser0,100,36.85070277,0.3685070277
0.0004628055985,laser0,100,36.87690988,0.3687690988
0.0004630260395,laser0,100,36.88078147,0.3688078147
0.0004632464806,laser0,100,36.86370292,0.3686370292
0.0004634669216,laser0,100,36.85282129,0.3685282129
0.0004636873626,laser0,100,36.85686518,0.3685686518
0.0004639078037,laser0,100,36.86765834,0.3686765834
0.0004641282447,laser0,100,36.86180337,0.3686180337
0.0004643517906,laser0,100,36.87045973,0.3687045973
0.0004645753364,laser0,100,36.86891516,0.3686891516
0.0004647988823,laser0,100,36.87926619,0.3687926619
0.0004650257646,laser0,100,36.88450565,0.3688450565
0.000465252647,laser0,100,36.89955312,0.3689955312
0.0004654795293,laser0,100,36.87176698,0.3687176698
0.0004657064117,laser0,100,36.91021058,0.3691021058
0.000465933294,laser0,100,36.88546849,0.3688546849
0.0004661601764,laser0,100,36.88493724,0.3688493724
0.0004663870588,laser0,100,36.89605537,0.3689605537
0.0004666139411,laser0,100,36.88322914,0.3688322914
0.0004668408235,laser0,100,36.88241713,0.3688241713
0.0004670677058,laser0,100,36.87409137,0.3687409137
0.0004672945882,laser0,100,36.86447448,0.3686447448
0.0004675174901,laser0,100,36.86923197,0.3686923197
0.0004677403921,laser0,100,36.86766077,0.3686766077
0.0004679593137,laser0,100,36.85418091,0.3685418091
0.0004681782352,laser0,100,36.84606904,0.3684606904
0.0004683931764,laser0,100,36.83716617,0.3683716617
0.0004686081176,laser0,100,36.828682,0.36828682
0.0004688230588,laser0,100,36.84429708,0.3684429708
0.0004690339445,laser0,100,36.84571702,0.3684571702
0.0004692448301,laser0,100,36.84362728,0.3684362728
0.0004694557158,laser0,100,36.85885953,0.3685885953
0.0004696666015,laser0,100,36.88046299,0.3688046299
0.0004698818806,laser0,100,36.90411794,0.3690411794
0.0004700971598,laser0,100,36.906565,0.36906565
0.0004703124389,laser0,100,36.90015265,0.3690015265
0.0004705326108,laser0,100,36.94168666,0.3694168666
0.0004707527826,laser0,100,36.96465191,0.3696465191
0.0004709678342,laser0,100,36.93470793,0.3693470793
0.0004711828857,laser0,100,36.94777753,0.3694777753
0.0004713979373,laser0,100,36.95610061,0.3695610061
0.0004716077437,laser0,100,36.93886459,0.3693886459
0.0004718229298,laser0,100,36.92471866,0.3692471866
0.0004720381158,laser0,100,36.91749758,0.3691749758
0.0004722533019,laser0,100,36.94796123,0.3694796123
0.0004724684879,laser0,100,36.95010566,0.3695010566
0.000472683674,laser0,100,36.96372863,0.3696372863
0.0004728869053,laser0,100,36.9294387,0.369294387
0.0004730844912,laser0,100,36.92867477,0.3692867477
0.0004732765887,laser0,100,36.9249221,0.369249221
0.0004734633501,laser0,100,36.91681902,0.3691681902
0.0004736676204,laser0,100,36.92478164,0.3692478164
0.0004738786998,laser0,100,36.93857153,0.3693857153
0.0004740897791,laser0,100,36.9450239,0.369450239
0.0004743008584,laser0,100,36.95695759,0.3695695759
0.0004745119377,laser0,100,36.94565414,0.3694565414
0.000474723017,laser0,100,36.94799687,0.3694799687
0.0004749340964,laser0,100,36.93746917,0.3693746917
0.0004751367325,laser0,100,36.95988532,0.3695988532
0.0004753312632,laser0,100,36.98187712,0.3698187712
0.0004755257939,laser0,100,36.97697121,0.3697697121
0.0004757203246,laser0,100,36.9301704,0.369301704
0.0004759148553,laser0,100,36.92510412,0.3692510412
0.000476109386,laser0,100,36.91633966,0.3691633966
0.0004763039167,laser0,100,36.93006025,0.3693006025
0.0004764984474,laser0,100,36.91825235,0.3691825235
0.0004766929781,laser0,100,36.94556365,0.3694556365
0.0004768875088,laser0,100,36.95732573,0.3695732573
0.0004770820395,laser0,100,36.97621682,0.3697621682
0.0004772765702,laser0,100,37.0390086,0.370390086
0.0004774711009,laser0,100,37.00386753,0.3700386753
0.0004776656316,laser0,100,37.0235446,0.370235446
0.0004778778469,laser0,100,37.01457507,0.3701457507
0.0004780900622,laser0,100,37.01085074,0.3701085074
0.0004783022775,laser0,100,37.01623236,0.3701623236
0.0004785144928,laser0,100,37.02136742,0.3702136742
0.0004787267081,laser0,100,36.99536638,0.3699536638
0.0004789389235,laser0,100,36.99212545,0.3699212545
0.0004791511388,laser0,100,36.97522641,0.3697522641
0.0004793633541,laser0,100,36.98215156,0.3698215156
0.0004795755694,laser0,100,36.97570625,0.3697570625
0.0004797877847,laser0,100,36.84472748,0.3684472748
0.00048,laser0,100,36.87496089,0.3687496089
0.0004802150538,laser0,100,36.8705505,0.368705505
0.0004804301075,laser0,100,36.83314888,0.3683314888
0.0004806451613,laser0,100,36.77622585,0.3677622585
0.0004808602151,laser0,100,36.75491926,0.3675491926
0.0004810752688,laser0,100,36.71890455,0.3671890455
0.0004812903226,laser0,100,36.72501398,0.3672501398
0.0004815053763,laser0,100,36.75376858,0.3675376858
0.0004817204301,laser0,100,36.75027122,0.3675027122
0.0004819354839,laser0,100,36.6710855,0.366710855
0.0004821505376,laser0,100,36.66599629,0.3666599629
0.0004823655914,laser0,100,36.64664667,0.3664664667
0.0004825806452,laser0,100,36.6476726,0.366476726
0.0004827930763,laser0,100,36.64654819,0.3664654819
0.0004830055075,laser0,100,36.62433056,0.3662433056
0.000483215316,laser0,100,36.59962831,0.3659962831
0.0004834251246,laser0,100,36.6025485,0.366025485
0.0004836323105,laser0,100,36.60751724,0.3660751724
0.0004838319165,laser0,100,36.60207097,0.3660207097
0.0004840267127,laser0,100,36.59995212,0.3659995212
0.0004842146337,laser0,100,36.58772043,0.3658772043
0.0004844003439,laser0,100,36.54007547,0.3654007547
0.0004845838693,laser0,100,36.54014316,0.3654014316
0.0004847652355,laser0,100,36.54067,0.3654067
0.0004849466017,laser0,100,36.56213581,0.3656213581
0.0004851301798,laser0,100,36.56840395,0.3656840395
0.0004853160525,laser0,100,36.56166767,0.3656166767
0.0004855043083,laser0,100,36.5698744,0.365698744
0.000485695041,laser0,100,36.54689724,0.3654689724
0.0004858909994,laser0,100,36.53709861,0.3653709861
0.0004860925565,laser0,100,36.55105221,0.3655105221
0.0004862941137,laser0,100,36.53239893,0.3653239893
0.0004864927497,laser0,100,36.529793,0.36529793
0.0004866913858,laser0,100,36.53573332,0.3653573332
0.0004868871007,laser0,100,36.53366195,0.3653366195
0.0004870828156,laser0,100,36.52940977,0.3652940977
0.0004872785305,laser0,100,36.52758836,0.3652758836
0.00048747128,laser0,100,36.52823521,0.3652823521
0.0004876640296,laser0,100,36.51358552,0.3651358552
0.0004878567791,laser0,100,36.51326881,0.3651326881
0.0004880495287,laser0,100,36.51439831,0.3651439831
0.0004882422782,laser0,100,36.51487379,0.3651487379
0.0004884350277,laser0,100,36.50822129,0.3650822129
0.0004886277773,laser0,100,36.50821169,0.3650821169
0.0004888205268,laser0,100,36.51056616,0.3651056616
0.0004890132763,laser0,100,36.5041432,0.365041432
0.0004892060259,laser0,100,36.50118777,0.3650118777
0.0004893987754,laser0,100,36.50281836,0.3650281836
0.000489591525,laser0,100,36.51634422,0.3651634422
0.0004897842745,laser0,100,36.51539831,0.3651539831
0.000489977024,laser0,100,36.51090249,0.3651090249
0.000490173553,laser0,100,36.51185212,0.3651185212
0.0004903700819,laser0,100,36.51434606,0.3651434606
0.0004905666109,laser0,100,36.52209045,0.3652209045
0.0004907673213,laser0,100,36.51056848,0.3651056848
0.0004909680317,laser0,100,36.51296777,0.3651296777
0.0004911733037,laser0,100,36.51494291,0.3651494291
0.0004913785757,laser0,100,36.53158071,0.3653158071
0.0004915838477,laser0,100,36.53776514,0.3653776514
0.0004917942515,laser0,100,36.53731244,0.3653731244
0.0004920046553,laser0,100,36.55078503,0.3655078503
0.0004922150591,laser0,100,36.54943396,0.3654943396
0.0004924313075,laser0,100,36.57242206,0.3657242206
0.0004926475558,laser0,100,36.56553935,0.3656553935
0.0004928638042,laser0,100,36.54929504,0.3654929504
0.0004930800525,laser0,100,36.56011883,0.3656011883
0.0004932963009,laser0,100,36.55825807,0.3655825807
0.0004935125493,laser0,100,36.55812381,0.3655812381
0.0004937287976,laser0,100,36.56935967,0.3656935967
0.0004939378377,laser0,100,36.55777895,0.3655777895
0.0004941468778,laser0,100,36.56442879,0.3656442879
0.0004943559179,laser0,100,36.56752615,0.3656752615
0.0004945649579,laser0,100,36.56648217,0.3656648217
0.000494773998,laser0,100,36.58014369,0.3658014369
0.0004949830381,laser0,100,36.58470824,0.3658470824
0.0004951920782,laser0,100,36.58683567,0.3658683567
0.0004954011183,laser0,100,36.57826855,0.3657826855
0.0004956101583,laser0,100,36.57032388,0.3657032388
0.0004958191984,laser0,100,36.56980464,0.3656980464
0.0004960282385,laser0,100,36.56855433,0.3656855433
0.0004962372786,laser0,100,36.57456186,0.3657456186
0.0004964463187,laser0,100,36.59008201,0.3659008201
0.0004966553587,laser0,100,36.59018998,0.3659018998
0.0004968643988,laser0,100,36.60663134,0.3660663134
0.0004970734389,laser0,100,36.62600439,0.3662600439
0.000497282479,laser0,100,36.64439906,0.3664439906
0.000497491519,laser0,100,36.67469721,0.3667469721
0.0004977005591,laser0,100,36.6803936,0.366803936
0.0004979095992,laser0,100,36.72074338,0.3672074338
0.0004981186393,laser0,100,36.72211162,0.3672211162
0.0004983276794,laser0,100,36.7492713,0.367492713
0.0004985367194,laser0,100,36.78535251,0.3678535251
0.0004987457595,laser0,100,36.8087168,0.368087168
0.0004989547996,laser0,100,36.80109308,0.3680109308
0.0004991638397,laser0,100,36.79721107,0.3679721107
0.0004993728798,laser0,100,36.81290579,0.3681290579
0.0004995819198,laser0,100,36.84499209,0.3684499209
0.0004997909599,laser0,100,36.84973713,0.3684973713
0.0005,laser0,100,36.80266669,0.3680266669
0.0005002061856,laser0,100,36.8066839,0.368066839
0.0005004123711,laser0,100,36.80722524,0.3680722524
0.0005006185567,laser0,100,36.80717228,0.3680717228
0.0005008247423,laser0,100,36.80278513,0.3680278513
0.0005010309278,laser0,100,36.81586633,0.3681586633
0.0005012371134,laser0,100,36.82496132,0.3682496132
0.0005014410578,laser0,100,36.8446671,0.368446671
0.0005016427855,laser0,100,36.86829292,0.3686829292
0.0005018445131,laser0,100,36.89146565,0.3689146565
0.0005020397334,laser0,100,36.90235856,0.3690235856
0.0005022328545,laser0,100,36.89071002,0.3689071002
0.0005024238991,laser0,100,36.8888089,0.368888089
0.0005026108789,laser0,100,36.88146471,0.3688146471
0.0005027939223,laser0,100,36.86288306,0.3686288306
0.0005029750389,laser0,100,36.82414938,0.3682414938
0.000503154249,laser0,100,36.82993764,0.3682993764
0.0005033334591,laser0,100,36.83441,0.3683441
0.0005035126692,laser0,100,36.84827525,0.3684827525
0.0005036899524,laser0,100,36.84558556,0.3684558556
0.0005038752938,laser0,100,36.8493117,0.368493117
0.0005040649962,laser0,100,36.85504614,0.3685504614
0.0005042593255,laser0,100,36.85995263,0.3685995263
0.000504456084,laser0,100,36.85308135,0.3685308135
0.000504657953,laser0,100,36.8610085,0.368610085
0.0005048598221,laser0,100,36.85519832,0.3685519832
0.0005050616911,laser0,100,36.85413527,0.3685413527
0.0005052663255,laser0,100,36.86798965,0.3686798965
0.0005054709598,laser0,100,36.88344514,0.3688344514
0.0005056755942,laser0,100,36.87780816,0.3687780816
0.0005058802286,laser0,100,36.85811427,0.3685811427
0.0005060848629,laser0,100,36.86501936,0.3686501936
0.0005062925516,laser0,100,36.85821227,0.3685821227
0.0005065002402,laser0,100,36.85960168,0.3685960168
0.0005067079288,laser0,100,36.85335845,0.3685335845
0.0005069156174,laser0,100,36.84481418,0.3684481418
0.0005071200609,laser0,100,36.82857257,0.3682857257
0.0005073213099,laser0,100,36.83484476,0.3683484476
0.0005075163667,laser0,100,36.83406906,0.3683406906
0.0005077114235,laser0,100,36.8295228,0.368295228
0.0005079034325,laser0,100,36.83890019,0.3683890019
0.0005080954415,laser0,100,36.84915272,0.3684915272
0.0005082844027,laser0,100,36.86071867,0.3686071867
0.000508473364,laser0,100,36.86062803,0.3686062803
0.0005086654746,laser0,100,36.85852957,0.3685852957
0.0005088608974,laser0,100,36.89580452,0.3689580452
0.0005090563203,laser0,100,36.90410995,0.3690410995
0.0005092552963,laser0,100,36.88469879,0.3688469879
0.0005094542723,laser0,100,36.88324261,0.3688324261
0.0005096532483,laser0,100,36.88371486,0.3688371486
0.0005098522243,laser0,100,36.84272034,0.3684272034
0.0005100512002,laser0,100,36.83192844,0.3683192844
0.0005102501762,laser0,100,36.83583803,0.3683583803
0.0005104491522,laser0,100,36.85119792,0.3685119792
0.0005106481282,laser0,100,36.84666219,0.3684666219
0.0005108471042,laser0,100,36.84068042,0.3684068042
0.0005110460802,laser0,100,36.82194632,0.3682194632
0.0005112407307,laser0,100,36.79813075,0.3679813075
0.0005114353811,laser0,100,36.79417758,0.3679417758
0.0005116345583,laser0,100,36.77926614,0.3677926614
0.0005118385934,laser0,100,36.7793347,0.367793347
0.0005120478603,laser0,100,36.77092997,0.3677092997
0.0005122571271,laser0,100,36.76130901,0.3676130901
0.0005124663939,laser0,100,36.75920264,0.3675920264
0.0005126756608,laser0,100,36.74913036,0.3674913036
0.0005128849276,laser0,100,36.77489644,0.3677489644
0.0005130941944,laser0,100,36.75213652,0.3675213652
0.0005132973064,laser0,100,36.75166194,0.3675166194
0.0005135004183,laser0,100,36.74735367,0.3674735367
0.0005137035302,laser0,100,36.749785,0.36749785
0.0005139066422,laser0,100,36.73862592,0.3673862592
0.0005141097541,laser0,100,36.73632023,0.3673632023
0.000514312866,laser0,100,36.77411888,0.3677411888
0.0005145159779,laser0,100,36.75392095,0.3675392095
0.0005147190899,laser0,100,36.75794735,0.3675794735
0.0005149146791,laser0,100,36.76997187,0.3676997187
0.000515118092,laser0,100,36.76523046,0.3676523046
0.0005153215048,laser0,100,36.7579491,0.367579491
0.0005155249176,laser0,100,36.78184913,0.3678184913
0.0005157283305,laser0,100,36.78047787,0.3678047787
0.0005159317433,laser0,100,36.77955044,0.3677955044
0.0005161351561,laser0,100,36.78887566,0.3678887566
0.000516338569,laser0,100,36.83243768,0.3683243768
0.0005165419818,laser0,100,36.83986094,0.3683986094
0.0005167453946,laser0,100,36.82828228,0.3682828228
0.0005169488075,laser0,100,36.83115737,0.3683115737
0.0005171522203,laser0,100,36.81719766,0.3681719766
0.0005173556331,laser0,100,36.8401049,0.368401049
0.0005175445165,laser0,100,36.83345996,0.3683345996
0.0005177333998,laser0,100,36.83395863,0.3683395863
0.0005179222832,laser0,100,36.83682817,0.3683682817
0.0005181111665,laser0,100,36.8331239,0.368331239
0.0005183000499,laser0,100,36.83446362,0.3683446362
0.0005184889332,laser0,100,36.79426604,0.3679426604
0.0005186778166,laser0,100,36.8040165,0.368040165
0.0005188666999,laser0,100,36.7986883,0.367986883
0.0005190555833,laser0,100,36.798924,0.36798924
0.0005192444666,laser0,100,36.81506846,0.3681506846
0.00051943335,laser0,100,36.82535924,0.3682535924
0.0005196222333,laser0,100,36.84878798,0.3684878798
0.0005198111167,laser0,100,36.85454472,0.3685454472
0.00052,laser0,100,36.85880783,0.3685880783
0.0005201724138,laser0,100,36.86182031,0.3686182031
0.0005203404442,laser0,100,36.86115132,0.3686115132
0.0005205056505,laser0,100,36.86849805,0.3686849805
0.0005206681034,laser0,100,36.86446966,0.3686446966
0.0005208278712,laser0,100,36.84001193,0.3684001193
0.0005209812482,laser0,100,36.86061803,0.3686061803
0.0005211298322,laser0,100,36.86661916,0.3686661916
0.0005212761126,laser0,100,36.86746994,0.3686746994
0.000521421259,laser0,100,36.87454658,0.3687454658
0.0005215652802,laser0,100,36.8422284,0.368422284
0.0005217093015,laser0,100,36.83818855,0.3683818855
0.0005218521976,laser0,100,36.83354012,0.3683354012
0.0005219928782,laser0,100,36.83165472,0.3683165472
0.0005221324683,laser0,100,36.82190369,0.3682190369
0.0005222709763,laser0,100,36.82784548,0.3682784548
0.0005224094843,laser0,100,36.82725694,0.3682725694
0.0005225479923,laser0,100,36.83731656,0.3683731656
0.0005226876084,laser0,100,36.8444933,0.368444933
0.0005228283595,laser0,100,36.84326539,0.3684326539
0.0005229714565,laser0,100,36.8383775,0.368383775
0.0005231169996,laser0,100,36.81540155,0.3681540155
0.0005232650961,laser0,100,36.81439786,0.3681439786
0.0005234172316,laser0,100,36.81374658,0.3681374658
0.0005235722108,laser0,100,36.80446328,0.3680446328
0.0005237301703,laser0,100,36.76625317,0.3676625317
0.0005238912577,laser0,100,36.77059668,0.3677059668
0.0005240461494,laser0,100,36.7754552,0.367754552
0.0005242140847,laser0,100,36.77055129,0.3677055129
0.0005243838257,laser0,100,36.75365329,0.3675365329
0.0005245517416,laser0,100,36.76333178,0.3676333178
0.0005247160848,laser0,100,36.7642277,0.367642277
0.0005248786796,laser0,100,36.76062872,0.3676062872
0.0005250378514,laser0,100,36.74447082,0.3674447082
0.0005251953477,laser0,100,36.74237546,0.3674237546
0.0005253495628,laser0,100,36.70723484,0.3670723484
0.0005255021715,laser0,100,36.7138866,0.367138866
0.0005256547803,laser0,100,36.69495279,0.3669495279
0.0005258057826,laser0,100,36.72077712,0.3672077712
0.0005259584086,laser0,100,36.71419921,0.3671419921
0.0005261127118,laser0,100,36.71693993,0.3671693993
0.0005262780366,laser0,100,36.70422819,0.3670422819
0.0005264474436,laser0,100,36.70706137,0.3670706137
0.0005266234508,laser0,100,36.71715243,0.3671715243
0.0005268092362,laser0,100,36.70226767,0.3670226767
0.0005270004067,laser0,100,36.69861524,0.3669861524
0.0005272004005,laser0,100,36.66068654,0.3666068654
0.0005274003942,laser0,100,36.66279402,0.3666279402
0.0005276003879,laser0,100,36.65446438,0.3665446438
0.0005278003817,laser0,100,36.65994949,0.3665994949
0.0005280003754,laser0,100,36.65139947,0.3665139947
0.0005282003692,laser0,100,36.63141609,0.3663141609
0.0005284038111,laser0,100,36.6211772,0.366211772
0.000528607253,laser0,100,36.62683151,0.3662683151
0.0005288003504,laser0,100,36.62292472,0.3662292472
0.0005289934478,laser0,100,36.59607175,0.3659607175
0.0005291935669,laser0,100,36.59463362,0.3659463362
0.000529401383,laser0,100,36.58482951,0.3658482951
0.000529609199,laser0,100,36.58874481,0.3658874481
0.000529817015,laser0,100,36.60473797,0.3660473797
0.000530024831,laser0,100,36.57921784,0.3657921784
0.000530232647,laser0,100,36.5575102,0.365575102
0.0005304404631,laser0,100,36.55318821,0.3655318821
0.0005306438575,laser0,100,36.55233133,0.3655233133
0.0005308429243,laser0,100,36.53831671,0.3653831671
0.0005310336967,laser0,100,36.54418438,0.3654418438
0.0005312422154,laser0,100,36.54375053,0.3654375053
0.0005314507341,laser0,100,36.52895178,0.3652895178
0.0005316592528,laser0,100,36.53530762,0.3653530762
0.0005318677715,laser0,100,36.53325393,0.3653325393
0.0005320762901,laser0,100,36.53532261,0.3653532261
0.0005322794622,laser0,100,36.5382225,0.365382225
0.0005324724756,laser0,100,36.53632597,0.3653632597
0.0005326815735,laser0,100,36.54133928,0.3654133928
0.0005328906714,laser0,100,36.53401211,0.3653401211
0.0005330997693,laser0,100,36.54365841,0.3654365841
0.0005333088672,laser0,100,36.54519356,0.3654519356
0.0005335179651,laser0,100,36.53597153,0.3653597153
0.000533727063,laser0,100,36.53663678,0.3653663678
0.0005339361609,laser0,100,36.52129119,0.3652129119
0.0005341452588,laser0,100,36.50667252,0.3650667252
0.0005343543567,laser0,100,36.49430128,0.3649430128
0.0005345634546,laser0,100,36.5072063,0.365072063
0.0005347725525,laser0,100,36.51323969,0.3651323969
0.0005349816504,laser0,100,36.50908283,0.3650908283
0.0005351907483,laser0,100,36.49680848,0.3649680848
0.0005353998462,laser0,100,36.49448258,0.3649448258
0.0005356089441,laser0,100,36.4951805,0.364951805
0.000535818042,laser0,100,36.48540714,0.3648540714
0.0005360271399,laser0,100,36.50595907,0.3650595907
0.0005362362378,laser0,100,36.49387726,0.3649387726
0.0005364453357,laser0,100,36.47996553,0.3647996553
0.0005366544336,laser0,100,36.48960845,0.3648960845
0.0005368635315,laser0,100,36.49022861,0.3649022861
0.0005370726294,laser0,100,36.52769303,0.3652769303
0.0005372817273,laser0,100,36.55463687,0.3655463687
0.0005374908252,laser0,100,36.55248862,0.3655248862
0.0005376999231,laser0,100,36.54858082,0.3654858082
0.000537909021,laser0,100,36.54181086,0.3654181086
0.0005381181189,laser0,100,36.53012613,0.3653012613
0.0005383272168,laser0,100,36.52214795,0.3652214795
0.0005385363147,laser0,100,36.53089866,0.3653089866
0.0005387454126,laser0,100,36.53032681,0.3653032681
0.0005389545105,laser0,100,36.57023889,0.3657023889
0.0005391636084,laser0,100,36.58672831,0.3658672831
0.0005393727063,laser0,100,36.59331696,0.3659331696
0.0005395818042,laser0,100,36.57458404,0.3657458404
0.0005397909021,laser0,100,36.58481249,0.3658481249
0.00054,laser0,100,36.59492412,0.3659492412
0.0005402083333,laser0,100,36.60230907,0.3660230907
0.0005404166667,laser0,100,36.60189483,0.3660189483
0.000540625,laser0,100,36.61174987,0.3661174987
0.0005408333333,laser0,100,36.62172929,0.3662172929
0.0005410416667,laser0,100,36.63937211,0.3663937211
0.00054125,laser0,100,36.64002996,0.3664002996
0.0005414583333,laser0,100,36.63341665,0.3663341665
0.0005416666667,laser0,100,36.64081223,0.3664081223
0.000541875,laser0,100,36.63868046,0.3663868046
0.0005420833333,laser0,100,36.65483211,0.3665483211
0.0005422916667,laser0,100,36.6647326,0.366647326
0.0005425,laser0,100,36.6450084,0.366450084
0.0005427083333,laser0,100,36.64745439,0.3664745439
0.0005429166667,laser0,100,36.66131493,0.3666131493
0.000543125,laser0,100,36.66319682,0.3666319682
0.0005433333333,laser0,100,36.66310983,0.3666310983
0.0005435416667,laser0,100,36.69177479,0.3669177479
0.00054375,laser0,100,36.70530519,0.3670530519
0.0005439583333,laser0,100,36.69182442,0.3669182442
0.0005441666667,laser0,100,36.6874721,0.366874721
0.000544375,laser0,100,36.70012498,0.3670012498
0.0005445833333,laser0,100,36.70289343,0.3670289343
0.0005447916667,laser0,100,36.69426872,0.3669426872
0.000545,laser0,100,36.69701349,0.3669701349
0.0005452083333,laser0,100,36.68767556,0.3668767556
0.0005454109589,laser0,100,36.68907112,0.3668907112
0.000545600427,laser0,100,36.68925259,0.3668925259
0.0005457850369,laser0,100,36.66417053,0.3666417053
0.0005459696468,laser0,100,36.64790411,0.3664790411
0.0005461542567,laser0,100,36.66844268,0.3666844268
0.0005463413613,laser0,100,36.67368664,0.3667368664
0.0005465210803,laser0,100,36.6634649,0.366634649
0.0005466984345,laser0,100,36.67848864,0.3667848864
0.0005468781854,laser0,100,36.70264342,0.3670264342
0.0005470604328,laser0,100,36.69757824,0.3669757824
0.0005472479627,laser0,100,36.70619135,0.3670619135
0.0005474382917,laser0,100,36.72256426,0.3672256426
0.0005476257798,laser0,100,36.72742651,0.3672742651
0.000547822196,laser0,100,36.72874116,0.3672874116
0.0005480251594,laser0,100,36.71432002,0.3671432002
0.0005482316222,laser0,100,36.73058022,0.3673058022
0.000548438085,laser0,100,36.73974223,0.3673974223
0.0005486445477,laser0,100,36.74217389,0.3674217389
0.0005488510105,laser0,100,36.76685603,0.3676685603
0.0005490574733,laser0,100,36.76844221,0.3676844221
0.000549263936,laser0,100,36.76870501,0.3676870501
0.0005494744471,laser0,100,36.76901129,0.3676901129
0.0005496808305,laser0,100,36.77655014,0.3677655014
0.0005498914258,laser0,100,36.74392359,0.3674392359
0.0005501020211,laser0,100,36.76181876,0.3676181876
0.0005503126164,laser0,100,36.77212656,0.3677212656
0.0005505232117,laser0,100,36.74944064,0.3674944064
0.0005507292288,laser0,100,36.75037619,0.3675037619
0.000550935246,laser0,100,36.74747412,0.3674747412
0.0005511412631,laser0,100,36.79279654,0.3679279654
0.0005513472802,laser0,100,36.78232526,0.3678232526
0.0005515532974,laser0,100,36.75912807,0.3675912807
0.0005517593145,laser0,100,36.74952351,0.3674952351
0.0005519653316,laser0,100,36.7401844,0.367401844
0.0005521713488,laser0,100,36.72256849,0.3672256849
0.0005523773659,laser0,100,36.74045311,0.3674045311
0.0005525833831,laser0,100,36.74836199,0.3674836199
0.0005527894002,laser0,100,36.78614258,0.3678614258
0.0005529954173,laser0,100,36.77394755,0.3677394755
0.0005532014345,laser0,100,36.77188793,0.3677188793
0.0005534074516,laser0,100,36.76657642,0.3676657642
0.0005536134687,laser0,100,36.75821005,0.3675821005
0.0005538194859,laser0,100,36.75686164,0.3675686164
0.000554025503,laser0,100,36.78362798,0.3678362798
0.0005542315202,laser0,100,36.77237438,0.3677237438
0.0005544375373,laser0,100,36.78158208,0.3678158208
0.0005546435544,laser0,100,36.76423606,0.3676423606
0.0005548495716,laser0,100,36.74011037,0.3674011037
0.0005550555887,laser0,100,36.72390976,0.3672390976
0.0005552616058,laser0,100,36.73243068,0.3673243068
0.000555467623,laser0,100,36.7226867,0.367226867
0.0005556736401,laser0,100,36.72033359,0.3672033359
0.0005558796573,laser0,100,36.71138407,0.3671138407
0.0005560856744,laser0,100,36.71172122,0.3671172122
0.0005562916915,laser0,100,36.71285265,0.3671285265
0.0005564977087,laser0,100,36.70596125,0.3670596125
0.0005567037258,laser0,100,36.71569972,0.3671569972
0.0005569097429,laser0,100,36.70115015,0.3670115015
0.0005571157601,laser0,100,36.68194965,0.3668194965
0.0005573217772,laser0,100,36.64181153,0.3664181153
0.0005575277944,laser0,100,36.68725813,0.3668725813
0.0005577338115,laser0,100,36.68765575,0.3668765575
0.0005579398286,laser0,100,36.69102814,0.3669102814
0.0005581458458,laser0,100,36.66132439,0.3666132439
0.0005583518629,laser0,100,36.67339583,0.3667339583
0.00055855788,laser0,100,36.67178401,0.3667178401
0.0005587638972,laser0,100,36.68005617,0.3668005617
0.0005589699143,laser0,100,36.68071131,0.3668071131
0.0005591759315,laser0,100,36.65368123,0.3665368123
0.0005593819486,laser0,100,36.67202792,0.3667202792
0.0005595879657,laser0,100,36.70288999,0.3670288999
0.0005597939829,laser0,100,36.69205537,0.3669205537
0.00056,laser0,100,36.69866009,0.3669866009
0.0005601960784,laser0,100,36.7025456,0.367025456
0.0005603902345,laser0,100,36.7018521,0.367018521
0.0005605843906,laser0,100,36.70963253,0.3670963253
0.0005607785467,laser0,100,36.70272667,0.3670272667
0.0005609707612,laser0,100,36.71261959,0.3671261959
0.0005611629758,laser0,100,36.70286445,0.3670286445
0.0005613551903,laser0,100,36.7187223,0.367187223
0.0005615474048,laser0,100,36.71986145,0.3671986145
0.0005617376378,laser0,100,36.73398989,0.3673398989
0.0005619278707,laser0,100,36.74465385,0.3674465385
0.0005621181037,laser0,100,36.73867233,0.3673867233
0.0005623083366,laser0,100,36.74025859,0.3674025859
0.0005624985695,laser0,100,36.75123744,0.3675123744
0.0005626888025,laser0,100,36.73638695,0.3673638695
0.0005628790354,laser0,100,36.74200659,0.3674200659
0.0005630692684,laser0,100,36.70752015,0.3670752015
0.0005632595013,laser0,100,36.69571378,0.3669571378
0.0005634497342,laser0,100,36.70429464,0.3670429464
0.0005636399672,laser0,100,36.69430111,0.3669430111
0.0005638302001,laser0,100,36.69919727,0.3669919727
0.0005640204331,laser0,100,36.68344536,0.3668344536
0.000564210666,laser0,100,36.69978062,0.3669978062
0.0005644008989,laser0,100,36.73007764,0.3673007764
0.0005645888399,laser0,100,36.72599909,0.3672599909
0.0005647767809,laser0,100,36.73349727,0.3673349727
0.0005649647219,laser0,100,36.73651009,0.3673651009
0.0005651526628,laser0,100,36.72204734,0.3672204734
0.0005653406038,laser0,100,36.7025379,0.367025379
0.0005655285448,laser0,100,36.70792326,0.3670792326
0.0005657164858,laser0,100,36.69251279,0.3669251279
0.0005659044268,laser0,100,36.71045083,0.3671045083
0.0005660923677,laser0,100,36.70244529,0.3670244529
0.0005662803087,laser0,100,36.70075039,0.3670075039
0.00056647086,laser0,100,36.70226615,0.3670226615
0.0005666614112,laser0,100,36.68493149,0.3668493149
0.0005668519625,laser0,100,36.68176678,0.3668176678
0.0005670425138,laser0,100,36.67942125,0.3667942125
0.000567233065,laser0,100,36.69031258,0.3669031258
0.0005674265035,laser0,100,36.68779092,0.3668779092
0.0005676199419,laser0,100,36.68873727,0.3668873727
0.0005678133803,laser0,100,36.67914023,0.3667914023
0.0005680068187,laser0,100,36.69183291,0.3669183291
0.0005682034282,laser0,100,36.6926425,0.366926425
0.0005684000377,laser0,100,36.66806286,0.3666806286
0.0005685966473,laser0,100,36.67956774,0.3667956774
0.0005687932568,laser0,100,36.6732793,0.366732793
0.0005689933772,laser0,100,36.69017842,0.3669017842
0.0005691934976,laser0,100,36.6786053,0.366786053
0.000569393618,laser0,100,36.68245672,0.3668245672
0.0005695937385,laser0,100,36.6815638,0.366815638
0.0005697938589,laser0,100,36.68707527,0.3668707527
0.0005699939793,laser0,100,36.6858926,0.366858926
0.0005701940997,laser0,100,36.66585018,0.3666585018
0.0005703942201,laser0,100,36.67482281,0.3667482281
0.0005705943405,laser0,100,36.66024362,0.3666024362
0.0005707944609,laser0,100,36.6617634,0.366617634
0.0005709990285,laser0,100,36.67125216,0.3667125216
0.000571203596,laser0,100,36.66190386,0.3666190386
0.0005714081635,laser0,100,36.65352026,0.3665352026
0.0005716127311,laser0,100,36.65762914,0.3665762914
0.0005718172986,laser0,100,36.66039958,0.3666039958
0.0005720218662,laser0,100,36.64540306,0.3664540306
0.0005722264337,laser0,100,36.65532117,0.3665532117
0.0005724310012,laser0,100,36.63729329,0.3663729329
0.0005726355688,laser0,100,36.62225046,0.3662225046
0.0005728401363,laser0,100,36.61838943,0.3661838943
0.0005730447038,laser0,100,36.60844772,0.3660844772
0.0005732492714,laser0,100,36.61114034,0.3661114034
0.0005734538389,laser0,100,36.62977913,0.3662977913
0.0005736584064,laser0,100,36.61472753,0.3661472753
0.000573862974,laser0,100,36.62238972,0.3662238972
0.0005740675415,laser0,100,36.61316183,0.3661316183
0.000574272109,laser0,100,36.59146836,0.3659146836
0.0005744766766,laser0,100,36.58528288,0.3658528288
0.0005746812441,laser0,100,36.58453581,0.3658453581
0.0005748782351,laser0,100,36.59742221,0.3659742221
0.000575075226,laser0,100,36.59293888,0.3659293888
0.000575272217,laser0,100,36.59620973,0.3659620973
0.0005754692079,laser0,100,36.58665603,0.3658665603
0.0005756661989,laser0,100,36.56694662,0.3656694662
0.0005758631899,laser0,100,36.56651526,0.3656651526
0.0005760601808,laser0,100,36.55360082,0.3655360082
0.0005762571718,laser0,100,36.5307829,0.365307829
0.0005764541627,laser0,100,36.54169306,0.3654169306
0.0005766511537,laser0,100,36.53984184,0.3653984184
0.0005768481447,laser0,100,36.54180312,0.3654180312
0.0005770451356,laser0,100,36.5518681,0.365518681
0.0005772421266,laser0,100,36.5300607,0.365300607
0.0005774391175,laser0,100,36.52284047,0.3652284047
0.0005776361085,laser0,100,36.52997042,0.3652997042
0.0005778330994,laser0,100,36.52758677,0.3652758677
0.0005780300904,laser0,100,36.51302744,0.3651302744
0.0005782270814,laser0,100,36.51260618,0.3651260618
0.0005784240723,laser0,100,36.50580881,0.3650580881
0.0005786210633,laser0,100,36.50579372,0.3650579372
0.0005788180542,laser0,100,36.50726985,0.3650726985
0.0005790150452,laser0,100,36.50106993,0.3650106993
0.0005792120362,laser0,100,36.49639019,0.3649639019
0.0005794090271,laser0,100,36.48209396,0.3648209396
0.0005796060181,laser0,100,36.47816106,0.3647816106
0.000579803009,laser0,100,36.47284965,0.3647284965
0.00058,laser0,100,36.46730394,0.3646730394
0.0005802061856,laser0,100,36.47145239,0.3647145239
0.0005804123711,laser0,100,36.47810528,0.3647810528
0.0005806185567,laser0,100,36.47905368,0.3647905368
0.0005808247423,laser0,100,36.45830087,0.3645830087
0.0005810309278,laser0,100,36.45305968,0.3645305968
0.0005812371134,laser0,100,36.45587223,0.3645587223
0.000581443299,laser0,100,36.47600376,0.3647600376
0.0005816494845,laser0,100,36.46951137,0.3646951137
0.0005818556701,laser0,100,36.47643879,0.3647643879
0.0005820618557,laser0,100,36.47109181,0.3647109181
0.0005822680412,laser0,100,36.49017212,0.3649017212
0.0005824742268,laser0,100,36.49472621,0.3649472621
0.0005826780149,laser0,100,36.51059873,0.3651059873
0.0005828818029,laser0,100,36.51700718,0.3651700718
0.000583085591,laser0,100,36.5284471,0.365284471
0.000583289379,laser0,100,36.54012503,0.3654012503
0.0005834931671,laser0,100,36.54491683,0.3654491683
0.0005836969552,laser0,100,36.5610494,0.365610494
0.0005839007432,laser0,100,36.5600355,0.365600355
0.0005841045313,laser0,100,36.56148673,0.3656148673
0.0005843109659,laser0,100,36.56355111,0.3656355111
0.0005845174006,laser0,100,36.5608795,0.365608795
0.0005847238353,laser0,100,36.58555882,0.3658555882
0.0005849302699,laser0,100,36.59052966,0.3659052966
0.0005851367046,laser0,100,36.59739198,0.3659739198
0.0005853431392,laser0,100,36.63900962,0.3663900962
0.0005855495739,laser0,100,36.63947293,0.3663947293
0.0005857560086,laser0,100,36.63976836,0.3663976836
0.0005859624432,laser0,100,36.68525011,0.3668525011
0.0005861688779,laser0,100,36.69511953,0.3669511953
0.0005863753125,laser0,100,36.69184067,0.3669184067
0.0005865817472,laser0,100,36.68014715,0.3668014715
0.0005867881818,laser0,100,36.6838076,0.366838076
0.0005869946165,laser0,100,36.72856145,0.3672856145
0.0005872010512,laser0,100,36.72227109,0.3672227109
0.0005874074858,laser0,100,36.73444963,0.3673444963
0.0005876139205,laser0,100,36.74596669,0.3674596669
0.0005878203551,laser0,100,36.74187553,0.3674187553
0.0005880267898,laser0,100,36.76071284,0.3676071284
0.0005882332245,laser0,100,36.7562523,0.367562523
0.0005884396591,laser0,100,36.74590859,0.3674590859
0.0005886460938,laser0,100,36.74574307,0.3674574307
0.0005888525284,laser0,100,36.74981315,0.3674981315
0.0005890589631,laser0,100,36.75093002,0.3675093002
0.0005892653978,laser0,100,36.7393491,0.367393491
0.0005894718324,laser0,100,36.76078169,0.3676078169
0.0005896782671,laser0,100,36.7644343,0.367644343
0.0005898847017,laser0,100,36.80527664,0.3680527664
0.0005900911364,laser0,100,36.84978842,0.3684978842
0.000590297571,laser0,100,36.84069957,0.3684069957
0.0005905040057,laser0,100,36.86037194,0.3686037194
0.0005907104404,laser0,100,36.8307634,0.368307634
0.000590916875,laser0,100,36.84277557,0.3684277557
0.0005911233097,laser0,100,36.81473754,0.3681473754
0.0005913297443,laser0,100,36.80699053,0.3680699053
0.000591536179,laser0,100,36.78779405,0.3678779405
0.0005917426137,laser0,100,36.78405819,0.3678405819
0.0005919490483,laser0,100,36.79528548,0.3679528548
0.000592155483,laser0,100,36.78312004,0.3678312004
0.0005923619176,laser0,100,36.77947197,0.3677947197
0.0005925683523,laser0,100,36.79012882,0.3679012882
0.0005927747869,laser0,100,36.78606333,0.3678606333
0.0005929812216,laser0,100,36.82467776,0.3682467776
0.0005931876563,laser0,100,36.82375826,0.3682375826
0.0005933940909,laser0,100,36.84232704,0.3684232704
0.0005936005256,laser0,100,36.85144646,0.3685144646
0.0005938069602,laser0,100,36.8468287,0.368468287
0.0005940133949,laser0,100,36.84325342,0.3684325342
0.0005942198296,laser0,100,36.83381242,0.3683381242
0.0005944262642,laser0,100,36.83358319,0.3683358319
0.0005946326989,laser0,100,36.82259815,0.3682259815
0.0005948391335,laser0,100,36.82445368,0.3682445368
0.0005950455682,laser0,100,36.83876431,0.3683876431
0.0005952520029,laser0,100,36.82995001,0.3682995001
0.0005954584375,laser0,100,36.79049867,0.3679049867
0.0005956648722,laser0,100,36.79500717,0.3679500717
0.0005958713068,laser0,100,36.81147958,0.3681147958
0.0005960777415,laser0,100,36.82404624,0.3682404624
0.0005962841761,laser0,100,36.84938449,0.3684938449
0.0005964906108,laser0,100,36.85932415,0.3685932415
0.0005966970455,laser0,100,36.85571077,0.3685571077
0.0005969034801,laser0,100,36.85727925,0.3685727925
0.0005970970126,laser0,100,36.84272226,0.3684272226
0.0005972905451,laser0,100,36.89104014,0.3689104014
0.0005974711754,laser0,100,36.87656815,0.3687656815
0.0005976657004,laser0,100,36.87493074,0.3687493074
0.0005978779095,laser0,100,36.83990732,0.3683990732
0.0005980901185,laser0,100,36.84009512,0.3684009512
0.0005983023276,laser0,100,36.82541499,0.3682541499
0.0005985145366,laser0,100,36.81478143,0.3681478143
0.0005987267457,laser0,100,36.78651427,0.3678651427
0.0005989389547,laser0,100,36.78970643,0.3678970643
0.0005991511638,laser0,100,36.81464165,0.3681464165
0.0005993633728,laser0,100,36.78924258,0.3678924258
0.0005995755819,laser0,100,36.79741863,0.3679741863
0.0005997877909,laser0,100,36.74000425,0.3674000425
0.0006,laser0,100,36.74420246,0.3674420246
1.199976e-09,laser0,100,395.5029948,3.955029948
1.199976e-09,laser0,100,36.33602011,0.3633602011
2.639981763e-09,laser0,100,36.33602011,0.3633602011
4.36791402e-09,laser0,100,36.33602011,0.3633602011
6.441504406e-09,laser0,100,36.33602011,0.3633602011
8.929812868e-09,laser0,100,36.33602011,0.3633602011
